epoch,lr-AdamW,step,test/auc,test/cold_auc,test/cold_hr@10,test/cold_hr@100,test/cold_hr@200,test/cold_hr@50,test/cold_mrr,test/cold_mrr_corrected,test/cold_ndcg@10,test/cold_ndcg@100,test/cold_ndcg@200,test/cold_ndcg@50,test/few_hr@10,test/few_hr@100,test/few_hr@200,test/few_hr@50,test/few_ndcg@10,test/few_ndcg@100,test/few_ndcg@200,test/few_ndcg@50,test/hr@10,test/hr@100,test/hr@200,test/hr@50,test/mrr,test/mrr_corrected,test/ndcg@10,test/ndcg@100,test/ndcg@200,test/ndcg@50,test/warm_auc,test/warm_hr@10,test/warm_hr@100,test/warm_hr@200,test/warm_hr@50,test/warm_mrr,test/warm_mrr_corrected,test/warm_ndcg@10,test/warm_ndcg@100,test/warm_ndcg@200,test/warm_ndcg@50,test/zero_hr@10,test/zero_hr@100,test/zero_hr@200,test/zero_hr@50,test/zero_ndcg@10,test/zero_ndcg@100,test/zero_ndcg@200,test/zero_ndcg@50,train/loss_epoch,train/loss_step,val/auc,val/cold_auc,val/cold_hr@10,val/cold_hr@100,val/cold_hr@200,val/cold_hr@50,val/cold_mrr,val/cold_mrr_corrected,val/cold_ndcg@10,val/cold_ndcg@100,val/cold_ndcg@200,val/cold_ndcg@50,val/few_hr@10,val/few_hr@100,val/few_hr@200,val/few_hr@50,val/few_ndcg@10,val/few_ndcg@100,val/few_ndcg@200,val/few_ndcg@50,val/hr@10,val/hr@100,val/hr@200,val/hr@50,val/mrr,val/mrr_corrected,val/ndcg@10,val/ndcg@100,val/ndcg@200,val/ndcg@50,val/warm_auc,val/warm_hr@10,val/warm_hr@100,val/warm_hr@200,val/warm_hr@50,val/warm_mrr,val/warm_mrr_corrected,val/warm_ndcg@10,val/warm_ndcg@100,val/warm_ndcg@200,val/warm_ndcg@50,val/zero_hr@10,val/zero_hr@100,val/zero_hr@200,val/zero_hr@50,val/zero_ndcg@10,val/zero_ndcg@100,val/zero_ndcg@200,val/zero_ndcg@50
0,,47,,,,,,,,,,,,,,,,,,,,,,,,,,,,,,,,,,,,,,,,,,,,,,,,,,,,0.7116726636886597,0.5931801199913025,0.0,0.04954128339886665,0.09541284292936325,0.00917431153357029,0.005634177941828966,0.0011337446048855782,0.0,0.008261596783995628,0.014595500193536282,0.001779016456566751,0.0,0.0,0.0,0.0,0.0,0.0,0.0,0.0,0.01870860904455185,0.14139072597026825,0.216059610247612,0.08592715114355087,0.013498242013156414,0.009598040953278542,0.008629747666418552,0.03160881623625755,0.042072705924510956,0.022659245878458023,0.7234249114990234,0.02056414820253849,0.15050044655799866,0.22802546620368958,0.09353958070278168,0.014278207905590534,0.010437537916004658,0.009485654532909393,0.0339244119822979,0.04479792341589928,0.024730170145630836,0.0,0.04936014860868454,0.09506398439407349,0.009140768088400364,0.0,0.00823139026761055,0.014542133547365665,0.0017725118668749928
0,,47,,,,,,,,,,,,,,,,,,,,,,,,,,,,,,,,,,,,,,,,,,,,,,,,,,4.715702533721924,,,,,,,,,,,,,,,,,,,,,,,,,,,,,,,,,,,,,,,,,,,,,,,,,,
,0.001,49,,,,,,,,,,,,,,,,,,,,,,,,,,,,,,,,,,,,,,,,,,,,,,,,,,,,,,,,,,,,,,,,,,,,,,,,,,,,,,,,,,,,,,,,,,,,,,,,,,,,
1,,49,,,,,,,,,,,,,,,,,,,,,,,,,,,,,,,,,,,,,,,,,,,,,,,,,,,4.508396148681641,,,,,,,,,,,,,,,,,,,,,,,,,,,,,,,,,,,,,,,,,,,,,,,,,
1,,95,,,,,,,,,,,,,,,,,,,,,,,,,,,,,,,,,,,,,,,,,,,,,,,,,,,,0.7645779848098755,0.5939600467681885,0.0,0.020183486863970757,0.04403669759631157,0.0,0.005201586987823248,0.00044555062777362764,0.0,0.0032241414301097393,0.006585410796105862,0.0,0.0,0.0,0.0,0.0,0.0,0.0,0.0,0.0,0.03758278116583824,0.20264901220798492,0.30115893483161926,0.1304635852575302,0.021206028759479523,0.01772920973598957,0.01799679920077324,0.04944632947444916,0.06317754834890366,0.037817105650901794,0.7815000414848328,0.041310280561447144,0.22074612975120544,0.3266606032848358,0.143403097987175,0.022793367505073547,0.019443420693278313,0.01978174038231373,0.05403069779276848,0.06879042088985443,0.0415678434073925,0.0,0.020109690725803375,0.04387568682432175,0.0,0.0,0.0032123529817909002,0.00656133284792304,0.0
1,,95,,,,,,,,,,,,,,,,,,,,,,,,,,,,,,,,,,,,,,,,,,,,,,,,,,4.390300273895264,,,,,,,,,,,,,,,,,,,,,,,,,,,,,,,,,,,,,,,,,,,,,,,,,,
,0.001,99,,,,,,,,,,,,,,,,,,,,,,,,,,,,,,,,,,,,,,,,,,,,,,,,,,,,,,,,,,,,,,,,,,,,,,,,,,,,,,,,,,,,,,,,,,,,,,,,,,,,
2,,99,,,,,,,,,,,,,,,,,,,,,,,,,,,,,,,,,,,,,,,,,,,,,,,,,,,4.201196670532227,,,,,,,,,,,,,,,,,,,,,,,,,,,,,,,,,,,,,,,,,,,,,,,,,
2,,143,,,,,,,,,,,,,,,,,,,,,,,,,,,,,,,,,,,,,,,,,,,,,,,,,,,,0.8001942038536072,0.5815922617912292,0.0036697247996926308,0.01834862306714058,0.04220183566212654,0.0073394495993852615,0.007622914854437113,0.002857750281691551,0.002752293599769473,0.005209042690694332,0.008501864969730377,0.0034680780954658985,0.0,0.0,0.0,0.0,0.0,0.0,0.0,0.0,0.045695364475250244,0.22003310918807983,0.33692052960395813,0.14188742637634277,0.024067271500825882,0.020768366754055023,0.02192891202867031,0.05505336448550224,0.07132720947265625,0.042447011917829514,0.821875274181366,0.049863509833812714,0.24003639817237854,0.36615103483200073,0.1552320271730423,0.025698235258460045,0.022544758394360542,0.02383086457848549,0.05999698117375374,0.07755828648805618,0.046312980353832245,0.0036563072353601456,0.018281536176800728,0.04204753413796425,0.007312614470720291,0.002742230426520109,0.005189997144043446,0.008470780216157436,0.0034553976729512215
2,,143,,,,,,,,,,,,,,,,,,,,,,,,,,,,,,,,,,,,,,,,,,,,,,,,,,4.1294660568237305,,,,,,,,,,,,,,,,,,,,,,,,,,,,,,,,,,,,,,,,,,,,,,,,,,
,0.001,149,,,,,,,,,,,,,,,,,,,,,,,,,,,,,,,,,,,,,,,,,,,,,,,,,,,,,,,,,,,,,,,,,,,,,,,,,,,,,,,,,,,,,,,,,,,,,,,,,,,,
3,,149,,,,,,,,,,,,,,,,,,,,,,,,,,,,,,,,,,,,,,,,,,,,,,,,,,,4.0732927322387695,,,,,,,,,,,,,,,,,,,,,,,,,,,,,,,,,,,,,,,,,,,,,,,,,
3,,191,,,,,,,,,,,,,,,,,,,,,,,,,,,,,,,,,,,,,,,,,,,,,,,,,,,,0.8079325556755066,0.5819938778877258,0.0036697247996926308,0.020183486863970757,0.055045872926712036,0.012844037264585495,0.007773059885948896,0.003071795217692852,0.002752293599769473,0.005702780559659004,0.010581283830106258,0.004552628844976425,0.0,0.0,0.0,0.0,0.0,0.0,0.0,0.0,0.04867549613118172,0.2349337786436081,0.35132449865341187,0.15215231478214264,0.025623438879847527,0.02239619381725788,0.02351219207048416,0.059050969779491425,0.07529044151306152,0.045677442103624344,0.8303413987159729,0.05313921719789505,0.25623294711112976,0.3807097375392914,0.16596905887126923,0.027393855154514313,0.024312809109687805,0.025571180507540703,0.06434209644794464,0.08170836418867111,0.0497562475502491,0.0036563072353601456,0.020109690725803375,0.05484461039304733,0.01279707532376051,0.002742230426520109,0.005681929644197226,0.010542594827711582,0.004535982850939035
3,,191,,,,,,,,,,,,,,,,,,,,,,,,,,,,,,,,,,,,,,,,,,,,,,,,,,3.98467755317688,,,,,,,,,,,,,,,,,,,,,,,,,,,,,,,,,,,,,,,,,,,,,,,,,,
,0.001,199,,,,,,,,,,,,,,,,,,,,,,,,,,,,,,,,,,,,,,,,,,,,,,,,,,,,,,,,,,,,,,,,,,,,,,,,,,,,,,,,,,,,,,,,,,,,,,,,,,,,
4,,199,,,,,,,,,,,,,,,,,,,,,,,,,,,,,,,,,,,,,,,,,,,,,,,,,,,3.970637559890747,,,,,,,,,,,,,,,,,,,,,,,,,,,,,,,,,,,,,,,,,,,,,,,,,
4,,239,,,,,,,,,,,,,,,,,,,,,,,,,,,,,,,,,,,,,,,,,,,,,,,,,,,,0.8162391781806946,0.5910441875457764,0.005504587199538946,0.031192660331726074,0.055045872926712036,0.011009174399077892,0.007920104078948498,0.0032188394106924534,0.0032786857336759567,0.007562142331153154,0.010991926304996014,0.004335296340286732,0.0,0.0,0.0,0.0,0.0,0.0,0.0,0.0,0.055960264056921005,0.2589403986930847,0.3788079619407654,0.17334437370300293,0.02630074881017208,0.02321024052798748,0.025185134261846542,0.06432565301656723,0.08106254786252975,0.05050889775156975,0.838574230670929,0.06096451357007027,0.28152865171432495,0.4109190106391907,0.18944494426250458,0.028123758733272552,0.02519300766289234,0.027357839047908783,0.06995552033185959,0.0880122259259224,0.05508844181895256,0.005484460853040218,0.031078610569238663,0.05484461039304733,0.010968921706080437,0.00326669798232615,0.007534492760896683,0.010951736010611057,0.004319445230066776
4,,239,,,,,,,,,,,,,,,,,,,,,,,,,,,,,,,,,,,,,,,,,,,,,,,,,,3.8869991302490234,,,,,,,,,,,,,,,,,,,,,,,,,,,,,,,,,,,,,,,,,,,,,,,,,,
,0.001,249,,,,,,,,,,,,,,,,,,,,,,,,,,,,,,,,,,,,,,,,,,,,,,,,,,,,,,,,,,,,,,,,,,,,,,,,,,,,,,,,,,,,,,,,,,,,,,,,,,,,
5,,249,,,,,,,,,,,,,,,,,,,,,,,,,,,,,,,,,,,,,,,,,,,,,,,,,,,3.849132776260376,,,,,,,,,,,,,,,,,,,,,,,,,,,,,,,,,,,,,,,,,,,,,,,,,
5,,287,,,,,,,,,,,,,,,,,,,,,,,,,,,,,,,,,,,,,,,,,,,,,,,,,,,,0.8216708898544312,0.6012134552001953,0.005504587199538946,0.0330275222659111,0.056880734860897064,0.023853210732340813,0.009498401544988155,0.004806264769285917,0.004248559474945068,0.009381761774420738,0.012741345912218094,0.007906198501586914,0.0,0.0,0.0,0.0,0.0,0.0,0.0,0.0,0.06639073044061661,0.2821192145347595,0.4001655578613281,0.19221854209899902,0.03046344593167305,0.02747919410467148,0.030756354331970215,0.07216992974281311,0.08865034580230713,0.0576021708548069,0.8435360193252563,0.07242947816848755,0.30682438611984253,0.43421292304992676,0.20891720056533813,0.03254278004169464,0.029727919027209282,0.033385418355464935,0.07839731872081757,0.0961790606379509,0.06253106892108917,0.005484460853040218,0.03290676325559616,0.05667276307940483,0.02376599609851837,0.0042330254800617695,0.009347459301352501,0.012694761157035828,0.007877291180193424
5,,287,,,,,,,,,,,,,,,,,,,,,,,,,,,,,,,,,,,,,,,,,,,,,,,,,,3.8193349838256836,,,,,,,,,,,,,,,,,,,,,,,,,,,,,,,,,,,,,,,,,,,,,,,,,,
,0.001,299,,,,,,,,,,,,,,,,,,,,,,,,,,,,,,,,,,,,,,,,,,,,,,,,,,,,,,,,,,,,,,,,,,,,,,,,,,,,,,,,,,,,,,,,,,,,,,,,,,,,
6,,299,,,,,,,,,,,,,,,,,,,,,,,,,,,,,,,,,,,,,,,,,,,,,,,,,,,3.7832448482513428,,,,,,,,,,,,,,,,,,,,,,,,,,,,,,,,,,,,,,,,,,,,,,,,,
6,,335,,,,,,,,,,,,,,,,,,,,,,,,,,,,,,,,,,,,,,,,,,,,,,,,,,,,0.8242548108100891,0.6028659343719482,0.0073394495993852615,0.04036697372794151,0.0660550445318222,0.027522936463356018,0.0074159218929708,0.0027694294694811106,0.002894003177061677,0.009230941534042358,0.012762097641825676,0.007127187214791775,0.0,0.0,0.0,0.0,0.0,0.0,0.0,0.0,0.06986755132675171,0.3016556203365326,0.4129139184951782,0.20993377268314362,0.03309061750769615,0.030169794335961342,0.03305817395448685,0.0780462995171547,0.09360367804765701,0.06316996365785599,0.8462124466896057,0.07606915384531021,0.32757049798965454,0.4473157227039337,0.22802546620368958,0.035637062042951584,0.03288738802075386,0.03604988753795624,0.08487148582935333,0.10162164270877838,0.06872835010290146,0.007312614470720291,0.04021938145160675,0.06581352651119232,0.027422305196523666,0.0028834219556301832,0.009197190403938293,0.012715435586869717,0.007101127877831459
6,,335,,,,,,,,,,,,,,,,,,,,,,,,,,,,,,,,,,,,,,,,,,,,,,,,,,3.763618230819702,,,,,,,,,,,,,,,,,,,,,,,,,,,,,,,,,,,,,,,,,,,,,,,,,,
,0.001,349,,,,,,,,,,,,,,,,,,,,,,,,,,,,,,,,,,,,,,,,,,,,,,,,,,,,,,,,,,,,,,,,,,,,,,,,,,,,,,,,,,,,,,,,,,,,,,,,,,,,
7,,349,,,,,,,,,,,,,,,,,,,,,,,,,,,,,,,,,,,,,,,,,,,,,,,,,,,3.6299526691436768,,,,,,,,,,,,,,,,,,,,,,,,,,,,,,,,,,,,,,,,,,,,,,,,,
7,,383,,,,,,,,,,,,,,,,,,,,,,,,,,,,,,,,,,,,,,,,,,,,,,,,,,,,0.8254551291465759,0.5975794196128845,0.0036697247996926308,0.04036697372794151,0.06422018259763718,0.023853210732340813,0.006818035151809454,0.002162414137274027,0.0014478253433480859,0.008562852628529072,0.011920700781047344,0.0058996472507715225,0.0,0.0,0.0,0.0,0.0,0.0,0.0,0.0,0.07682119309902191,0.3051324486732483,0.4220198690891266,0.21539735794067383,0.0370284803211689,0.034152958542108536,0.037936143577098846,0.0820549800992012,0.0984029620885849,0.06754198670387268,0.8480560779571533,0.08407643437385559,0.33139216899871826,0.45750680565834045,0.2343948930501938,0.040024783462285995,0.03732581436634064,0.041555095463991165,0.08934400975704193,0.1069803535938263,0.07365573942661285,0.0036563072353601456,0.04021938145160675,0.06398537755012512,0.02376599609851837,0.0014425317058339715,0.008531544357538223,0.01187711488455534,0.005878076888620853
7,,383,,,,,,,,,,,,,,,,,,,,,,,,,,,,,,,,,,,,,,,,,,,,,,,,,,3.7126572132110596,,,,,,,,,,,,,,,,,,,,,,,,,,,,,,,,,,,,,,,,,,,,,,,,,,
,0.001,399,,,,,,,,,,,,,,,,,,,,,,,,,,,,,,,,,,,,,,,,,,,,,,,,,,,,,,,,,,,,,,,,,,,,,,,,,,,,,,,,,,,,,,,,,,,,,,,,,,,,
8,,399,,,,,,,,,,,,,,,,,,,,,,,,,,,,,,,,,,,,,,,,,,,,,,,,,,,3.6842846870422363,,,,,,,,,,,,,,,,,,,,,,,,,,,,,,,,,,,,,,,,,,,,,,,,,
8,,431,,,,,,,,,,,,,,,,,,,,,,,,,,,,,,,,,,,,,,,,,,,,,,,,,,,,0.826714038848877,0.597858726978302,0.005504587199538946,0.0330275222659111,0.0660550445318222,0.020183486863970757,0.006697814911603928,0.0020513227209448814,0.001954201841726899,0.007309996988624334,0.011922206729650497,0.005209902301430702,0.0,0.0,0.0,0.0,0.0,0.0,0.0,0.0,0.08245033025741577,0.32036423683166504,0.4293046295642853,0.22897350788116455,0.039783068001270294,0.03694378584623337,0.04101359099149704,0.08733727037906647,0.10253182798624039,0.07253335416316986,0.849412202835083,0.09008189290761948,0.34886258840560913,0.46533212065696716,0.2496815174818039,0.04306449368596077,0.04040445759892464,0.04488753899931908,0.09527446329593658,0.11151858419179916,0.07921057194471359,0.005484460853040218,0.03290676325559616,0.06581352651119232,0.020109690725803375,0.0019470567349344492,0.007283269427716732,0.01187861431390047,0.0051908534951508045
8,,431,,,,,,,,,,,,,,,,,,,,,,,,,,,,,,,,,,,,,,,,,,,,,,,,,,3.6657986640930176,,,,,,,,,,,,,,,,,,,,,,,,,,,,,,,,,,,,,,,,,,,,,,,,,,
,0.001,449,,,,,,,,,,,,,,,,,,,,,,,,,,,,,,,,,,,,,,,,,,,,,,,,,,,,,,,,,,,,,,,,,,,,,,,,,,,,,,,,,,,,,,,,,,,,,,,,,,,,
9,,449,,,,,,,,,,,,,,,,,,,,,,,,,,,,,,,,,,,,,,,,,,,,,,,,,,,3.7295219898223877,,,,,,,,,,,,,,,,,,,,,,,,,,,,,,,,,,,,,,,,,,,,,,,,,
9,,479,,,,,,,,,,,,,,,,,,,,,,,,,,,,,,,,,,,,,,,,,,,,,,,,,,,,0.8274031281471252,0.5958752632141113,0.0036697247996926308,0.03486238420009613,0.06422018259763718,0.01834862306714058,0.006492761429399252,0.0018371407641097903,0.0014438234502449632,0.007264728657901287,0.011315399780869484,0.004620097577571869,0.0,0.0,0.0,0.0,0.0,0.0,0.0,0.0,0.09122516959905624,0.3263245224952698,0.43675497174263,0.23096026480197906,0.04402957111597061,0.04122735932469368,0.04636814445257187,0.09215182811021805,0.10760878026485443,0.07673142105340958,0.8503663539886475,0.09990900754928589,0.35523203015327454,0.4737033545970917,0.2520473003387451,0.047752510756254196,0.04513411968946457,0.05082378536462784,0.10057102143764496,0.11715925484895706,0.08388350158929825,0.0036563072353601456,0.03473491966724396,0.06398537755012512,0.018281536176800728,0.0014385443646460772,0.007238166872411966,0.01127402763813734,0.004603205248713493
9,,479,,,,,,,,,,,,,,,,,,,,,,,,,,,,,,,,,,,,,,,,,,,,,,,,,,3.6232309341430664,,,,,,,,,,,,,,,,,,,,,,,,,,,,,,,,,,,,,,,,,,,,,,,,,,
,0.001,499,,,,,,,,,,,,,,,,,,,,,,,,,,,,,,,,,,,,,,,,,,,,,,,,,,,,,,,,,,,,,,,,,,,,,,,,,,,,,,,,,,,,,,,,,,,,,,,,,,,,
10,,499,,,,,,,,,,,,,,,,,,,,,,,,,,,,,,,,,,,,,,,,,,,,,,,,,,,3.559176445007324,,,,,,,,,,,,,,,,,,,,,,,,,,,,,,,,,,,,,,,,,,,,,,,,,
10,,527,,,,,,,,,,,,,,,,,,,,,,,,,,,,,,,,,,,,,,,,,,,,,,,,,,,,0.8300998210906982,0.6012759208679199,0.005504587199538946,0.04220183566212654,0.07339449226856232,0.020183486863970757,0.007853598333895206,0.003243620041757822,0.0030251604039222,0.009552734903991222,0.013831709511578083,0.006044967565685511,0.0,0.0,0.0,0.0,0.0,0.0,0.0,0.0,0.09784768521785736,0.3486754894256592,0.4509933888912201,0.2561258375644684,0.04689119756221771,0.044159822165966034,0.04966767132282257,0.09889878332614899,0.11319927871227264,0.083919957280159,0.8527947664260864,0.10700637102127075,0.3790718615055084,0.4884440302848816,0.27952682971954346,0.05076298117637634,0.04821792617440224,0.05429372936487198,0.10776020586490631,0.12305466830730438,0.09164368361234665,0.005484460853040218,0.04204753413796425,0.07312614470720291,0.020109690725803375,0.0030140995513647795,0.009517807513475418,0.013781136833131313,0.006022865418344736
10,,527,,,,,,,,,,,,,,,,,,,,,,,,,,,,,,,,,,,,,,,,,,,,,,,,,,3.5889852046966553,,,,,,,,,,,,,,,,,,,,,,,,,,,,,,,,,,,,,,,,,,,,,,,,,,
,0.001,549,,,,,,,,,,,,,,,,,,,,,,,,,,,,,,,,,,,,,,,,,,,,,,,,,,,,,,,,,,,,,,,,,,,,,,,,,,,,,,,,,,,,,,,,,,,,,,,,,,,,
11,,549,,,,,,,,,,,,,,,,,,,,,,,,,,,,,,,,,,,,,,,,,,,,,,,,,,,3.6122963428497314,,,,,,,,,,,,,,,,,,,,,,,,,,,,,,,,,,,,,,,,,,,,,,,,,
11,,575,,,,,,,,,,,,,,,,,,,,,,,,,,,,,,,,,,,,,,,,,,,,,,,,,,,,0.8317567110061646,0.5947276949882507,0.0073394495993852615,0.03486238420009613,0.056880734860897064,0.01834862306714058,0.0068644084967672825,0.00217227335087955,0.002830078359693289,0.007426207885146141,0.010536274872720242,0.004866441711783409,0.0,0.0,0.0,0.0,0.0,0.0,0.0,0.0,0.10082781314849854,0.3564569652080536,0.46009933948516846,0.25629138946533203,0.0499531626701355,0.047267090529203415,0.052549973130226135,0.10265900939702988,0.1171034574508667,0.0864790603518486,0.8552654385566711,0.11010009050369263,0.38835304975509644,0.5000909566879272,0.2798908054828644,0.054226748645305634,0.0517396405339241,0.05748124420642853,0.11210429668426514,0.12767291069030762,0.094573475420475,0.007312614470720291,0.03473491966724396,0.05667276307940483,0.018281536176800728,0.0028197309002280235,0.007399055175483227,0.010497750714421272,0.00484864879399538
11,,575,,,,,,,,,,,,,,,,,,,,,,,,,,,,,,,,,,,,,,,,,,,,,,,,,,3.5585646629333496,,,,,,,,,,,,,,,,,,,,,,,,,,,,,,,,,,,,,,,,,,,,,,,,,,
,0.001,599,,,,,,,,,,,,,,,,,,,,,,,,,,,,,,,,,,,,,,,,,,,,,,,,,,,,,,,,,,,,,,,,,,,,,,,,,,,,,,,,,,,,,,,,,,,,,,,,,,,,
12,,599,,,,,,,,,,,,,,,,,,,,,,,,,,,,,,,,,,,,,,,,,,,,,,,,,,,3.5027709007263184,,,,,,,,,,,,,,,,,,,,,,,,,,,,,,,,,,,,,,,,,,,,,,,,,
12,,623,,,,,,,,,,,,,,,,,,,,,,,,,,,,,,,,,,,,,,,,,,,,,,,,,,,,0.8316189646720886,0.5975489020347595,0.00917431153357029,0.029357798397541046,0.06422018259763718,0.011009174399077892,0.007259655278176069,0.002604033565148711,0.003625779412686825,0.007033318281173706,0.011931950226426125,0.00401166919618845,0.0,0.0,0.0,0.0,0.0,0.0,0.0,0.0,0.10546357929706573,0.35364240407943726,0.4544702172279358,0.2680463492870331,0.0508185476064682,0.04810447618365288,0.05433095619082451,0.10354670137166977,0.11761581897735596,0.08968780934810638,0.854834258556366,0.11501364409923553,0.38580527901649475,0.49317559599876404,0.2935395836830139,0.055138763040304184,0.052617259323596954,0.059359949082136154,0.11311899125576019,0.12809765338897705,0.09818526357412338,0.009140768088400364,0.029250457882881165,0.06398537755012512,0.010968921706080437,0.0036125225014984608,0.0070076026022434235,0.011888325214385986,0.003997001331299543
12,,623,,,,,,,,,,,,,,,,,,,,,,,,,,,,,,,,,,,,,,,,,,,,,,,,,,3.5337157249450684,,,,,,,,,,,,,,,,,,,,,,,,,,,,,,,,,,,,,,,,,,,,,,,,,,
,0.001,649,,,,,,,,,,,,,,,,,,,,,,,,,,,,,,,,,,,,,,,,,,,,,,,,,,,,,,,,,,,,,,,,,,,,,,,,,,,,,,,,,,,,,,,,,,,,,,,,,,,,
13,,649,,,,,,,,,,,,,,,,,,,,,,,,,,,,,,,,,,,,,,,,,,,,,,,,,,,3.4668877124786377,,,,,,,,,,,,,,,,,,,,,,,,,,,,,,,,,,,,,,,,,,,,,,,,,
13,,671,,,,,,,,,,,,,,,,,,,,,,,,,,,,,,,,,,,,,,,,,,,,,,,,,,,,0.8326223492622375,0.593529999256134,0.0073394495993852615,0.02568807452917099,0.06238532066345215,0.01651376113295555,0.006803066004067659,0.002138316398486495,0.002664023544639349,0.006182752549648285,0.01133574079722166,0.004705830477178097,0.0,0.0,0.0,0.0,0.0,0.0,0.0,0.0,0.10894040018320084,0.3576158881187439,0.46043047308921814,0.2650662362575531,0.05318928137421608,0.05050485581159592,0.05707879737019539,0.10612566769123077,0.12049385160207748,0.09110531210899353,0.8563358187675476,0.11901728808879852,0.3905368447303772,0.499908983707428,0.2897179126739502,0.05778991058468819,0.05530189350247383,0.06247570738196373,0.11603810638189316,0.1313202679157257,0.09967450797557831,0.007312614470720291,0.02559415064752102,0.062157221138477325,0.01645338162779808,0.0026542830746620893,0.006160146556794643,0.011294294148683548,0.004688624758273363
13,,671,,,,,,,,,,,,,,,,,,,,,,,,,,,,,,,,,,,,,,,,,,,,,,,,,,3.508793354034424,,,,,,,,,,,,,,,,,,,,,,,,,,,,,,,,,,,,,,,,,,,,,,,,,,
,0.001,699,,,,,,,,,,,,,,,,,,,,,,,,,,,,,,,,,,,,,,,,,,,,,,,,,,,,,,,,,,,,,,,,,,,,,,,,,,,,,,,,,,,,,,,,,,,,,,,,,,,,
14,,699,,,,,,,,,,,,,,,,,,,,,,,,,,,,,,,,,,,,,,,,,,,,,,,,,,,3.435210704803467,,,,,,,,,,,,,,,,,,,,,,,,,,,,,,,,,,,,,,,,,,,,,,,,,
14,,719,,,,,,,,,,,,,,,,,,,,,,,,,,,,,,,,,,,,,,,,,,,,,,,,,,,,0.834540843963623,0.5933178067207336,0.011009174399077892,0.0330275222659111,0.06972476840019226,0.01834862306714058,0.007917400449514389,0.00328916497528553,0.004520553629845381,0.008386476896703243,0.013540676794946194,0.006075555458664894,0.0,0.0,0.0,0.0,0.0,0.0,0.0,0.0,0.11605960130691528,0.37284767627716064,0.4756622612476349,0.2804635763168335,0.05514293909072876,0.05253429338335991,0.05999589338898659,0.11072845757007599,0.12510345876216888,0.09576579183340073,0.8584654927253723,0.12647861242294312,0.40655139088630676,0.5159235596656799,0.3064604103565216,0.059826821088790894,0.05741848051548004,0.0654979944229126,0.12087883055210114,0.13616837561130524,0.10466136038303375,0.010968921706080437,0.03290676325559616,0.06946983933448792,0.018281536176800728,0.00450402544811368,0.008355814032256603,0.013491167686879635,0.006053341086953878
14,,719,,,,,,,,,,,,,,,,,,,,,,,,,,,,,,,,,,,,,,,,,,,,,,,,,,3.489276647567749,,,,,,,,,,,,,,,,,,,,,,,,,,,,,,,,,,,,,,,,,,,,,,,,,,
,0.001,749,,,,,,,,,,,,,,,,,,,,,,,,,,,,,,,,,,,,,,,,,,,,,,,,,,,,,,,,,,,,,,,,,,,,,,,,,,,,,,,,,,,,,,,,,,,,,,,,,,,,
15,,749,,,,,,,,,,,,,,,,,,,,,,,,,,,,,,,,,,,,,,,,,,,,,,,,,,,3.5110373497009277,,,,,,,,,,,,,,,,,,,,,,,,,,,,,,,,,,,,,,,,,,,,,,,,,
15,,767,,,,,,,,,,,,,,,,,,,,,,,,,,,,,,,,,,,,,,,,,,,,,,,,,,,,0.834221601486206,0.5834600329399109,0.0073394495993852615,0.0330275222659111,0.06422018259763718,0.01834862306714058,0.007408087141811848,0.002752465894445777,0.0030970328953117132,0.007860638201236725,0.01225263997912407,0.005567912943661213,0.0,0.0,0.0,0.0,0.0,0.0,0.0,0.0,0.11854305118322372,0.369536429643631,0.4683775007724762,0.2809602618217468,0.05677312985062599,0.054128240793943405,0.06200893968343735,0.11161968111991882,0.1254153996706009,0.09725949168205261,0.8590924143791199,0.129572331905365,0.4029117226600647,0.5084622502326965,0.3070063591003418,0.061669204384088516,0.05922374501824379,0.06785188615322113,0.12191060930490494,0.13663899898529053,0.10635356605052948,0.007312614470720291,0.03290676325559616,0.06398537755012512,0.018281536176800728,0.0030857091769576073,0.007831897586584091,0.01220784056931734,0.005547555163502693
15,,767,,,,,,,,,,,,,,,,,,,,,,,,,,,,,,,,,,,,,,,,,,,,,,,,,,3.47043514251709,,,,,,,,,,,,,,,,,,,,,,,,,,,,,,,,,,,,,,,,,,,,,,,,,,
,0.001,799,,,,,,,,,,,,,,,,,,,,,,,,,,,,,,,,,,,,,,,,,,,,,,,,,,,,,,,,,,,,,,,,,,,,,,,,,,,,,,,,,,,,,,,,,,,,,,,,,,,,
16,,799,,,,,,,,,,,,,,,,,,,,,,,,,,,,,,,,,,,,,,,,,,,,,,,,,,,3.599816083908081,,,,,,,,,,,,,,,,,,,,,,,,,,,,,,,,,,,,,,,,,,,,,,,,,
16,,815,,,,,,,,,,,,,,,,,,,,,,,,,,,,,,,,,,,,,,,,,,,,,,,,,,,,0.8372868895530701,0.5894169807434082,0.00917431153357029,0.031192660331726074,0.06972476840019226,0.020183486863970757,0.00913271028548479,0.0045044757425785065,0.004911334719508886,0.009008027613162994,0.014351063407957554,0.0072283027693629265,0.0,0.0,0.0,0.0,0.0,0.0,0.0,0.0,0.12698675692081451,0.3892384171485901,0.4819536507129669,0.2981788218021393,0.05951002985239029,0.056932684034109116,0.06583087146282196,0.11781588196754456,0.13080117106437683,0.10299336165189743,0.8618708848953247,0.13867151737213135,0.4247497618198395,0.5228389501571655,0.3257506787776947,0.06450650840997696,0.0621325708925724,0.07187293469905853,0.12860757112503052,0.14235082268714905,0.11249144375324249,0.009140768088400364,0.031078610569238663,0.06946983933448792,0.020109690725803375,0.004893377423286438,0.008975092321634293,0.014298590831458569,0.007201874163001776
16,,815,,,,,,,,,,,,,,,,,,,,,,,,,,,,,,,,,,,,,,,,,,,,,,,,,,3.4539551734924316,,,,,,,,,,,,,,,,,,,,,,,,,,,,,,,,,,,,,,,,,,,,,,,,,,
,0.001,849,,,,,,,,,,,,,,,,,,,,,,,,,,,,,,,,,,,,,,,,,,,,,,,,,,,,,,,,,,,,,,,,,,,,,,,,,,,,,,,,,,,,,,,,,,,,,,,,,,,,
17,,849,,,,,,,,,,,,,,,,,,,,,,,,,,,,,,,,,,,,,,,,,,,,,,,,,,,3.460775375366211,,,,,,,,,,,,,,,,,,,,,,,,,,,,,,,,,,,,,,,,,,,,,,,,,
17,,863,,,,,,,,,,,,,,,,,,,,,,,,,,,,,,,,,,,,,,,,,,,,,,,,,,,,0.836077868938446,0.5852426886558533,0.00917431153357029,0.029357798397541046,0.05871559679508209,0.020183486863970757,0.007135980762541294,0.002452973509207368,0.003395726904273033,0.0070990631356835365,0.011290966533124447,0.0056078326888382435,0.0,0.0,0.0,0.0,0.0,0.0,0.0,0.0,0.1261589378118515,0.3738410770893097,0.47433775663375854,0.2870860993862152,0.060993924736976624,0.058378688991069794,0.06706958264112473,0.11619161814451218,0.1302274763584137,0.1021285131573677,0.8609559535980225,0.13776159286499023,0.40800726413726807,0.5155596137046814,0.31355777382850647,0.06633561104536057,0.06392545253038406,0.07338482141494751,0.1270115226507187,0.1420237272977829,0.11170153319835663,0.009140768088400364,0.029250457882881165,0.05850091576576233,0.020109690725803375,0.0033833112102001905,0.007073106709867716,0.011249683797359467,0.005587328691035509
17,,863,,,,,,,,,,,,,,,,,,,,,,,,,,,,,,,,,,,,,,,,,,,,,,,,,,3.4363725185394287,,,,,,,,,,,,,,,,,,,,,,,,,,,,,,,,,,,,,,,,,,,,,,,,,,
,0.001,899,,,,,,,,,,,,,,,,,,,,,,,,,,,,,,,,,,,,,,,,,,,,,,,,,,,,,,,,,,,,,,,,,,,,,,,,,,,,,,,,,,,,,,,,,,,,,,,,,,,,
18,,899,,,,,,,,,,,,,,,,,,,,,,,,,,,,,,,,,,,,,,,,,,,,,,,,,,,3.4901111125946045,,,,,,,,,,,,,,,,,,,,,,,,,,,,,,,,,,,,,,,,,,,,,,,,,
18,,911,,,,,,,,,,,,,,,,,,,,,,,,,,,,,,,,,,,,,,,,,,,,,,,,,,,,0.8377876281738281,0.5889070630073547,0.0073394495993852615,0.022018348798155785,0.06055045872926712,0.022018348798155785,0.006853633094578981,0.0021797551307827234,0.0027614778373390436,0.005726032890379429,0.011066664010286331,0.005726032890379429,0.0,0.0,0.0,0.0,0.0,0.0,0.0,0.0,0.13145695626735687,0.3793046474456787,0.47864240407943726,0.29304635524749756,0.06288350373506546,0.060289688408374786,0.06974945962429047,0.11900408565998077,0.1328950971364975,0.10495252162218094,0.8624716997146606,0.14376705884933472,0.414740651845932,0.5201091766357422,0.3199271857738495,0.06844060868024826,0.06605309247970581,0.07639340311288834,0.13023912906646729,0.14497815072536469,0.11479391902685165,0.007312614470720291,0.021937843412160873,0.06032906845211983,0.021937843412160873,0.00275138090364635,0.005705096293240786,0.011026202701032162,0.005705096293240786
18,,911,,,,,,,,,,,,,,,,,,,,,,,,,,,,,,,,,,,,,,,,,,,,,,,,,,3.4209258556365967,,,,,,,,,,,,,,,,,,,,,,,,,,,,,,,,,,,,,,,,,,,,,,,,,,
,0.001,949,,,,,,,,,,,,,,,,,,,,,,,,,,,,,,,,,,,,,,,,,,,,,,,,,,,,,,,,,,,,,,,,,,,,,,,,,,,,,,,,,,,,,,,,,,,,,,,,,,,,
19,,949,,,,,,,,,,,,,,,,,,,,,,,,,,,,,,,,,,,,,,,,,,,,,,,,,,,3.377004384994507,,,,,,,,,,,,,,,,,,,,,,,,,,,,,,,,,,,,,,,,,,,,,,,,,
19,,959,,,,,,,,,,,,,,,,,,,,,,,,,,,,,,,,,,,,,,,,,,,,,,,,,,,,0.838222324848175,0.5913684368133545,0.0073394495993852615,0.031192660331726074,0.06238532066345215,0.01834862306714058,0.008655962534248829,0.003991213161498308,0.004200119059532881,0.008478429168462753,0.012776637449860573,0.006371639668941498,0.0,0.0,0.0,0.0,0.0,0.0,0.0,0.0,0.1365894079208374,0.38874173164367676,0.4837748408317566,0.29801324009895325,0.06688845157623291,0.0643201693892479,0.07398325204849243,0.12398950755596161,0.13731609284877777,0.10921220481395721,0.8627055287361145,0.14940854907035828,0.4242038130760193,0.5255686640739441,0.3257506787776947,0.07266401499509811,0.07030365616083145,0.08090441673994064,0.13544601202011108,0.14966805279254913,0.11941204220056534,0.007312614470720291,0.031078610569238663,0.062157221138477325,0.018281536176800728,0.004184762481600046,0.008447429165244102,0.01272992230951786,0.006348343566060066
19,,959,,,,,,,,,,,,,,,,,,,,,,,,,,,,,,,,,,,,,,,,,,,,,,,,,,3.4070193767547607,,,,,,,,,,,,,,,,,,,,,,,,,,,,,,,,,,,,,,,,,,,,,,,,,,
,0.001,999,,,,,,,,,,,,,,,,,,,,,,,,,,,,,,,,,,,,,,,,,,,,,,,,,,,,,,,,,,,,,,,,,,,,,,,,,,,,,,,,,,,,,,,,,,,,,,,,,,,,
20,,999,,,,,,,,,,,,,,,,,,,,,,,,,,,,,,,,,,,,,,,,,,,,,,,,,,,3.362060070037842,,,,,,,,,,,,,,,,,,,,,,,,,,,,,,,,,,,,,,,,,,,,,,,,,
20,,1007,,,,,,,,,,,,,,,,,,,,,,,,,,,,,,,,,,,,,,,,,,,,,,,,,,,,0.8371157050132751,0.5849462151527405,0.005504587199538946,0.0330275222659111,0.055045872926712036,0.01834862306714058,0.006713481154292822,0.002012216718867421,0.0021796016953885555,0.007168962154537439,0.010170835070312023,0.004868508316576481,0.0,0.0,0.0,0.0,0.0,0.0,0.0,0.0,0.1319536417722702,0.3862582743167877,0.48278146982192993,0.2981788218021393,0.06613985449075699,0.06356663256883621,0.07214689999818802,0.12275825440883636,0.1362454742193222,0.108418770134449,0.8621260523796082,0.14449499547481537,0.4212920665740967,0.5252047181129456,0.32593265175819397,0.0720338225364685,0.06967166066169739,0.07908633351325989,0.13422252237796783,0.1487496793270111,0.11868899315595627,0.005484460853040218,0.03290676325559616,0.05484461039304733,0.018281536176800728,0.002171632368117571,0.007142750080674887,0.010133647359907627,0.004850707016885281
20,,1007,,,,,,,,,,,,,,,,,,,,,,,,,,,,,,,,,,,,,,,,,,,,,,,,,,3.3979437351226807,,,,,,,,,,,,,,,,,,,,,,,,,,,,,,,,,,,,,,,,,,,,,,,,,,
,0.001,1049,,,,,,,,,,,,,,,,,,,,,,,,,,,,,,,,,,,,,,,,,,,,,,,,,,,,,,,,,,,,,,,,,,,,,,,,,,,,,,,,,,,,,,,,,,,,,,,,,,,,
21,,1049,,,,,,,,,,,,,,,,,,,,,,,,,,,,,,,,,,,,,,,,,,,,,,,,,,,3.4327292442321777,,,,,,,,,,,,,,,,,,,,,,,,,,,,,,,,,,,,,,,,,,,,,,,,,
21,,1055,,,,,,,,,,,,,,,,,,,,,,,,,,,,,,,,,,,,,,,,,,,,,,,,,,,,0.8399828672409058,0.5835386514663696,0.005504587199538946,0.03669724613428116,0.06238532066345215,0.01834862306714058,0.0077992817386984825,0.0031345325987786055,0.002865332644432783,0.00882705394178629,0.01239495724439621,0.005842732265591621,0.0,0.0,0.0,0.0,0.0,0.0,0.0,0.0,0.13741722702980042,0.3981788158416748,0.493874192237854,0.3091059625148773,0.06821396201848984,0.06569592654705048,0.07500619441270828,0.12679849565029144,0.14017774164676666,0.11236963421106339,0.8654172420501709,0.15050044655799866,0.4340309202671051,0.5366696715354919,0.33794358372688293,0.07420594990253448,0.07190082967281342,0.08216120302677155,0.13849903643131256,0.15285137295722961,0.12293508648872375,0.005484460853040218,0.036563072353601456,0.062157221138477325,0.018281536176800728,0.0028548564296215773,0.008794779889285564,0.012349637225270271,0.0058213695883750916
21,,1055,,,,,,,,,,,,,,,,,,,,,,,,,,,,,,,,,,,,,,,,,,,,,,,,,,3.386803388595581,,,,,,,,,,,,,,,,,,,,,,,,,,,,,,,,,,,,,,,,,,,,,,,,,,
,0.001,1099,,,,,,,,,,,,,,,,,,,,,,,,,,,,,,,,,,,,,,,,,,,,,,,,,,,,,,,,,,,,,,,,,,,,,,,,,,,,,,,,,,,,,,,,,,,,,,,,,,,,
22,,1099,,,,,,,,,,,,,,,,,,,,,,,,,,,,,,,,,,,,,,,,,,,,,,,,,,,3.4669790267944336,,,,,,,,,,,,,,,,,,,,,,,,,,,,,,,,,,,,,,,,,,,,,,,,,
22,,1103,,,,,,,,,,,,,,,,,,,,,,,,,,,,,,,,,,,,,,,,,,,,,,,,,,,,0.8405895829200745,0.5903221964836121,0.00917431153357029,0.04036697372794151,0.07339449226856232,0.023853210732340813,0.009036063216626644,0.004426086321473122,0.004726511426270008,0.010432837530970573,0.015017296187579632,0.007795140612870455,0.0,0.0,0.0,0.0,0.0,0.0,0.0,0.0,0.13493376970291138,0.3950331211090088,0.4915562868118286,0.30612581968307495,0.06638158112764359,0.06385201215744019,0.0730246901512146,0.12481053918600082,0.13825005292892456,0.110371433198452,0.8654113411903381,0.14740672707557678,0.43020927906036377,0.5330300331115723,0.3341219127178192,0.07206916809082031,0.06974593549966812,0.07979857176542282,0.1361546516418457,0.15047238767147064,0.12054505199193954,0.009140768088400364,0.04021938145160675,0.07312614470720291,0.02376599609851837,0.004709229804575443,0.010394692420959473,0.014962387271225452,0.007766640279442072
22,,1103,,,,,,,,,,,,,,,,,,,,,,,,,,,,,,,,,,,,,,,,,,,,,,,,,,3.377695322036743,,,,,,,,,,,,,,,,,,,,,,,,,,,,,,,,,,,,,,,,,,,,,,,,,,
,0.001,1149,,,,,,,,,,,,,,,,,,,,,,,,,,,,,,,,,,,,,,,,,,,,,,,,,,,,,,,,,,,,,,,,,,,,,,,,,,,,,,,,,,,,,,,,,,,,,,,,,,,,
23,,1149,,,,,,,,,,,,,,,,,,,,,,,,,,,,,,,,,,,,,,,,,,,,,,,,,,,3.3361942768096924,,,,,,,,,,,,,,,,,,,,,,,,,,,,,,,,,,,,,,,,,,,,,,,,,
23,,1151,,,,,,,,,,,,,,,,,,,,,,,,,,,,,,,,,,,,,,,,,,,,,,,,,,,,0.8416041731834412,0.5953850746154785,0.00917431153357029,0.04403669759631157,0.0660550445318222,0.020183486863970757,0.008724351413547993,0.004077858757227659,0.0045542120933532715,0.010820369236171246,0.013935605995357037,0.00697634881362319,0.0,0.0,0.10000000149011612,0.0,0.0,0.0,0.013132477179169655,0.0,0.14420530200004578,0.40910595655441284,0.5004966855049133,0.3193708658218384,0.0710134357213974,0.06852834671735764,0.07856475561857224,0.13133244216442108,0.14410242438316345,0.11680275946855545,0.8660244345664978,0.15759781002998352,0.4453139007091522,0.5435850620269775,0.3490445911884308,0.07719133049249649,0.07492060959339142,0.08590520173311234,0.14328494668006897,0.15701249241828918,0.12769544124603271,0.009140768088400364,0.04387568682432175,0.06581352651119232,0.020109690725803375,0.004537560511380434,0.010780807584524155,0.01388465240597725,0.006950841285288334
23,,1151,,,,,,,,,,,,,,,,,,,,,,,,,,,,,,,,,,,,,,,,,,,,,,,,,,3.366266965866089,,,,,,,,,,,,,,,,,,,,,,,,,,,,,,,,,,,,,,,,,,,,,,,,,,
,0.001,1199,,,,,,,,,,,,,,,,,,,,,,,,,,,,,,,,,,,,,,,,,,,,,,,,,,,,,,,,,,,,,,,,,,,,,,,,,,,,,,,,,,,,,,,,,,,,,,,,,,,,
24,,1199,,,,,,,,,,,,,,,,,,,,,,,,,,,,,,,,,,,,,,,,,,,,,,,,,,,3.295961856842041,,,,,,,,,,,,,,,,,,,,,,,,,,,,,,,,,,,,,,,,,,,,,,,,,
24,,1199,,,,,,,,,,,,,,,,,,,,,,,,,,,,,,,,,,,,,,,,,,,,,,,,,,,,0.8404983282089233,0.5893394351005554,0.011009174399077892,0.04036697372794151,0.0660550445318222,0.020183486863970757,0.008965139277279377,0.004318647552281618,0.005170267540961504,0.010434124618768692,0.0139761408790946,0.007206734735518694,0.0,0.0,0.0,0.0,0.0,0.0,0.0,0.0,0.14635762572288513,0.40033113956451416,0.49403974413871765,0.31307947635650635,0.07176944613456726,0.06925223022699356,0.07972615212202072,0.1304638534784317,0.14356566965579987,0.11628725379705429,0.8654085397720337,0.15978161990642548,0.4360327422618866,0.5364876985549927,0.3421292006969452,0.07799844443798065,0.07569241523742676,0.08712068200111389,0.14236851036548615,0.15641848742961884,0.1271059811115265,0.010968921706080437,0.04021938145160675,0.06581352651119232,0.020109690725803375,0.005151363555341959,0.010395974852144718,0.013925040140748024,0.0071803852915763855
24,,1199,,,,,,,,,,,,,,,,,,,,,,,,,,,,,,,,,,,,,,,,,,,,,,,,,,3.3571739196777344,,,,,,,,,,,,,,,,,,,,,,,,,,,,,,,,,,,,,,,,,,,,,,,,,,
25,,1247,,,,,,,,,,,,,,,,,,,,,,,,,,,,,,,,,,,,,,,,,,,,,,,,,,,,0.841972827911377,0.5932918787002563,0.011009174399077892,0.04220183566212654,0.08073394745588303,0.020183486863970757,0.008249999955296516,0.0036765378899872303,0.004626085050404072,0.010189879685640335,0.015538915991783142,0.0066468664444983006,0.0,0.0,0.0,0.0,0.0,0.0,0.0,0.0,0.14652317762374878,0.41225165128707886,0.5038079619407654,0.3221854269504547,0.07147474586963654,0.06900613754987717,0.07942377775907516,0.132353276014328,0.14515042304992676,0.11777626723051071,0.8666372895240784,0.15996359288692474,0.4489535987377167,0.5457688570022583,0.35213831067085266,0.07774544507265091,0.07548559457063675,0.08684228360652924,0.14446957409381866,0.15800543129444122,0.1287982165813446,0.010968921706080437,0.04204753413796425,0.0804387629032135,0.020109690725803375,0.004609170835465193,0.010152622126042843,0.015482100658118725,0.00662256358191371
25,,1247,,,,,,,,,,,,,,,,,,,,,,,,,,,,,,,,,,,,,,,,,,,,,,,,,,3.351612091064453,,,,,,,,,,,,,,,,,,,,,,,,,,,,,,,,,,,,,,,,,,,,,,,,,,
,0.001,1249,,,,,,,,,,,,,,,,,,,,,,,,,,,,,,,,,,,,,,,,,,,,,,,,,,,,,,,,,,,,,,,,,,,,,,,,,,,,,,,,,,,,,,,,,,,,,,,,,,,,
26,,1249,,,,,,,,,,,,,,,,,,,,,,,,,,,,,,,,,,,,,,,,,,,,,,,,,,,3.324458360671997,,,,,,,,,,,,,,,,,,,,,,,,,,,,,,,,,,,,,,,,,,,,,,,,,
26,,1295,,,,,,,,,,,,,,,,,,,,,,,,,,,,,,,,,,,,,,,,,,,,,,,,,,,,0.8431538939476013,0.5896928906440735,0.00917431153357029,0.04036697372794151,0.06788990646600723,0.022018348798155785,0.007368863094598055,0.002731499494984746,0.0034542556386440992,0.009151785634458065,0.012936422601342201,0.006167553830891848,0.0,0.0,0.0,0.0,0.0,0.0,0.0,0.0,0.14519867300987244,0.40960264205932617,0.504635751247406,0.3201986849308014,0.07211437076330185,0.06964987516403198,0.079584039747715,0.1324358731508255,0.14570139348506927,0.117937833070755,0.8682923316955566,0.1586897075176239,0.44622382521629333,0.5479526519775391,0.34977251291275024,0.07853589951992035,0.0762869119644165,0.08713466674089432,0.14466331899166107,0.1588691622018814,0.12902331352233887,0.009140768088400364,0.04021938145160675,0.06764168292284012,0.021937843412160873,0.0034416259732097387,0.009118324145674706,0.012889123521745205,0.006145003717392683
26,,1295,,,,,,,,,,,,,,,,,,,,,,,,,,,,,,,,,,,,,,,,,,,,,,,,,,3.3430187702178955,,,,,,,,,,,,,,,,,,,,,,,,,,,,,,,,,,,,,,,,,,,,,,,,,,
,0.001,1299,,,,,,,,,,,,,,,,,,,,,,,,,,,,,,,,,,,,,,,,,,,,,,,,,,,,,,,,,,,,,,,,,,,,,,,,,,,,,,,,,,,,,,,,,,,,,,,,,,,,
27,,1299,,,,,,,,,,,,,,,,,,,,,,,,,,,,,,,,,,,,,,,,,,,,,,,,,,,3.263113498687744,,,,,,,,,,,,,,,,,,,,,,,,,,,,,,,,,,,,,,,,,,,,,,,,,
27,,1343,,,,,,,,,,,,,,,,,,,,,,,,,,,,,,,,,,,,,,,,,,,,,,,,,,,,0.8433516025543213,0.5940457582473755,0.011009174399077892,0.04403669759631157,0.06972476840019226,0.023853210732340813,0.009834764525294304,0.005206530913710594,0.005879600998014212,0.01181853748857975,0.015408356674015522,0.008513826876878738,0.0,0.0,0.0,0.0,0.0,0.0,0.0,0.0,0.15016557276248932,0.4147351086139679,0.5041390657424927,0.32549670338630676,0.07399899512529373,0.07153202593326569,0.08213811367750168,0.13507770001888275,0.14758500456809998,0.1206183210015297,0.8680780529975891,0.16396723687648773,0.45150136947631836,0.547224760055542,0.3554140031337738,0.08036286383867264,0.07811025530099869,0.08970151841640472,0.14730267226696014,0.1606944054365158,0.13173696398735046,0.010968921706080437,0.04387568682432175,0.06946983933448792,0.02376599609851837,0.0058581032790243626,0.011775326915085316,0.015352019108831882,0.00848269835114479
27,,1343,,,,,,,,,,,,,,,,,,,,,,,,,,,,,,,,,,,,,,,,,,,,,,,,,,3.334980010986328,,,,,,,,,,,,,,,,,,,,,,,,,,,,,,,,,,,,,,,,,,,,,,,,,,
,0.001,1349,,,,,,,,,,,,,,,,,,,,,,,,,,,,,,,,,,,,,,,,,,,,,,,,,,,,,,,,,,,,,,,,,,,,,,,,,,,,,,,,,,,,,,,,,,,,,,,,,,,,
28,,1349,,,,,,,,,,,,,,,,,,,,,,,,,,,,,,,,,,,,,,,,,,,,,,,,,,,3.3688526153564453,,,,,,,,,,,,,,,,,,,,,,,,,,,,,,,,,,,,,,,,,,,,,,,,,
28,,1391,,,,,,,,,,,,,,,,,,,,,,,,,,,,,,,,,,,,,,,,,,,,,,,,,,,,0.8445338606834412,0.591511070728302,0.0073394495993852615,0.0458715595304966,0.06788990646600723,0.023853210732340813,0.008085398003458977,0.0034480353351682425,0.0035189236514270306,0.010603411123156548,0.013646367937326431,0.007054528687149286,0.0,0.0,0.0,0.0,0.0,0.0,0.0,0.0,0.1473509967327118,0.41887417435646057,0.5082781314849854,0.3236755132675171,0.07364533096551895,0.0711989551782608,0.08117230236530304,0.13516223430633545,0.14765238761901855,0.11978123337030411,0.86962890625,0.16123747825622559,0.4558689594268799,0.551956295967102,0.3534121811389923,0.0801476389169693,0.07791856676340103,0.08887404948472977,0.14751610159873962,0.16094325482845306,0.1309615820646286,0.007312614470720291,0.045703839510679245,0.06764168292284012,0.02376599609851837,0.0035060574300587177,0.010564642027020454,0.013596473261713982,0.007028736174106598
28,,1391,,,,,,,,,,,,,,,,,,,,,,,,,,,,,,,,,,,,,,,,,,,,,,,,,,3.3312509059906006,,,,,,,,,,,,,,,,,,,,,,,,,,,,,,,,,,,,,,,,,,,,,,,,,,
,0.001,1399,,,,,,,,,,,,,,,,,,,,,,,,,,,,,,,,,,,,,,,,,,,,,,,,,,,,,,,,,,,,,,,,,,,,,,,,,,,,,,,,,,,,,,,,,,,,,,,,,,,,
29,,1399,,,,,,,,,,,,,,,,,,,,,,,,,,,,,,,,,,,,,,,,,,,,,,,,,,,3.27492618560791,,,,,,,,,,,,,,,,,,,,,,,,,,,,,,,,,,,,,,,,,,,,,,,,,
29,,1439,,,,,,,,,,,,,,,,,,,,,,,,,,,,,,,,,,,,,,,,,,,,,,,,,,,,0.8453562259674072,0.594231367111206,0.0073394495993852615,0.04220183566212654,0.07522936165332794,0.020183486863970757,0.008852869272232056,0.004252020735293627,0.004073736257851124,0.010491345077753067,0.015118463896214962,0.006950202863663435,0.0,0.0,0.0,0.0,0.0,0.0,0.0,0.0,0.15033112466335297,0.41837748885154724,0.5165563225746155,0.33129140734672546,0.07371565699577332,0.07131046056747437,0.08192247152328491,0.1354975402355194,0.14920827746391296,0.12138967216014862,0.8702630996704102,0.16451318562030792,0.4556869864463806,0.5603275299072266,0.36214739084243774,0.08014880865812302,0.07796138525009155,0.08964358270168304,0.14789578318595886,0.16250745952129364,0.13273990154266357,0.007312614470720291,0.04204753413796425,0.07495430111885071,0.020109690725803375,0.0040588416159152985,0.010452985763549805,0.01506318710744381,0.006924791261553764
29,,1439,,,,,,,,,,,,,,,,,,,,,,,,,,,,,,,,,,,,,,,,,,,,,,,,,,3.3234009742736816,,,,,,,,,,,,,,,,,,,,,,,,,,,,,,,,,,,,,,,,,,,,,,,,,,
,0.001,1449,,,,,,,,,,,,,,,,,,,,,,,,,,,,,,,,,,,,,,,,,,,,,,,,,,,,,,,,,,,,,,,,,,,,,,,,,,,,,,,,,,,,,,,,,,,,,,,,,,,,
30,,1449,,,,,,,,,,,,,,,,,,,,,,,,,,,,,,,,,,,,,,,,,,,,,,,,,,,3.410445213317871,,,,,,,,,,,,,,,,,,,,,,,,,,,,,,,,,,,,,,,,,,,,,,,,,
30,,1487,,,,,,,,,,,,,,,,,,,,,,,,,,,,,,,,,,,,,,,,,,,,,,,,,,,,0.845337986946106,0.5932297110557556,0.011009174399077892,0.047706421464681625,0.07339449226856232,0.029357798397541046,0.010285244323313236,0.0056752669624984264,0.00606926204636693,0.012844338081777096,0.016449902206659317,0.009917397983372211,0.0,0.0,0.0,0.0,0.0,0.0,0.0,0.0,0.15413907170295715,0.42152318358421326,0.5137417316436768,0.3317880928516388,0.07504207640886307,0.0726228803396225,0.08377109467983246,0.13723254203796387,0.15016776323318481,0.12268774211406708,0.8703423142433167,0.16833484172821045,0.45859870314598083,0.5574158430099487,0.3617834448814392,0.0814647302031517,0.07926281541585922,0.09147763252258301,0.14956949651241302,0.16343003511428833,0.13387241959571838,0.010968921706080437,0.04753199219703674,0.07312614470720291,0.029250457882881165,0.00604707095772028,0.01279737614095211,0.01638975739479065,0.009881136938929558
30,,1487,,,,,,,,,,,,,,,,,,,,,,,,,,,,,,,,,,,,,,,,,,,,,,,,,,3.3152644634246826,,,,,,,,,,,,,,,,,,,,,,,,,,,,,,,,,,,,,,,,,,,,,,,,,,
,0.001,1499,,,,,,,,,,,,,,,,,,,,,,,,,,,,,,,,,,,,,,,,,,,,,,,,,,,,,,,,,,,,,,,,,,,,,,,,,,,,,,,,,,,,,,,,,,,,,,,,,,,,
31,,1499,,,,,,,,,,,,,,,,,,,,,,,,,,,,,,,,,,,,,,,,,,,,,,,,,,,3.2164316177368164,,,,,,,,,,,,,,,,,,,,,,,,,,,,,,,,,,,,,,,,,,,,,,,,,
31,,1535,,,,,,,,,,,,,,,,,,,,,,,,,,,,,,,,,,,,,,,,,,,,,,,,,,,,0.8459259271621704,0.5952586531639099,0.0073394495993852615,0.05137614905834198,0.07522936165332794,0.029357798397541046,0.007555932737886906,0.002955084200948477,0.0028894233983010054,0.011153751984238625,0.014457698911428452,0.007629263214766979,0.0,0.0,0.0,0.0,0.0,0.0,0.0,0.0,0.15596026182174683,0.42384105920791626,0.5124172568321228,0.33890730142593384,0.0770326480269432,0.07460686564445496,0.0856870785355568,0.13956709206104279,0.15194615721702576,0.12573526799678802,0.8707873225212097,0.17070063948631287,0.460782527923584,0.5557779669761658,0.36960873007774353,0.08392342180013657,0.08171336352825165,0.09389901161193848,0.1523032784461975,0.16558241844177246,0.13744914531707764,0.007312614470720291,0.05118830129504204,0.07495430111885071,0.029250457882881165,0.0028788589406758547,0.011112972162663937,0.014404837042093277,0.007601367775350809
31,,1535,,,,,,,,,,,,,,,,,,,,,,,,,,,,,,,,,,,,,,,,,,,,,,,,,,3.310408592224121,,,,,,,,,,,,,,,,,,,,,,,,,,,,,,,,,,,,,,,,,,,,,,,,,,
,0.001,1549,,,,,,,,,,,,,,,,,,,,,,,,,,,,,,,,,,,,,,,,,,,,,,,,,,,,,,,,,,,,,,,,,,,,,,,,,,,,,,,,,,,,,,,,,,,,,,,,,,,,
32,,1549,,,,,,,,,,,,,,,,,,,,,,,,,,,,,,,,,,,,,,,,,,,,,,,,,,,3.290367364883423,,,,,,,,,,,,,,,,,,,,,,,,,,,,,,,,,,,,,,,,,,,,,,,,,
32,,1583,,,,,,,,,,,,,,,,,,,,,,,,,,,,,,,,,,,,,,,,,,,,,,,,,,,,0.8462656140327454,0.6027809977531433,0.00917431153357029,0.0458715595304966,0.0660550445318222,0.027522936463356018,0.008969711139798164,0.0043232194148004055,0.0046260845847427845,0.011314962059259415,0.014125618152320385,0.008301290683448315,0.0,0.0,0.0,0.0,0.0,0.0,0.0,0.0,0.15380795300006866,0.42582783102989197,0.5165563225746155,0.3349337875843048,0.07754417508840561,0.07513898611068726,0.08539517968893051,0.14012785255908966,0.15283936262130737,0.12537075579166412,0.870414674282074,0.16815286874771118,0.46351227164268494,0.5612374544143677,0.3654231131076813,0.08434547483921051,0.08216257393360138,0.09340593218803406,0.15290363132953644,0.1665971428155899,0.1369818150997162,0.009140768088400364,0.045703839510679245,0.06581352651119232,0.027422305196523666,0.0046091703698039055,0.01127359177917242,0.014073970727622509,0.008270938880741596
32,,1583,,,,,,,,,,,,,,,,,,,,,,,,,,,,,,,,,,,,,,,,,,,,,,,,,,3.3048057556152344,,,,,,,,,,,,,,,,,,,,,,,,,,,,,,,,,,,,,,,,,,,,,,,,,,
,0.001,1599,,,,,,,,,,,,,,,,,,,,,,,,,,,,,,,,,,,,,,,,,,,,,,,,,,,,,,,,,,,,,,,,,,,,,,,,,,,,,,,,,,,,,,,,,,,,,,,,,,,,
33,,1599,,,,,,,,,,,,,,,,,,,,,,,,,,,,,,,,,,,,,,,,,,,,,,,,,,,3.2600173950195312,,,,,,,,,,,,,,,,,,,,,,,,,,,,,,,,,,,,,,,,,,,,,,,,,
33,,1631,,,,,,,,,,,,,,,,,,,,,,,,,,,,,,,,,,,,,,,,,,,,,,,,,,,,0.8458389639854431,0.5948635935783386,0.00917431153357029,0.04220183566212654,0.07155963033437729,0.022018348798155785,0.010999701917171478,0.006380594801157713,0.00627121701836586,0.01229003630578518,0.016385618597269058,0.00896008126437664,0.0,0.0,0.0,0.0,0.0,0.0,0.0,0.0,0.15231788158416748,0.42417219281196594,0.5170530080795288,0.3399006724357605,0.07643384486436844,0.07403112947940826,0.08414117991924286,0.1390594244003296,0.15203940868377686,0.12537944316864014,0.8707308173179626,0.16651500761508942,0.46205639839172363,0.5612374544143677,0.37142857909202576,0.08292367309331894,0.08074077218770981,0.09186439961194992,0.15163254737854004,0.1654936820268631,0.13692604005336761,0.009140768088400364,0.04204753413796425,0.07129798829555511,0.021937843412160873,0.006248287856578827,0.012245099991559982,0.016325708478689194,0.008927320130169392
33,,1631,,,,,,,,,,,,,,,,,,,,,,,,,,,,,,,,,,,,,,,,,,,,,,,,,,3.301725387573242,,,,,,,,,,,,,,,,,,,,,,,,,,,,,,,,,,,,,,,,,,,,,,,,,,
,0.001,1649,,,,,,,,,,,,,,,,,,,,,,,,,,,,,,,,,,,,,,,,,,,,,,,,,,,,,,,,,,,,,,,,,,,,,,,,,,,,,,,,,,,,,,,,,,,,,,,,,,,,
34,,1649,,,,,,,,,,,,,,,,,,,,,,,,,,,,,,,,,,,,,,,,,,,,,,,,,,,3.3216776847839355,,,,,,,,,,,,,,,,,,,,,,,,,,,,,,,,,,,,,,,,,,,,,,,,,
34,,1679,,,,,,,,,,,,,,,,,,,,,,,,,,,,,,,,,,,,,,,,,,,,,,,,,,,,0.8443813920021057,0.5884590148925781,0.0073394495993852615,0.04036697372794151,0.0660550445318222,0.01651376113295555,0.007504327688366175,0.002857835264876485,0.0032309037633240223,0.009067011997103691,0.012574950233101845,0.00521810632199049,0.0,0.0,0.0,0.0,0.0,0.0,0.0,0.0,0.15612582862377167,0.41721853613853455,0.5100993514060974,0.3317880928516388,0.07328399270772934,0.07084667682647705,0.08292217552661896,0.13552261888980865,0.1485191434621811,0.12165174633264542,0.869763970375061,0.17088261246681213,0.45459508895874023,0.5541400909423828,0.36305731534957886,0.07980809360742569,0.07758988440036774,0.09082603454589844,0.14806462824344635,0.16200223565101624,0.1331997662782669,0.007312614470720291,0.04021938145160675,0.06581352651119232,0.01645338162779808,0.003219090634956956,0.009033860638737679,0.012528972700238228,0.005199028179049492
34,,1679,,,,,,,,,,,,,,,,,,,,,,,,,,,,,,,,,,,,,,,,,,,,,,,,,,3.2949719429016113,,,,,,,,,,,,,,,,,,,,,,,,,,,,,,,,,,,,,,,,,,,,,,,,,,
,0.001,1699,,,,,,,,,,,,,,,,,,,,,,,,,,,,,,,,,,,,,,,,,,,,,,,,,,,,,,,,,,,,,,,,,,,,,,,,,,,,,,,,,,,,,,,,,,,,,,,,,,,,
35,,1699,,,,,,,,,,,,,,,,,,,,,,,,,,,,,,,,,,,,,,,,,,,,,,,,,,,3.333486795425415,,,,,,,,,,,,,,,,,,,,,,,,,,,,,,,,,,,,,,,,,,,,,,,,,
35,,1727,,,,,,,,,,,,,,,,,,,,,,,,,,,,,,,,,,,,,,,,,,,,,,,,,,,,0.8457722067832947,0.5958447456359863,0.00917431153357029,0.04220183566212654,0.07339449226856232,0.023853210732340813,0.0081194918602705,0.0035095144994556904,0.004023001994937658,0.010043282061815262,0.014418045058846474,0.007077173795551062,0.0,0.0,0.0,0.0,0.0,0.0,0.0,0.0,0.15579470992088318,0.42880794405937195,0.5153973698616028,0.3415563106536865,0.07615868747234344,0.07374773174524307,0.08486085385084152,0.13975338637828827,0.15184375643730164,0.1256379634141922,0.8705602288246155,0.17033666372299194,0.467151939868927,0.5592356324195862,0.37306642532348633,0.08290688693523407,0.08071402460336685,0.09287843853235245,0.1526181846857071,0.16547375917434692,0.1373969465494156,0.009140768088400364,0.04204753413796425,0.07312614470720291,0.02376599609851837,0.0040082926861941814,0.010006560012698174,0.014365329407155514,0.007051297463476658
35,,1727,,,,,,,,,,,,,,,,,,,,,,,,,,,,,,,,,,,,,,,,,,,,,,,,,,3.2938125133514404,,,,,,,,,,,,,,,,,,,,,,,,,,,,,,,,,,,,,,,,,,,,,,,,,,
,0.001,1749,,,,,,,,,,,,,,,,,,,,,,,,,,,,,,,,,,,,,,,,,,,,,,,,,,,,,,,,,,,,,,,,,,,,,,,,,,,,,,,,,,,,,,,,,,,,,,,,,,,,
36,,1749,,,,,,,,,,,,,,,,,,,,,,,,,,,,,,,,,,,,,,,,,,,,,,,,,,,3.227151393890381,,,,,,,,,,,,,,,,,,,,,,,,,,,,,,,,,,,,,,,,,,,,,,,,,
36,,1775,,,,,,,,,,,,,,,,,,,,,,,,,,,,,,,,,,,,,,,,,,,,,,,,,,,,0.8460856080055237,0.5955999493598938,0.011009174399077892,0.04220183566212654,0.07339449226856232,0.02568807452917099,0.010059386491775513,0.005449409130960703,0.00614401837810874,0.011604639701545238,0.01596645824611187,0.00896350760012865,0.0,0.0,0.0,0.0,0.0,0.0,0.0,0.0,0.15447020530700684,0.4302980303764343,0.5226821303367615,0.3415563106536865,0.0747443437576294,0.07236962765455246,0.08346906304359436,0.13871999084949493,0.1516018807888031,0.12435059249401093,0.8709290623664856,0.16869881749153137,0.4687897861003876,0.5672429203987122,0.3728844225406647,0.08115985989570618,0.07900684326887131,0.09113823622465134,0.15132741630077362,0.1650543361902237,0.13579480350017548,0.010968921706080437,0.04204753413796425,0.07312614470720291,0.02559415064752102,0.00612155394628644,0.011562209576368332,0.015908079221844673,0.008930735290050507
36,,1775,,,,,,,,,,,,,,,,,,,,,,,,,,,,,,,,,,,,,,,,,,,,,,,,,,3.286985158920288,,,,,,,,,,,,,,,,,,,,,,,,,,,,,,,,,,,,,,,,,,,,,,,,,,
,0.001,1799,,,,,,,,,,,,,,,,,,,,,,,,,,,,,,,,,,,,,,,,,,,,,,,,,,,,,,,,,,,,,,,,,,,,,,,,,,,,,,,,,,,,,,,,,,,,,,,,,,,,
37,,1799,,,,,,,,,,,,,,,,,,,,,,,,,,,,,,,,,,,,,,,,,,,,,,,,,,,3.277578830718994,,,,,,,,,,,,,,,,,,,,,,,,,,,,,,,,,,,,,,,,,,,,,,,,,
37,,1823,,,,,,,,,,,,,,,,,,,,,,,,,,,,,,,,,,,,,,,,,,,,,,,,,,,,0.8467519879341125,0.5932886004447937,0.011009174399077892,0.04036697372794151,0.07155963033437729,0.022018348798155785,0.007305433973670006,0.0026863275561481714,0.0038872649893164635,0.009094128385186195,0.013500368222594261,0.006097184028476477,0.0,0.0,0.0,0.0,0.0,0.0,0.0,0.0,0.15364238619804382,0.42764902114868164,0.5178807973861694,0.33890730142593384,0.07674752920866013,0.07434892654418945,0.08481916040182114,0.1398952454328537,0.15251323580741882,0.12547855079174042,0.8718907237052917,0.16778889298439026,0.4660600423812866,0.5621473789215088,0.370336651802063,0.0836348682641983,0.0814564973115921,0.09284607321023941,0.15286824107170105,0.1663006842136383,0.1373189091682434,0.010968921706080437,0.04021938145160675,0.07129798829555511,0.021937843412160873,0.0038730520755052567,0.009060877375304699,0.013451006263494492,0.006074890960007906
37,,1823,,,,,,,,,,,,,,,,,,,,,,,,,,,,,,,,,,,,,,,,,,,,,,,,,,3.2841289043426514,,,,,,,,,,,,,,,,,,,,,,,,,,,,,,,,,,,,,,,,,,,,,,,,,,
,0.001,1849,,,,,,,,,,,,,,,,,,,,,,,,,,,,,,,,,,,,,,,,,,,,,,,,,,,,,,,,,,,,,,,,,,,,,,,,,,,,,,,,,,,,,,,,,,,,,,,,,,,,
38,,1849,,,,,,,,,,,,,,,,,,,,,,,,,,,,,,,,,,,,,,,,,,,,,,,,,,,3.3249239921569824,,,,,,,,,,,,,,,,,,,,,,,,,,,,,,,,,,,,,,,,,,,,,,,,,
38,,1871,,,,,,,,,,,,,,,,,,,,,,,,,,,,,,,,,,,,,,,,,,,,,,,,,,,,0.8462303280830383,0.586961567401886,0.011009174399077892,0.04403669759631157,0.07522936165332794,0.02568807452917099,0.009556006640195847,0.00495515763759613,0.00574482511729002,0.011648724786937237,0.016046904027462006,0.008716278709471226,0.0,0.0,0.0,0.0,0.0,0.0,0.0,0.0,0.15596026182174683,0.428973525762558,0.5157284736633301,0.33708611130714417,0.07708445936441422,0.07467515021562576,0.08571726828813553,0.14053265750408173,0.15270006656646729,0.12563715875148773,0.8719447255134583,0.17033666372299194,0.467151939868927,0.5594176650047302,0.36797088384628296,0.08378199487924576,0.08159004896879196,0.09364902973175049,0.1533154994249344,0.1662534773349762,0.13723348081111908,0.010968921706080437,0.04387568682432175,0.07495430111885071,0.02559415064752102,0.00572382053360343,0.011606133542954922,0.01598823443055153,0.008684409782290459
38,,1871,,,,,,,,,,,,,,,,,,,,,,,,,,,,,,,,,,,,,,,,,,,,,,,,,,3.280259847640991,,,,,,,,,,,,,,,,,,,,,,,,,,,,,,,,,,,,,,,,,,,,,,,,,,
,0.001,1899,,,,,,,,,,,,,,,,,,,,,,,,,,,,,,,,,,,,,,,,,,,,,,,,,,,,,,,,,,,,,,,,,,,,,,,,,,,,,,,,,,,,,,,,,,,,,,,,,,,,
39,,1899,,,,,,,,,,,,,,,,,,,,,,,,,,,,,,,,,,,,,,,,,,,,,,,,,,,3.1533284187316895,,,,,,,,,,,,,,,,,,,,,,,,,,,,,,,,,,,,,,,,,,,,,,,,,
39,,1919,,,,,,,,,,,,,,,,,,,,,,,,,,,,,,,,,,,,,,,,,,,,,,,,,,,,0.8465175628662109,0.5968080163002014,0.011009174399077892,0.056880734860897064,0.08440367132425308,0.027522936463356018,0.010170608758926392,0.005615402944386005,0.0059326207265257835,0.01408702414482832,0.017958350479602814,0.009385377168655396,0.0,0.0,0.0,0.0,0.0,0.0,0.0,0.0,0.15811258554458618,0.432119220495224,0.5182119011878967,0.3415563106536865,0.07716988027095795,0.0747729241847992,0.08608295768499374,0.14114032685756683,0.15319854021072388,0.12644179165363312,0.871284008026123,0.17270244657993317,0.46933576464653015,0.5612374544143677,0.3727024495601654,0.08381493389606476,0.08163204044103622,0.09403234720230103,0.15374159812927246,0.16661180555820465,0.1380515694618225,0.010968921706080437,0.05667276307940483,0.0840950682759285,0.027422305196523666,0.005910929292440414,0.01403551921248436,0.017892688512802124,0.009351060725748539
39,,1919,,,,,,,,,,,,,,,,,,,,,,,,,,,,,,,,,,,,,,,,,,,,,,,,,,3.274921178817749,,,,,,,,,,,,,,,,,,,,,,,,,,,,,,,,,,,,,,,,,,,,,,,,,,
,0.001,1949,,,,,,,,,,,,,,,,,,,,,,,,,,,,,,,,,,,,,,,,,,,,,,,,,,,,,,,,,,,,,,,,,,,,,,,,,,,,,,,,,,,,,,,,,,,,,,,,,,,,
40,,1949,,,,,,,,,,,,,,,,,,,,,,,,,,,,,,,,,,,,,,,,,,,,,,,,,,,3.2670955657958984,,,,,,,,,,,,,,,,,,,,,,,,,,,,,,,,,,,,,,,,,,,,,,,,,
40,,1967,,,,,,,,,,,,,,,,,,,,,,,,,,,,,,,,,,,,,,,,,,,,,,,,,,,,0.8449763655662537,0.5944964289665222,0.011009174399077892,0.04220183566212654,0.07339449226856232,0.020183486863970757,0.011346941813826561,0.0067369649186730385,0.007066268008202314,0.012553760781884193,0.01685134880244732,0.009037519805133343,0.0,0.0,0.0,0.0,0.0,0.0,0.0,0.0,0.15645696222782135,0.42880794405937195,0.5201987028121948,0.34271523356437683,0.07834962010383606,0.07596255093812943,0.0863775983452797,0.1416320651769638,0.15441438555717468,0.12766018509864807,0.869819164276123,0.17088261246681213,0.467151939868927,0.5645132064819336,0.3747042715549469,0.08499501645565033,0.08282841742038727,0.09424377977848053,0.1544342041015625,0.16805802285671234,0.13942530751228333,0.010968921706080437,0.04204753413796425,0.07312614470720291,0.020109690725803375,0.007040431722998619,0.01250786054879427,0.01678973250091076,0.009004476480185986
40,,1967,,,,,,,,,,,,,,,,,,,,,,,,,,,,,,,,,,,,,,,,,,,,,,,,,,3.2733120918273926,,,,,,,,,,,,,,,,,,,,,,,,,,,,,,,,,,,,,,,,,,,,,,,,,,
,0.001,1999,,,,,,,,,,,,,,,,,,,,,,,,,,,,,,,,,,,,,,,,,,,,,,,,,,,,,,,,,,,,,,,,,,,,,,,,,,,,,,,,,,,,,,,,,,,,,,,,,,,,
41,,1999,,,,,,,,,,,,,,,,,,,,,,,,,,,,,,,,,,,,,,,,,,,,,,,,,,,3.350757598876953,,,,,,,,,,,,,,,,,,,,,,,,,,,,,,,,,,,,,,,,,,,,,,,,,
41,,2015,,,,,,,,,,,,,,,,,,,,,,,,,,,,,,,,,,,,,,,,,,,,,,,,,,,,0.8476269841194153,0.5955145359039307,0.011009174399077892,0.047706421464681625,0.07522936165332794,0.022018348798155785,0.010594462044537067,0.005993613973259926,0.00652089761570096,0.012920952402055264,0.016755063086748123,0.00876322016119957,0.0,0.0,0.0,0.0,0.0,0.0,0.0,0.0,0.15844370424747467,0.43460264801979065,0.5266556143760681,0.3486754894256592,0.07947703450918198,0.07712207734584808,0.08778262138366699,0.14365266263484955,0.15647518634796143,0.12969793379306793,0.8726317882537842,0.1730664223432541,0.4729754328727722,0.5714285373687744,0.3810736835002899,0.08630886673927307,0.0841766744852066,0.09584223479032516,0.15661878883838654,0.17033277451992035,0.1416923701763153,0.010968921706080437,0.04753199219703674,0.07495430111885071,0.021937843412160873,0.006497055757790804,0.01287370827049017,0.016693802550435066,0.008731179870665073
41,,2015,,,,,,,,,,,,,,,,,,,,,,,,,,,,,,,,,,,,,,,,,,,,,,,,,,3.269270658493042,,,,,,,,,,,,,,,,,,,,,,,,,,,,,,,,,,,,,,,,,,,,,,,,,,
,0.001,2049,,,,,,,,,,,,,,,,,,,,,,,,,,,,,,,,,,,,,,,,,,,,,,,,,,,,,,,,,,,,,,,,,,,,,,,,,,,,,,,,,,,,,,,,,,,,,,,,,,,,
42,,2049,,,,,,,,,,,,,,,,,,,,,,,,,,,,,,,,,,,,,,,,,,,,,,,,,,,3.2695252895355225,,,,,,,,,,,,,,,,,,,,,,,,,,,,,,,,,,,,,,,,,,,,,,,,,
42,,2063,,,,,,,,,,,,,,,,,,,,,,,,,,,,,,,,,,,,,,,,,,,,,,,,,,,,0.8460775017738342,0.5935863852500916,0.011009174399077892,0.03669724613428116,0.07339449226856232,0.022018348798155785,0.009135293774306774,0.004525315947830677,0.005360086914151907,0.009954062290489674,0.015051666647195816,0.007614361587911844,0.0,0.0,0.0,0.0,0.0,0.0,0.0,0.0,0.1600993424654007,0.43145695328712463,0.5182119011878967,0.3422185480594635,0.07665994763374329,0.07426299154758453,0.08633328974246979,0.14086775481700897,0.1529652625322342,0.1263805329799652,0.8711198568344116,0.17488625645637512,0.4706096351146698,0.5623293519020081,0.37397632002830505,0.08335711807012558,0.08117964118719101,0.09436430037021637,0.15385191142559052,0.1666436791419983,0.1381598711013794,0.010968921706080437,0.036563072353601456,0.07312614470720291,0.021937843412160873,0.005340488627552986,0.009917667135596275,0.014996635727584362,0.0075865210965275764
42,,2063,,,,,,,,,,,,,,,,,,,,,,,,,,,,,,,,,,,,,,,,,,,,,,,,,,3.267627716064453,,,,,,,,,,,,,,,,,,,,,,,,,,,,,,,,,,,,,,,,,,,,,,,,,,
,0.001,2099,,,,,,,,,,,,,,,,,,,,,,,,,,,,,,,,,,,,,,,,,,,,,,,,,,,,,,,,,,,,,,,,,,,,,,,,,,,,,,,,,,,,,,,,,,,,,,,,,,,,
43,,2099,,,,,,,,,,,,,,,,,,,,,,,,,,,,,,,,,,,,,,,,,,,,,,,,,,,3.2892308235168457,,,,,,,,,,,,,,,,,,,,,,,,,,,,,,,,,,,,,,,,,,,,,,,,,
43,,2111,,,,,,,,,,,,,,,,,,,,,,,,,,,,,,,,,,,,,,,,,,,,,,,,,,,,0.8474646806716919,0.5977514386177063,0.012844037264585495,0.05137614905834198,0.078899085521698,0.023853210732340813,0.011397525668144226,0.006814934778958559,0.00755608594045043,0.014285190962255001,0.018103009089827538,0.009882285259664059,0.0,0.0,0.0,0.0,0.0,0.0,0.0,0.0,0.157450333237648,0.4347682297229767,0.5210264921188354,0.34668874740600586,0.07701054215431213,0.0746275931596756,0.08573190122842789,0.14166299998760223,0.15372519195079803,0.12739677727222443,0.8722314834594727,0.17179253697395325,0.47279343008995056,0.5648771524429321,0.3787079155445099,0.08351811021566391,0.0813533216714859,0.09348546713590622,0.15429647266864777,0.16717635095119476,0.13905198872089386,0.01279707532376051,0.05118830129504204,0.0786106064915657,0.02376599609851837,0.007528458721935749,0.014232960529625416,0.018036819994449615,0.009846152737736702
43,,2111,,,,,,,,,,,,,,,,,,,,,,,,,,,,,,,,,,,,,,,,,,,,,,,,,,3.2627272605895996,,,,,,,,,,,,,,,,,,,,,,,,,,,,,,,,,,,,,,,,,,,,,,,,,,
,0.001,2149,,,,,,,,,,,,,,,,,,,,,,,,,,,,,,,,,,,,,,,,,,,,,,,,,,,,,,,,,,,,,,,,,,,,,,,,,,,,,,,,,,,,,,,,,,,,,,,,,,,,
44,,2149,,,,,,,,,,,,,,,,,,,,,,,,,,,,,,,,,,,,,,,,,,,,,,,,,,,3.2210631370544434,,,,,,,,,,,,,,,,,,,,,,,,,,,,,,,,,,,,,,,,,,,,,,,,,
44,,2159,,,,,,,,,,,,,,,,,,,,,,,,,,,,,,,,,,,,,,,,,,,,,,,,,,,,0.8475223779678345,0.5965425968170166,0.00917431153357029,0.056880734860897064,0.07339449226856232,0.022018348798155785,0.008542305789887905,0.003932327497750521,0.004436355084180832,0.0126271340996027,0.0148713244125247,0.007074680645018816,0.0,0.0,0.0,0.0,0.0,0.0,0.0,0.0,0.16258278489112854,0.4324503242969513,0.5246688723564148,0.3514900803565979,0.07868456095457077,0.07631973177194595,0.08830524235963821,0.142900288105011,0.15580789744853973,0.12979191541671753,0.8724148273468018,0.17779798805713654,0.4696997106075287,0.5694267153739929,0.3841674029827118,0.08564133942127228,0.08349919319152832,0.09662345051765442,0.15582092106342316,0.16978614032268524,0.14196312427520752,0.009140768088400364,0.05667276307940483,0.07312614470720291,0.021937843412160873,0.004420134704560041,0.012580965645611286,0.014816951006650925,0.007048813626170158
44,,2159,,,,,,,,,,,,,,,,,,,,,,,,,,,,,,,,,,,,,,,,,,,,,,,,,,3.2602927684783936,,,,,,,,,,,,,,,,,,,,,,,,,,,,,,,,,,,,,,,,,,,,,,,,,,
,0.001,2199,,,,,,,,,,,,,,,,,,,,,,,,,,,,,,,,,,,,,,,,,,,,,,,,,,,,,,,,,,,,,,,,,,,,,,,,,,,,,,,,,,,,,,,,,,,,,,,,,,,,
45,,2199,,,,,,,,,,,,,,,,,,,,,,,,,,,,,,,,,,,,,,,,,,,,,,,,,,,3.286970615386963,,,,,,,,,,,,,,,,,,,,,,,,,,,,,,,,,,,,,,,,,,,,,,,,,
45,,2207,,,,,,,,,,,,,,,,,,,,,,,,,,,,,,,,,,,,,,,,,,,,,,,,,,,,0.8476192951202393,0.5961756110191345,0.011009174399077892,0.05137614905834198,0.08073394745588303,0.029357798397541046,0.00959587562829256,0.0050224126316607,0.00556518416851759,0.012764479964971542,0.01687142625451088,0.00925457663834095,0.0,0.0,0.0,0.0,0.0,0.0,0.0,0.0,0.156622514128685,0.43145695328712463,0.5221854448318481,0.3476821184158325,0.07640177011489868,0.07402458786964417,0.0850716382265091,0.14055323600769043,0.15324276685714722,0.12697382271289825,0.8725577592849731,0.1710646003484726,0.4691537618637085,0.5659690499305725,0.3792538642883301,0.08302764594554901,0.08086829632520676,0.09295717626810074,0.15322746336460114,0.16676822304725647,0.1386493295431137,0.010968921706080437,0.05118830129504204,0.0804387629032135,0.029250457882881165,0.005544836167246103,0.012717810459434986,0.01680973917245865,0.009220738895237446
45,,2207,,,,,,,,,,,,,,,,,,,,,,,,,,,,,,,,,,,,,,,,,,,,,,,,,,3.2569923400878906,,,,,,,,,,,,,,,,,,,,,,,,,,,,,,,,,,,,,,,,,,,,,,,,,,
,0.001,2249,,,,,,,,,,,,,,,,,,,,,,,,,,,,,,,,,,,,,,,,,,,,,,,,,,,,,,,,,,,,,,,,,,,,,,,,,,,,,,,,,,,,,,,,,,,,,,,,,,,,
46,,2249,,,,,,,,,,,,,,,,,,,,,,,,,,,,,,,,,,,,,,,,,,,,,,,,,,,3.186676263809204,,,,,,,,,,,,,,,,,,,,,,,,,,,,,,,,,,,,,,,,,,,,,,,,,
46,,2255,,,,,,,,,,,,,,,,,,,,,,,,,,,,,,,,,,,,,,,,,,,,,,,,,,,,0.8484902381896973,0.5955619812011719,0.00917431153357029,0.04403669759631157,0.07339449226856232,0.023853210732340813,0.008142795413732529,0.003532817354425788,0.004107200540602207,0.010387562215328217,0.01437784917652607,0.007132548838853836,0.0,0.0,0.0,0.0,0.0,0.0,0.0,0.0,0.15844370424747467,0.43344372510910034,0.5258278250694275,0.34751656651496887,0.07796066254377365,0.07560160011053085,0.0865854024887085,0.14228135347366333,0.1551826298236847,0.12832678854465485,0.873575747013092,0.17324841022491455,0.4720655083656311,0.5707006454467773,0.379617840051651,0.08488526940345764,0.08274945616722107,0.09476567804813385,0.15536272525787354,0.1691478043794632,0.1403469741344452,0.009140768088400364,0.04387568682432175,0.07312614470720291,0.02376599609851837,0.00409218342974782,0.010349582880735397,0.014325277879834175,0.007106469012796879
46,,2255,,,,,,,,,,,,,,,,,,,,,,,,,,,,,,,,,,,,,,,,,,,,,,,,,,3.2573792934417725,,,,,,,,,,,,,,,,,,,,,,,,,,,,,,,,,,,,,,,,,,,,,,,,,,
,0.001,2299,,,,,,,,,,,,,,,,,,,,,,,,,,,,,,,,,,,,,,,,,,,,,,,,,,,,,,,,,,,,,,,,,,,,,,,,,,,,,,,,,,,,,,,,,,,,,,,,,,,,
47,,2299,,,,,,,,,,,,,,,,,,,,,,,,,,,,,,,,,,,,,,,,,,,,,,,,,,,3.223933219909668,,,,,,,,,,,,,,,,,,,,,,,,,,,,,,,,,,,,,,,,,,,,,,,,,
47,,2303,,,,,,,,,,,,,,,,,,,,,,,,,,,,,,,,,,,,,,,,,,,,,,,,,,,,0.8490208387374878,0.5999014377593994,0.011009174399077892,0.047706421464681625,0.07706422358751297,0.027522936463356018,0.008640137501060963,0.00404841685667634,0.004891992546617985,0.011448351666331291,0.015562190674245358,0.008178464137017727,0.0,0.0,0.0,0.0,0.0,0.0,0.0,0.0,0.16142384707927704,0.43824502825737,0.5291391015052795,0.3523178994655609,0.08014610409736633,0.07780351489782333,0.08890655636787415,0.1449771523475647,0.15770642459392548,0.13106539845466614,0.8737287521362305,0.17634212970733643,0.4769790768623352,0.5739763379096985,0.3845313787460327,0.0872381404042244,0.0851186141371727,0.09723921120166779,0.15822067856788635,0.17180442810058594,0.14325344562530518,0.010968921706080437,0.04753199219703674,0.07678245007991791,0.027422305196523666,0.0048741064965724945,0.011406492441892624,0.01550529059022665,0.008148561231791973
47,,2303,,,,,,,,,,,,,,,,,,,,,,,,,,,,,,,,,,,,,,,,,,,,,,,,,,3.253366231918335,,,,,,,,,,,,,,,,,,,,,,,,,,,,,,,,,,,,,,,,,,,,,,,,,,
,0.001,2349,,,,,,,,,,,,,,,,,,,,,,,,,,,,,,,,,,,,,,,,,,,,,,,,,,,,,,,,,,,,,,,,,,,,,,,,,,,,,,,,,,,,,,,,,,,,,,,,,,,,
48,,2349,,,,,,,,,,,,,,,,,,,,,,,,,,,,,,,,,,,,,,,,,,,,,,,,,,,3.1894354820251465,,,,,,,,,,,,,,,,,,,,,,,,,,,,,,,,,,,,,,,,,,,,,,,,,
48,,2351,,,,,,,,,,,,,,,,,,,,,,,,,,,,,,,,,,,,,,,,,,,,,,,,,,,,0.8489624261856079,0.5968950390815735,0.011009174399077892,0.0458715595304966,0.07155963033437729,0.029357798397541046,0.010565710254013538,0.005946604534983635,0.006436699070036411,0.012702790088951588,0.01628153771162033,0.010059880092740059,0.0,0.0,0.0,0.0,0.0,0.0,0.0,0.0,0.1678808033466339,0.4408940374851227,0.5264900922775269,0.3572847843170166,0.08202748745679855,0.07967172563076019,0.09195403009653091,0.14722229540348053,0.15915948152542114,0.1336500644683838,0.8739628195762634,0.1834394931793213,0.4800727963447571,0.5716105699539185,0.38980892300605774,0.08911515027284622,0.08698385208845139,0.10043573379516602,0.16056407988071442,0.17333026230335236,0.14590787887573242,0.010968921706080437,0.045703839510679245,0.07129798829555511,0.029250457882881165,0.006413164548575878,0.012656345032155514,0.01622200757265091,0.010023098438978195
48,,2351,,,,,,,,,,,,,,,,,,,,,,,,,,,,,,,,,,,,,,,,,,,,,,,,,,3.2535221576690674,,,,,,,,,,,,,,,,,,,,,,,,,,,,,,,,,,,,,,,,,,,,,,,,,,
,0.001,2399,,,,,,,,,,,,,,,,,,,,,,,,,,,,,,,,,,,,,,,,,,,,,,,,,,,,,,,,,,,,,,,,,,,,,,,,,,,,,,,,,,,,,,,,,,,,,,,,,,,,
49,,2399,,,,,,,,,,,,,,,,,,,,,,,,,,,,,,,,,,,,,,,,,,,,,,,,,,,3.5722811222076416,,,,,,,,,,,,,,,,,,,,,,,,,,,,,,,,,,,,,,,,,,,,,,,,,
49,,2399,,,,,,,,,,,,,,,,,,,,,,,,,,,,,,,,,,,,,,,,,,,,,,,,,,,,0.8487221002578735,0.5943069458007812,0.00917431153357029,0.05137614905834198,0.07155963033437729,0.023853210732340813,0.009159899316728115,0.004540793132036924,0.004703983198851347,0.012403463944792747,0.015217888168990612,0.007833339273929596,0.0,0.0,0.0,0.0,0.0,0.0,0.0,0.0,0.1586092710494995,0.43692052364349365,0.5259934067726135,0.34619206190109253,0.07641954720020294,0.0740613043308258,0.08552706241607666,0.14145706593990326,0.15389753878116608,0.12674646079540253,0.8739551901817322,0.17343038320541382,0.475159227848053,0.5710645914077759,0.3781619668006897,0.08309042453765869,0.08095642179250717,0.09354317933320999,0.15425673127174377,0.1676519215106964,0.1385403871536255,0.009140768088400364,0.05118830129504204,0.07129798829555511,0.02376599609851837,0.004686783999204636,0.012358113192021847,0.015162247233092785,0.007804698310792446
49,,2399,,,,,,,,,,,,,,,,,,,,,,,,,,,,,,,,,,,,,,,,,,,,,,,,,,3.246903896331787,,,,,,,,,,,,,,,,,,,,,,,,,,,,,,,,,,,,,,,,,,,,,,,,,,
50,,2447,,,,,,,,,,,,,,,,,,,,,,,,,,,,,,,,,,,,,,,,,,,,,,,,,,,,0.8477441668510437,0.5916666388511658,0.00917431153357029,0.04403669759631157,0.07706422358751297,0.031192660331726074,0.008950592018663883,0.0043588727712631226,0.0045189019292593,0.011114933528006077,0.01565936580300331,0.009076742455363274,0.0,0.0,0.0,0.0,0.0,0.0,0.0,0.0,0.1644039750099182,0.43725165724754333,0.5258278250694275,0.34586092829704285,0.07892722636461258,0.07656816393136978,0.08904410898685455,0.14376360177993774,0.15613941848278046,0.12892279028892517,0.8731421828269958,0.17979981005191803,0.47625112533569336,0.570336639881134,0.3770700693130493,0.08586758375167847,0.08372996002435684,0.09742741286754608,0.15691983699798584,0.17007236182689667,0.14080923795700073,0.009140768088400364,0.04387568682432175,0.07678245007991791,0.031078610569238663,0.004502379335463047,0.011074294336140156,0.015602109022438526,0.009043554775416851
50,,2447,,,,,,,,,,,,,,,,,,,,,,,,,,,,,,,,,,,,,,,,,,,,,,,,,,3.2465758323669434,,,,,,,,,,,,,,,,,,,,,,,,,,,,,,,,,,,,,,,,,,,,,,,,,,
,0.001,2449,,,,,,,,,,,,,,,,,,,,,,,,,,,,,,,,,,,,,,,,,,,,,,,,,,,,,,,,,,,,,,,,,,,,,,,,,,,,,,,,,,,,,,,,,,,,,,,,,,,,
51,,2449,,,,,,,,,,,,,,,,,,,,,,,,,,,,,,,,,,,,,,,,,,,,,,,,,,,3.2463467121124268,,,,,,,,,,,,,,,,,,,,,,,,,,,,,,,,,,,,,,,,,,,,,,,,,
51,,2495,,,,,,,,,,,,,,,,,,,,,,,,,,,,,,,,,,,,,,,,,,,,,,,,,,,,0.8491111397743225,0.5946624875068665,0.011009174399077892,0.05321101099252701,0.06972476840019226,0.027522936463356018,0.009675897657871246,0.0050476617179811,0.005700831301510334,0.013037776574492455,0.015321952290832996,0.008971699513494968,0.0,0.0,0.0,0.0,0.0,0.0,0.0,0.0,0.16572847962379456,0.4370861053466797,0.5284768342971802,0.35596027970314026,0.07937274128198624,0.0770268514752388,0.08942984789609909,0.1445457935333252,0.15730144083499908,0.13138623535633087,0.8743475675582886,0.18107369542121887,0.475159227848053,0.5739763379096985,0.3885350227355957,0.08628534525632858,0.08416582643985748,0.09773416817188263,0.1575888991355896,0.1713831126689911,0.14352744817733765,0.010968921706080437,0.053016453981399536,0.06946983933448792,0.027422305196523666,0.005679987836629152,0.012990105897188187,0.015265930444002151,0.008938895538449287
51,,2495,,,,,,,,,,,,,,,,,,,,,,,,,,,,,,,,,,,,,,,,,,,,,,,,,,3.24457049369812,,,,,,,,,,,,,,,,,,,,,,,,,,,,,,,,,,,,,,,,,,,,,,,,,,
,0.001,2499,,,,,,,,,,,,,,,,,,,,,,,,,,,,,,,,,,,,,,,,,,,,,,,,,,,,,,,,,,,,,,,,,,,,,,,,,,,,,,,,,,,,,,,,,,,,,,,,,,,,
52,,2499,,,,,,,,,,,,,,,,,,,,,,,,,,,,,,,,,,,,,,,,,,,,,,,,,,,3.219752073287964,,,,,,,,,,,,,,,,,,,,,,,,,,,,,,,,,,,,,,,,,,,,,,,,,
52,,2543,,,,,,,,,,,,,,,,,,,,,,,,,,,,,,,,,,,,,,,,,,,,,,,,,,,,0.848874032497406,0.6002199053764343,0.00917431153357029,0.047706421464681625,0.07339449226856232,0.027522936463356018,0.009146447293460369,0.004536469466984272,0.004732823930680752,0.011942713521420956,0.015523464418947697,0.008703432977199554,0.0,0.0,0.0,0.0,0.0,0.0,0.0,0.0,0.16804635524749756,0.43377482891082764,0.5279801487922668,0.3552980124950409,0.08169527351856232,0.0793469175696373,0.09214548766613007,0.1457267552614212,0.1589023917913437,0.13297472894191742,0.8735357522964478,0.18380345404148102,0.4720655083656311,0.5730664134025574,0.38780710101127625,0.08889074623584747,0.08676669001579285,0.10081516206264496,0.15899558365345,0.1731228530406952,0.14530007541179657,0.009140768088400364,0.04753199219703674,0.07312614470720291,0.027422305196523666,0.004715519491583109,0.011899047531187534,0.015466705895960331,0.008671610616147518
52,,2543,,,,,,,,,,,,,,,,,,,,,,,,,,,,,,,,,,,,,,,,,,,,,,,,,,3.241867780685425,,,,,,,,,,,,,,,,,,,,,,,,,,,,,,,,,,,,,,,,,,,,,,,,,,
,0.001,2549,,,,,,,,,,,,,,,,,,,,,,,,,,,,,,,,,,,,,,,,,,,,,,,,,,,,,,,,,,,,,,,,,,,,,,,,,,,,,,,,,,,,,,,,,,,,,,,,,,,,
53,,2549,,,,,,,,,,,,,,,,,,,,,,,,,,,,,,,,,,,,,,,,,,,,,,,,,,,3.284294366836548,,,,,,,,,,,,,,,,,,,,,,,,,,,,,,,,,,,,,,,,,,,,,,,,,
53,,2591,,,,,,,,,,,,,,,,,,,,,,,,,,,,,,,,,,,,,,,,,,,,,,,,,,,,0.8480228185653687,0.5968679785728455,0.011009174399077892,0.047706421464681625,0.078899085521698,0.02568807452917099,0.010372079908847809,0.005789488088339567,0.006144018843770027,0.01293839793652296,0.017253734171390533,0.009345480240881443,0.0,0.0,0.0,0.0,0.0,0.0,0.0,0.0,0.16887417435646057,0.439072847366333,0.5294702053070068,0.3610927164554596,0.08050069212913513,0.07815974950790405,0.09099719673395157,0.14598451554775238,0.15863217413425446,0.13332387804985046,0.8729326128959656,0.18453139066696167,0.47788897156715393,0.5741583108901978,0.39435848593711853,0.087456114590168,0.08533750474452972,0.09941302984952927,0.1591801643371582,0.17265422642230988,0.1456201821565628,0.010968921706080437,0.04753199219703674,0.0786106064915657,0.02559415064752102,0.006121554411947727,0.012891091406345367,0.01719065010547638,0.009311310015618801
53,,2591,,,,,,,,,,,,,,,,,,,,,,,,,,,,,,,,,,,,,,,,,,,,,,,,,,3.2424588203430176,,,,,,,,,,,,,,,,,,,,,,,,,,,,,,,,,,,,,,,,,,,,,,,,,,
,0.001,2599,,,,,,,,,,,,,,,,,,,,,,,,,,,,,,,,,,,,,,,,,,,,,,,,,,,,,,,,,,,,,,,,,,,,,,,,,,,,,,,,,,,,,,,,,,,,,,,,,,,,
54,,2599,,,,,,,,,,,,,,,,,,,,,,,,,,,,,,,,,,,,,,,,,,,,,,,,,,,3.2250826358795166,,,,,,,,,,,,,,,,,,,,,,,,,,,,,,,,,,,,,,,,,,,,,,,,,
54,,2639,,,,,,,,,,,,,,,,,,,,,,,,,,,,,,,,,,,,,,,,,,,,,,,,,,,,0.8487342000007629,0.5939860939979553,0.011009174399077892,0.0458715595304966,0.07706422358751297,0.027522936463356018,0.011313870549201965,0.00672215037047863,0.006924230605363846,0.013294924981892109,0.017676344141364098,0.010332782752811909,0.0,0.0,0.0,0.0,0.0,0.0,0.0,0.0,0.16970199346542358,0.437582790851593,0.5283112525939941,0.3541390895843506,0.08209201693534851,0.07974530756473541,0.09255988895893097,0.14675943553447723,0.15941274166107178,0.13323163986206055,0.8740003108978271,0.1854413002729416,0.4764330983161926,0.5730664134025574,0.3865332007408142,0.08911187201738358,0.08698782324790955,0.10105331242084503,0.15999658405780792,0.17347030341625214,0.1454208940267563,0.010968921706080437,0.045703839510679245,0.07678245007991791,0.027422305196523666,0.006898913998156786,0.013246314600110054,0.01761171594262123,0.010295002721250057
54,,2639,,,,,,,,,,,,,,,,,,,,,,,,,,,,,,,,,,,,,,,,,,,,,,,,,,3.2381396293640137,,,,,,,,,,,,,,,,,,,,,,,,,,,,,,,,,,,,,,,,,,,,,,,,,,
,0.001,2649,,,,,,,,,,,,,,,,,,,,,,,,,,,,,,,,,,,,,,,,,,,,,,,,,,,,,,,,,,,,,,,,,,,,,,,,,,,,,,,,,,,,,,,,,,,,,,,,,,,,
55,,2649,,,,,,,,,,,,,,,,,,,,,,,,,,,,,,,,,,,,,,,,,,,,,,,,,,,3.128324508666992,,,,,,,,,,,,,,,,,,,,,,,,,,,,,,,,,,,,,,,,,,,,,,,,,
55,,2687,,,,,,,,,,,,,,,,,,,,,,,,,,,,,,,,,,,,,,,,,,,,,,,,,,,,0.8484308123588562,0.5956839919090271,0.011009174399077892,0.05137614905834198,0.08073394745588303,0.031192660331726074,0.01144441869109869,0.006870955694466829,0.007142732851207256,0.014278879389166832,0.018322844058275223,0.011054936796426773,0.0,0.0,0.0,0.0,0.0,0.0,0.0,0.0,0.16390728950500488,0.4355960190296173,0.5288079380989075,0.35397350788116455,0.08149077743291855,0.07914653420448303,0.09050066769123077,0.1458050012588501,0.15883566439151764,0.13253889977931976,0.8734985589981079,0.17907187342643738,0.4737033545970917,0.5732483863830566,0.385987251996994,0.08843804895877838,0.08631490916013718,0.0987681895494461,0.15884990990161896,0.1727718859910965,0.14458779990673065,0.010968921706080437,0.05118830129504204,0.0804387629032135,0.031078610569238663,0.007116616703569889,0.014226671308279037,0.018255850300192833,0.011014516465365887
55,,2687,,,,,,,,,,,,,,,,,,,,,,,,,,,,,,,,,,,,,,,,,,,,,,,,,,3.2353498935699463,,,,,,,,,,,,,,,,,,,,,,,,,,,,,,,,,,,,,,,,,,,,,,,,,,
,0.001,2699,,,,,,,,,,,,,,,,,,,,,,,,,,,,,,,,,,,,,,,,,,,,,,,,,,,,,,,,,,,,,,,,,,,,,,,,,,,,,,,,,,,,,,,,,,,,,,,,,,,,
56,,2699,,,,,,,,,,,,,,,,,,,,,,,,,,,,,,,,,,,,,,,,,,,,,,,,,,,3.254746198654175,,,,,,,,,,,,,,,,,,,,,,,,,,,,,,,,,,,,,,,,,,,,,,,,,
56,,2735,,,,,,,,,,,,,,,,,,,,,,,,,,,,,,,,,,,,,,,,,,,,,,,,,,,,0.848484218120575,0.5955879092216492,0.00917431153357029,0.056880734860897064,0.08623853325843811,0.0330275222659111,0.010921371169388294,0.006375294644385576,0.005961460992693901,0.014809365384280682,0.018853502348065376,0.0109897181391716,0.0,0.0,0.0,0.0,0.0,0.0,0.0,0.0,0.17069536447525024,0.4433774948120117,0.5288079380989075,0.3572847843170166,0.08211591094732285,0.07977167516946793,0.09267879277467728,0.14781799912452698,0.15975786745548248,0.13385550677776337,0.8735666871070862,0.18671518564224243,0.48171064257621765,0.5727024674415588,0.3894449472427368,0.08917705714702606,0.08705119788646698,0.10127951204776764,0.16100993752479553,0.1737329065799713,0.14604145288467407,0.009140768088400364,0.05667276307940483,0.0859232172369957,0.03290676325559616,0.0059396643191576,0.014755218289792538,0.018784567713737488,0.010949536226689816
56,,2735,,,,,,,,,,,,,,,,,,,,,,,,,,,,,,,,,,,,,,,,,,,,,,,,,,3.234558343887329,,,,,,,,,,,,,,,,,,,,,,,,,,,,,,,,,,,,,,,,,,,,,,,,,,
,0.001,2749,,,,,,,,,,,,,,,,,,,,,,,,,,,,,,,,,,,,,,,,,,,,,,,,,,,,,,,,,,,,,,,,,,,,,,,,,,,,,,,,,,,,,,,,,,,,,,,,,,,,
57,,2749,,,,,,,,,,,,,,,,,,,,,,,,,,,,,,,,,,,,,,,,,,,,,,,,,,,3.0565719604492188,,,,,,,,,,,,,,,,,,,,,,,,,,,,,,,,,,,,,,,,,,,,,,,,,
57,,2783,,,,,,,,,,,,,,,,,,,,,,,,,,,,,,,,,,,,,,,,,,,,,,,,,,,,0.8489740490913391,0.590505063533783,0.011009174399077892,0.04954128339886665,0.078899085521698,0.031192660331726074,0.009992798790335655,0.005410207435488701,0.005823370069265366,0.012950996868312359,0.016995249316096306,0.010018042288720608,0.0,0.0,0.0,0.0,0.0,0.0,0.0,0.0,0.17019867897033691,0.437582790851593,0.5299668908119202,0.3556291460990906,0.07938338816165924,0.07704491168260574,0.09069360792636871,0.14471027255058289,0.15762118995189667,0.13142982125282288,0.8746091723442078,0.18598726391792297,0.4760691523551941,0.5747042894363403,0.38780710101127625,0.08626560866832733,0.08414971828460693,0.09911111742258072,0.1577782928943634,0.1715686172246933,0.1434715837240219,0.010968921706080437,0.04936014860868454,0.0786106064915657,0.031078610569238663,0.0058020781725645065,0.012903645634651184,0.01693311147391796,0.009981413371860981
57,,2783,,,,,,,,,,,,,,,,,,,,,,,,,,,,,,,,,,,,,,,,,,,,,,,,,,3.2339892387390137,,,,,,,,,,,,,,,,,,,,,,,,,,,,,,,,,,,,,,,,,,,,,,,,,,
,0.001,2799,,,,,,,,,,,,,,,,,,,,,,,,,,,,,,,,,,,,,,,,,,,,,,,,,,,,,,,,,,,,,,,,,,,,,,,,,,,,,,,,,,,,,,,,,,,,,,,,,,,,
58,,2799,,,,,,,,,,,,,,,,,,,,,,,,,,,,,,,,,,,,,,,,,,,,,,,,,,,3.3176369667053223,,,,,,,,,,,,,,,,,,,,,,,,,,,,,,,,,,,,,,,,,,,,,,,,,
58,,2831,,,,,,,,,,,,,,,,,,,,,,,,,,,,,,,,,,,,,,,,,,,,,,,,,,,,0.8503243327140808,0.5952622294425964,0.0073394495993852615,0.047706421464681625,0.07339449226856232,0.02568807452917099,0.008908643387258053,0.004298666026443243,0.004068918060511351,0.011480795219540596,0.015089062973856926,0.007938393391668797,0.0,0.0,0.0,0.0,0.0,0.0,0.0,0.0,0.16920530796051025,0.4410596191883087,0.5346026420593262,0.3599337935447693,0.08080266416072845,0.07848725467920303,0.0914265438914299,0.14652270078659058,0.15955287218093872,0.1333846151828766,0.8756215572357178,0.18525932729244232,0.4800727963447571,0.5803457498550415,0.3930846154689789,0.08793318271636963,0.08584535121917725,0.10009075701236725,0.15991629660129547,0.173880934715271,0.14582650363445282,0.007312614470720291,0.04753199219703674,0.07312614470720291,0.02559415064752102,0.004054040648043156,0.011438817717134953,0.015033893287181854,0.00790936779230833
58,,2831,,,,,,,,,,,,,,,,,,,,,,,,,,,,,,,,,,,,,,,,,,,,,,,,,,3.228455066680908,,,,,,,,,,,,,,,,,,,,,,,,,,,,,,,,,,,,,,,,,,,,,,,,,,
,0.001,2849,,,,,,,,,,,,,,,,,,,,,,,,,,,,,,,,,,,,,,,,,,,,,,,,,,,,,,,,,,,,,,,,,,,,,,,,,,,,,,,,,,,,,,,,,,,,,,,,,,,,
59,,2849,,,,,,,,,,,,,,,,,,,,,,,,,,,,,,,,,,,,,,,,,,,,,,,,,,,3.1741628646850586,,,,,,,,,,,,,,,,,,,,,,,,,,,,,,,,,,,,,,,,,,,,,,,,,
59,,2879,,,,,,,,,,,,,,,,,,,,,,,,,,,,,,,,,,,,,,,,,,,,,,,,,,,,0.8493932485580444,0.5953195691108704,0.011009174399077892,0.05321101099252701,0.07706422358751297,0.031192660331726074,0.009810240939259529,0.0052185216918587685,0.005642295349389315,0.013307279907166958,0.016576508060097694,0.009761125780642033,0.0,0.0,0.0,0.0,0.0,0.0,0.0,0.0,0.16291390359401703,0.43741723895072937,0.5316225290298462,0.3552980124950409,0.07972848415374756,0.07739825546741486,0.08896744251251221,0.1447700709104538,0.15793144702911377,0.13142412900924683,0.8745924830436707,0.177979975938797,0.4755232036113739,0.5767061114311218,0.3874431252479553,0.08666304498910904,0.08455711603164673,0.09723171591758728,0.15780869126319885,0.17195117473602295,0.1434907764196396,0.010968921706080437,0.053016453981399536,0.07678245007991791,0.031078610569238663,0.00562166515737772,0.013258624821901321,0.01651589944958687,0.009725436568260193
59,,2879,,,,,,,,,,,,,,,,,,,,,,,,,,,,,,,,,,,,,,,,,,,,,,,,,,3.2269582748413086,,,,,,,,,,,,,,,,,,,,,,,,,,,,,,,,,,,,,,,,,,,,,,,,,,
,0.001,2899,,,,,,,,,,,,,,,,,,,,,,,,,,,,,,,,,,,,,,,,,,,,,,,,,,,,,,,,,,,,,,,,,,,,,,,,,,,,,,,,,,,,,,,,,,,,,,,,,,,,
60,,2899,,,,,,,,,,,,,,,,,,,,,,,,,,,,,,,,,,,,,,,,,,,,,,,,,,,3.196601629257202,,,,,,,,,,,,,,,,,,,,,,,,,,,,,,,,,,,,,,,,,,,,,,,,,
60,,2927,,,,,,,,,,,,,,,,,,,,,,,,,,,,,,,,,,,,,,,,,,,,,,,,,,,,0.8490486741065979,0.5954550504684448,0.012844037264585495,0.04220183566212654,0.078899085521698,0.027522936463356018,0.011786194518208504,0.007203603629022837,0.00781805906444788,0.013143562711775303,0.01819721981883049,0.010831727646291256,0.0,0.0,0.0,0.0,0.0,0.0,0.0,0.0,0.1731788069009781,0.4397351145744324,0.5311258435249329,0.3596026599407196,0.08206535130739212,0.07973264902830124,0.0934930071234703,0.14737015962600708,0.16013336181640625,0.13438424468040466,0.8742004036903381,0.18908098340034485,0.47916287183761597,0.57597815990448,0.3925386667251587,0.08903570473194122,0.08692614734172821,0.10199034214019775,0.16068288683891296,0.17421072721481323,0.14663830399513245,0.01279707532376051,0.04204753413796425,0.0786106064915657,0.027422305196523666,0.007789474446326494,0.01309550553560257,0.018130682408809662,0.010792124085128307
60,,2927,,,,,,,,,,,,,,,,,,,,,,,,,,,,,,,,,,,,,,,,,,,,,,,,,,3.226578712463379,,,,,,,,,,,,,,,,,,,,,,,,,,,,,,,,,,,,,,,,,,,,,,,,,,
,0.001,2949,,,,,,,,,,,,,,,,,,,,,,,,,,,,,,,,,,,,,,,,,,,,,,,,,,,,,,,,,,,,,,,,,,,,,,,,,,,,,,,,,,,,,,,,,,,,,,,,,,,,
61,,2949,,,,,,,,,,,,,,,,,,,,,,,,,,,,,,,,,,,,,,,,,,,,,,,,,,,3.1868553161621094,,,,,,,,,,,,,,,,,,,,,,,,,,,,,,,,,,,,,,,,,,,,,,,,,
61,,2975,,,,,,,,,,,,,,,,,,,,,,,,,,,,,,,,,,,,,,,,,,,,,,,,,,,,0.8498793840408325,0.5964667797088623,0.012844037264585495,0.05137614905834198,0.06788990646600723,0.0330275222659111,0.010408252477645874,0.005770890042185783,0.006644954439252615,0.013647549785673618,0.015892498195171356,0.01070464588701725,0.0,0.0,0.0,0.0,0.0,0.0,0.0,0.0,0.17251655459403992,0.44006621837615967,0.5309602618217468,0.3581126034259796,0.08224869519472122,0.07991517335176468,0.09337141364812851,0.1476435661315918,0.16034142673015594,0.13434018194675446,0.8750129342079163,0.1883530467748642,0.4786169230937958,0.5768880844116211,0.39035487174987793,0.08937390893697739,0.08726886659860611,0.1019730269908905,0.16093343496322632,0.17466801404953003,0.14660248160362244,0.01279707532376051,0.05118830129504204,0.06764168292284012,0.03290676325559616,0.006620658561587334,0.013597650453448296,0.015834391117095947,0.010665507055819035
61,,2975,,,,,,,,,,,,,,,,,,,,,,,,,,,,,,,,,,,,,,,,,,,,,,,,,,3.2272801399230957,,,,,,,,,,,,,,,,,,,,,,,,,,,,,,,,,,,,,,,,,,,,,,,,,,
,0.001,2999,,,,,,,,,,,,,,,,,,,,,,,,,,,,,,,,,,,,,,,,,,,,,,,,,,,,,,,,,,,,,,,,,,,,,,,,,,,,,,,,,,,,,,,,,,,,,,,,,,,,
62,,2999,,,,,,,,,,,,,,,,,,,,,,,,,,,,,,,,,,,,,,,,,,,,,,,,,,,3.280449628829956,,,,,,,,,,,,,,,,,,,,,,,,,,,,,,,,,,,,,,,,,,,,,,,,,
62,,3023,,,,,,,,,,,,,,,,,,,,,,,,,,,,,,,,,,,,,,,,,,,,,,,,,,,,0.8509180545806885,0.5999637246131897,0.00917431153357029,0.047706421464681625,0.08440367132425308,0.031192660331726074,0.008268509060144424,0.0037133030127733946,0.003996515646576881,0.011167283169925213,0.0162718053907156,0.008478491567075253,0.0,0.0,0.0,0.0,0.0,0.0,0.0,0.0,0.16854305565357208,0.44039735198020935,0.5375828146934509,0.3596026599407196,0.08189647644758224,0.0795959010720253,0.0921468660235405,0.14712825417518616,0.1607033610343933,0.13402564823627472,0.8758080005645752,0.1843494027853012,0.47934484481811523,0.5825295448303223,0.39217469096183777,0.08919897675514221,0.08712201565504074,0.10088972002267838,0.160613015294075,0.1750282198190689,0.14647753536701202,0.009140768088400364,0.04753199219703674,0.0840950682759285,0.031078610569238663,0.0039819031953811646,0.011126452125608921,0.016212312504649162,0.008447492495179176
62,,3023,,,,,,,,,,,,,,,,,,,,,,,,,,,,,,,,,,,,,,,,,,,,,,,,,,3.2252535820007324,,,,,,,,,,,,,,,,,,,,,,,,,,,,,,,,,,,,,,,,,,,,,,,,,,
,0.001,3049,,,,,,,,,,,,,,,,,,,,,,,,,,,,,,,,,,,,,,,,,,,,,,,,,,,,,,,,,,,,,,,,,,,,,,,,,,,,,,,,,,,,,,,,,,,,,,,,,,,,
63,,3049,,,,,,,,,,,,,,,,,,,,,,,,,,,,,,,,,,,,,,,,,,,,,,,,,,,3.2863962650299072,,,,,,,,,,,,,,,,,,,,,,,,,,,,,,,,,,,,,,,,,,,,,,,,,
63,,3071,,,,,,,,,,,,,,,,,,,,,,,,,,,,,,,,,,,,,,,,,,,,,,,,,,,,0.850083589553833,0.5999403595924377,0.00917431153357029,0.0458715595304966,0.07339449226856232,0.02568807452917099,0.009024234488606453,0.004414256662130356,0.004732981324195862,0.011319875717163086,0.01512113306671381,0.00805033091455698,0.0,0.0,0.0,0.0,0.0,0.0,0.0,0.0,0.16523179411888123,0.4405629336833954,0.5279801487922668,0.35546359419822693,0.07933129370212555,0.07698293775320053,0.08929937332868576,0.14492973685264587,0.1571441888809204,0.1311805695295334,0.8748930096626282,0.18070973455905914,0.47970882058143616,0.5730664134025574,0.3881710469722748,0.0863044261932373,0.08418037742376328,0.0976867526769638,0.158181294798851,0.17123019695281982,0.14339275658130646,0.009140768088400364,0.045703839510679245,0.07312614470720291,0.02559415064752102,0.004715676419436932,0.0112784868106246,0.015065844170749187,0.008020897395908833
63,,3071,,,,,,,,,,,,,,,,,,,,,,,,,,,,,,,,,,,,,,,,,,,,,,,,,,3.2218456268310547,,,,,,,,,,,,,,,,,,,,,,,,,,,,,,,,,,,,,,,,,,,,,,,,,,
,0.001,3099,,,,,,,,,,,,,,,,,,,,,,,,,,,,,,,,,,,,,,,,,,,,,,,,,,,,,,,,,,,,,,,,,,,,,,,,,,,,,,,,,,,,,,,,,,,,,,,,,,,,
64,,3099,,,,,,,,,,,,,,,,,,,,,,,,,,,,,,,,,,,,,,,,,,,,,,,,,,,3.3006222248077393,,,,,,,,,,,,,,,,,,,,,,,,,,,,,,,,,,,,,,,,,,,,,,,,,
64,,3119,,,,,,,,,,,,,,,,,,,,,,,,,,,,,,,,,,,,,,,,,,,,,,,,,,,,0.849635124206543,0.5991321802139282,0.011009174399077892,0.04403669759631157,0.07339449226856232,0.027522936463356018,0.010449380613863468,0.005839403253048658,0.006261875387281179,0.012374388054013252,0.01649695262312889,0.009691456332802773,0.0,0.0,0.0,0.0,0.0,0.0,0.0,0.0,0.1748344451189041,0.44387418031692505,0.5349338054656982,0.3622516691684723,0.08410107344388962,0.08178731054067612,0.09541051834821701,0.14978504180908203,0.16250313818454742,0.13656887412071228,0.874480128288269,0.19108280539512634,0.4835304617881775,0.58070969581604,0.3954504132270813,0.09140591323375702,0.08931989222764969,0.10425237566232681,0.16341356933116913,0.17698419094085693,0.1491527110338211,0.010968921706080437,0.04387568682432175,0.07312614470720291,0.027422305196523666,0.00623898021876812,0.012329143472015858,0.016436632722616196,0.009656022302806377
64,,3119,,,,,,,,,,,,,,,,,,,,,,,,,,,,,,,,,,,,,,,,,,,,,,,,,,3.221992015838623,,,,,,,,,,,,,,,,,,,,,,,,,,,,,,,,,,,,,,,,,,,,,,,,,,
,0.001,3149,,,,,,,,,,,,,,,,,,,,,,,,,,,,,,,,,,,,,,,,,,,,,,,,,,,,,,,,,,,,,,,,,,,,,,,,,,,,,,,,,,,,,,,,,,,,,,,,,,,,
65,,3149,,,,,,,,,,,,,,,,,,,,,,,,,,,,,,,,,,,,,,,,,,,,,,,,,,,3.2306718826293945,,,,,,,,,,,,,,,,,,,,,,,,,,,,,,,,,,,,,,,,,,,,,,,,,
65,,3167,,,,,,,,,,,,,,,,,,,,,,,,,,,,,,,,,,,,,,,,,,,,,,,,,,,,0.8497676849365234,0.5968570113182068,0.00917431153357029,0.04220183566212654,0.08073394745588303,0.023853210732340813,0.010517029091715813,0.0059435670264065266,0.005857864394783974,0.012046927586197853,0.017397752031683922,0.009059133008122444,0.0,0.0,0.0,0.0,0.0,0.0,0.0,0.0,0.16688741743564606,0.43658941984176636,0.5279801487922668,0.35711920261383057,0.08222506195306778,0.07987670600414276,0.09202509373426437,0.146726593375206,0.1595030277967453,0.1338261216878891,0.8748515248298645,0.18252956867218018,0.47570517659187317,0.5723384618759155,0.3901728689670563,0.08933714032173157,0.08720947057008743,0.10057123750448227,0.16008427739143372,0.17359717190265656,0.14620064198970795,0.009140768088400364,0.04204753413796425,0.0804387629032135,0.02376599609851837,0.005836446303874254,0.012002880685031414,0.017334142699837685,0.00902600958943367
65,,3167,,,,,,,,,,,,,,,,,,,,,,,,,,,,,,,,,,,,,,,,,,,,,,,,,,3.219862937927246,,,,,,,,,,,,,,,,,,,,,,,,,,,,,,,,,,,,,,,,,,,,,,,,,,
,0.001,3199,,,,,,,,,,,,,,,,,,,,,,,,,,,,,,,,,,,,,,,,,,,,,,,,,,,,,,,,,,,,,,,,,,,,,,,,,,,,,,,,,,,,,,,,,,,,,,,,,,,,
66,,3199,,,,,,,,,,,,,,,,,,,,,,,,,,,,,,,,,,,,,,,,,,,,,,,,,,,3.2583632469177246,,,,,,,,,,,,,,,,,,,,,,,,,,,,,,,,,,,,,,,,,,,,,,,,,
66,,3215,,,,,,,,,,,,,,,,,,,,,,,,,,,,,,,,,,,,,,,,,,,,,,,,,,,,0.8502201437950134,0.5969306826591492,0.011009174399077892,0.04403669759631157,0.078899085521698,0.02568807452917099,0.009480394423007965,0.0048978026024997234,0.0057306657545268536,0.011528722010552883,0.016354216262698174,0.008590014651417732,0.0,0.0,0.0,0.0,0.0,0.0,0.0,0.0,0.16854305565357208,0.4405629336833954,0.5298013091087341,0.3572847843170166,0.08268371224403381,0.08034441620111465,0.09263886511325836,0.1478176862001419,0.16026760637760162,0.13428471982479095,0.8753416538238525,0.18416741490364075,0.4798907935619354,0.5745222568511963,0.3901728689670563,0.08994408696889877,0.08782728761434555,0.10125850886106491,0.16133496165275574,0.17454108595848083,0.1467512547969818,0.010968921706080437,0.04387568682432175,0.0786106064915657,0.02559415064752102,0.0057097128592431545,0.011486570350825787,0.016294419765472412,0.008558607660233974
66,,3215,,,,,,,,,,,,,,,,,,,,,,,,,,,,,,,,,,,,,,,,,,,,,,,,,,3.2175486087799072,,,,,,,,,,,,,,,,,,,,,,,,,,,,,,,,,,,,,,,,,,,,,,,,,,
,0.001,3249,,,,,,,,,,,,,,,,,,,,,,,,,,,,,,,,,,,,,,,,,,,,,,,,,,,,,,,,,,,,,,,,,,,,,,,,,,,,,,,,,,,,,,,,,,,,,,,,,,,,
67,,3249,,,,,,,,,,,,,,,,,,,,,,,,,,,,,,,,,,,,,,,,,,,,,,,,,,,3.2260334491729736,,,,,,,,,,,,,,,,,,,,,,,,,,,,,,,,,,,,,,,,,,,,,,,,,
67,,3263,,,,,,,,,,,,,,,,,,,,,,,,,,,,,,,,,,,,,,,,,,,,,,,,,,,,0.8497942090034485,0.5974240899085999,0.012844037264585495,0.04220183566212654,0.078899085521698,0.022018348798155785,0.010890948586165905,0.006308357231318951,0.007182994391769171,0.012264036573469639,0.0173159372061491,0.009007939137518406,0.0,0.0,0.0,0.0,0.0,0.0,0.0,0.0,0.17185430228710175,0.435927152633667,0.5319536328315735,0.35430464148521423,0.08268170058727264,0.08035311102867126,0.09365493059158325,0.1471356302499771,0.16052839159965515,0.13389182090759277,0.8748244047164917,0.18762511014938354,0.4749772548675537,0.5768880844116211,0.38726115226745605,0.08980198204517365,0.08769694715738297,0.10223131626844406,0.16051232814788818,0.17473232746124268,0.14627790451049805,0.01279707532376051,0.04204753413796425,0.0786106064915657,0.021937843412160873,0.007156731560826302,0.012219195254147053,0.017252624034881592,0.00897500291466713
67,,3263,,,,,,,,,,,,,,,,,,,,,,,,,,,,,,,,,,,,,,,,,,,,,,,,,,3.2177035808563232,,,,,,,,,,,,,,,,,,,,,,,,,,,,,,,,,,,,,,,,,,,,,,,,,,
,0.001,3299,,,,,,,,,,,,,,,,,,,,,,,,,,,,,,,,,,,,,,,,,,,,,,,,,,,,,,,,,,,,,,,,,,,,,,,,,,,,,,,,,,,,,,,,,,,,,,,,,,,,
68,,3299,,,,,,,,,,,,,,,,,,,,,,,,,,,,,,,,,,,,,,,,,,,,,,,,,,,3.151068925857544,,,,,,,,,,,,,,,,,,,,,,,,,,,,,,,,,,,,,,,,,,,,,,,,,
68,,3311,,,,,,,,,,,,,,,,,,,,,,,,,,,,,,,,,,,,,,,,,,,,,,,,,,,,0.8499290347099304,0.5939679741859436,0.011009174399077892,0.04403669759631157,0.06788990646600723,0.027522936463356018,0.010523185133934021,0.005885821767151356,0.0064546470530331135,0.012370640411973,0.015666987746953964,0.009807117283344269,0.0,0.0,0.0,0.0,0.0,0.0,0.0,0.0,0.16688741743564606,0.4402318000793457,0.5309602618217468,0.35596027970314026,0.08226190507411957,0.07992836087942123,0.0919712483882904,0.14732171595096588,0.1599796712398529,0.1336672008037567,0.8753154277801514,0.18234758079051971,0.4795268476009369,0.5768880844116211,0.3885350227355957,0.0893770083785057,0.08727198094129562,0.10045287013053894,0.1607063114643097,0.17429274320602417,0.1459517627954483,0.010968921706080437,0.04387568682432175,0.06764168292284012,0.027422305196523666,0.006431047338992357,0.012325409799814224,0.01560970488935709,0.009771259501576424
68,,3311,,,,,,,,,,,,,,,,,,,,,,,,,,,,,,,,,,,,,,,,,,,,,,,,,,3.2123630046844482,,,,,,,,,,,,,,,,,,,,,,,,,,,,,,,,,,,,,,,,,,,,,,,,,,
,0.001,3349,,,,,,,,,,,,,,,,,,,,,,,,,,,,,,,,,,,,,,,,,,,,,,,,,,,,,,,,,,,,,,,,,,,,,,,,,,,,,,,,,,,,,,,,,,,,,,,,,,,,
69,,3349,,,,,,,,,,,,,,,,,,,,,,,,,,,,,,,,,,,,,,,,,,,,,,,,,,,3.2671446800231934,,,,,,,,,,,,,,,,,,,,,,,,,,,,,,,,,,,,,,,,,,,,,,,,,
69,,3359,,,,,,,,,,,,,,,,,,,,,,,,,,,,,,,,,,,,,,,,,,,,,,,,,,,,0.849532425403595,0.595812201499939,0.011009174399077892,0.04220183566212654,0.0660550445318222,0.027522936463356018,0.011558218859136105,0.006911726668477058,0.007108237594366074,0.012951448559761047,0.01634475775063038,0.010523569770157337,0.0,0.0,0.0,0.0,0.0,0.0,0.0,0.0,0.1678808033466339,0.4428808093070984,0.5288079380989075,0.3604304790496826,0.08186445385217667,0.07952021807432175,0.09170365333557129,0.14760789275169373,0.15961666405200958,0.13423983752727509,0.8746967315673828,0.1834394931793213,0.48262056708335876,0.5747042894363403,0.3934485912322998,0.08883750438690186,0.08672160655260086,0.10009392350912094,0.1609632670879364,0.17382651567459106,0.14651013910770416,0.010968921706080437,0.04204753413796425,0.06581352651119232,0.027422305196523666,0.007082248106598854,0.012904094532132149,0.016284998506307602,0.010485092177987099
69,,3359,,,,,,,,,,,,,,,,,,,,,,,,,,,,,,,,,,,,,,,,,,,,,,,,,,3.217245101928711,,,,,,,,,,,,,,,,,,,,,,,,,,,,,,,,,,,,,,,,,,,,,,,,,,
,0.001,3399,,,,,,,,,,,,,,,,,,,,,,,,,,,,,,,,,,,,,,,,,,,,,,,,,,,,,,,,,,,,,,,,,,,,,,,,,,,,,,,,,,,,,,,,,,,,,,,,,,,,
70,,3399,,,,,,,,,,,,,,,,,,,,,,,,,,,,,,,,,,,,,,,,,,,,,,,,,,,3.211052417755127,,,,,,,,,,,,,,,,,,,,,,,,,,,,,,,,,,,,,,,,,,,,,,,,,
70,,3407,,,,,,,,,,,,,,,,,,,,,,,,,,,,,,,,,,,,,,,,,,,,,,,,,,,,0.8509743213653564,0.6018304228782654,0.00917431153357029,0.04220183566212654,0.07155963033437729,0.02568807452917099,0.010617000050842762,0.005997894331812859,0.005799189675599337,0.012111912481486797,0.016259903088212013,0.009427623823285103,0.0,0.0,0.0,0.0,0.0,0.0,0.0,0.0,0.16854305565357208,0.4432119131088257,0.5329470038414001,0.3596026599407196,0.0816696435213089,0.07934600114822388,0.09175508469343185,0.14756448566913605,0.1601380705833435,0.133980393409729,0.8756846189498901,0.1843494027853012,0.4829845130443573,0.5787079334259033,0.39272063970565796,0.08871672302484512,0.0866207480430603,0.1002802699804306,0.16099880635738373,0.17440804839134216,0.14633366465568542,0.009140768088400364,0.04204753413796425,0.07129798829555511,0.02559415064752102,0.005777986254543066,0.012067628093063831,0.01620045304298401,0.009393153712153435
70,,3407,,,,,,,,,,,,,,,,,,,,,,,,,,,,,,,,,,,,,,,,,,,,,,,,,,3.213104724884033,,,,,,,,,,,,,,,,,,,,,,,,,,,,,,,,,,,,,,,,,,,,,,,,,,
,0.001,3449,,,,,,,,,,,,,,,,,,,,,,,,,,,,,,,,,,,,,,,,,,,,,,,,,,,,,,,,,,,,,,,,,,,,,,,,,,,,,,,,,,,,,,,,,,,,,,,,,,,,
71,,3449,,,,,,,,,,,,,,,,,,,,,,,,,,,,,,,,,,,,,,,,,,,,,,,,,,,3.2798585891723633,,,,,,,,,,,,,,,,,,,,,,,,,,,,,,,,,,,,,,,,,,,,,,,,,
71,,3455,,,,,,,,,,,,,,,,,,,,,,,,,,,,,,,,,,,,,,,,,,,,,,,,,,,,0.8506873250007629,0.5911841988563538,0.012844037264585495,0.0458715595304966,0.06788990646600723,0.023853210732340813,0.009838942438364029,0.005201578605920076,0.006393020506948233,0.012082002125680447,0.015159111469984055,0.00856284610927105,0.0,0.0,0.0,0.0,0.0,0.0,0.0,0.0,0.17384105920791626,0.44304636120796204,0.5321192145347595,0.36059603095054626,0.08092804998159409,0.07860028743743896,0.0927651897072792,0.1471136212348938,0.1595771461725235,0.13372386991977692,0.8764250874519348,0.1898089200258255,0.4824385643005371,0.5781619548797607,0.39399453997612,0.08797873556613922,0.08588004857301712,0.1013316661119461,0.1605062186717987,0.17390067875385284,0.14613746106624603,0.01279707532376051,0.045703839510679245,0.06764168292284012,0.02376599609851837,0.006369645707309246,0.01203782670199871,0.015103685669600964,0.008531537838280201
71,,3455,,,,,,,,,,,,,,,,,,,,,,,,,,,,,,,,,,,,,,,,,,,,,,,,,,3.2121827602386475,,,,,,,,,,,,,,,,,,,,,,,,,,,,,,,,,,,,,,,,,,,,,,,,,,
,0.001,3499,,,,,,,,,,,,,,,,,,,,,,,,,,,,,,,,,,,,,,,,,,,,,,,,,,,,,,,,,,,,,,,,,,,,,,,,,,,,,,,,,,,,,,,,,,,,,,,,,,,,
72,,3499,,,,,,,,,,,,,,,,,,,,,,,,,,,,,,,,,,,,,,,,,,,,,,,,,,,3.2955243587493896,,,,,,,,,,,,,,,,,,,,,,,,,,,,,,,,,,,,,,,,,,,,,,,,,
72,,3503,,,,,,,,,,,,,,,,,,,,,,,,,,,,,,,,,,,,,,,,,,,,,,,,,,,,0.8514126539230347,0.5939636826515198,0.012844037264585495,0.047706421464681625,0.07155963033437729,0.02568807452917099,0.013264451175928116,0.008645345456898212,0.008952542208135128,0.015125471167266369,0.0184751208871603,0.011605891399085522,0.0,0.0,0.0,0.0,0.0,0.0,0.0,0.0,0.16970199346542358,0.4460265040397644,0.5405629277229309,0.35745033621788025,0.08185912668704987,0.0795733779668808,0.09220011532306671,0.14809384942054749,0.16132491827011108,0.1337577849626541,0.8769466876983643,0.18525932729244232,0.485532283782959,0.5870791673660278,0.39035487174987793,0.08866243064403534,0.08660809695720673,0.10045669227838516,0.1612817943096161,0.17549291253089905,0.14587293565273285,0.01279707532376051,0.04753199219703674,0.07129798829555511,0.02559415064752102,0.008919809944927692,0.015070167370140553,0.01840757019817829,0.011563456617295742
72,,3503,,,,,,,,,,,,,,,,,,,,,,,,,,,,,,,,,,,,,,,,,,,,,,,,,,3.210399627685547,,,,,,,,,,,,,,,,,,,,,,,,,,,,,,,,,,,,,,,,,,,,,,,,,,
,0.001,3549,,,,,,,,,,,,,,,,,,,,,,,,,,,,,,,,,,,,,,,,,,,,,,,,,,,,,,,,,,,,,,,,,,,,,,,,,,,,,,,,,,,,,,,,,,,,,,,,,,,,
73,,3549,,,,,,,,,,,,,,,,,,,,,,,,,,,,,,,,,,,,,,,,,,,,,,,,,,,3.3213415145874023,,,,,,,,,,,,,,,,,,,,,,,,,,,,,,,,,,,,,,,,,,,,,,,,,
73,,3551,,,,,,,,,,,,,,,,,,,,,,,,,,,,,,,,,,,,,,,,,,,,,,,,,,,,0.849431037902832,0.5999164581298828,0.011009174399077892,0.05137614905834198,0.08440367132425308,0.029357798397541046,0.011391735635697842,0.006836530286818743,0.0069602071307599545,0.014158925972878933,0.018671290948987007,0.010659830644726753,0.0,0.0,0.0,0.0,0.0,0.0,0.0,0.0,0.17268212139606476,0.44006621837615967,0.5321192145347595,0.36125829815864563,0.08430322259664536,0.08197546005249023,0.09477256238460541,0.14943566918373108,0.16230250895023346,0.13663943111896515,0.8741781115531921,0.18871700763702393,0.4786169230937958,0.5765240788459778,0.39417651295661926,0.09153465181589127,0.08942781388759613,0.10348188132047653,0.16285257041454315,0.17654798924922943,0.14913420379161835,0.010968921706080437,0.05118830129504204,0.0840950682759285,0.029250457882881165,0.006934758275747299,0.014107158407568932,0.018603023141622543,0.010620854794979095
73,,3551,,,,,,,,,,,,,,,,,,,,,,,,,,,,,,,,,,,,,,,,,,,,,,,,,,3.2097673416137695,,,,,,,,,,,,,,,,,,,,,,,,,,,,,,,,,,,,,,,,,,,,,,,,,,
,0.001,3599,,,,,,,,,,,,,,,,,,,,,,,,,,,,,,,,,,,,,,,,,,,,,,,,,,,,,,,,,,,,,,,,,,,,,,,,,,,,,,,,,,,,,,,,,,,,,,,,,,,,
74,,3599,,,,,,,,,,,,,,,,,,,,,,,,,,,,,,,,,,,,,,,,,,,,,,,,,,,3.2302887439727783,,,,,,,,,,,,,,,,,,,,,,,,,,,,,,,,,,,,,,,,,,,,,,,,,
74,,3599,,,,,,,,,,,,,,,,,,,,,,,,,,,,,,,,,,,,,,,,,,,,,,,,,,,,0.8517212867736816,0.5949980616569519,0.00917431153357029,0.04036697372794151,0.06238532066345215,0.023853210732340813,0.007897556759417057,0.0032328071538358927,0.003890149062499404,0.009622082114219666,0.012684240937232971,0.006942035164684057,0.0,0.0,0.0,0.0,0.0,0.0,0.0,0.0,0.17301325500011444,0.44586092233657837,0.5372516512870789,0.3653973639011383,0.08246561884880066,0.0801633968949318,0.09361054748296738,0.14874307811260223,0.16151627898216248,0.13567489385604858,0.8771834373474121,0.18926295638084412,0.4860782325267792,0.5843493938446045,0.39927205443382263,0.08986135572195053,0.08779344707727432,0.10250911861658096,0.1625412553548813,0.17627760767936707,0.14844274520874023,0.009140768088400364,0.04021938145160675,0.062157221138477325,0.02376599609851837,0.0038759256713092327,0.00958690233528614,0.012637865729629993,0.006916652899235487
74,,3599,,,,,,,,,,,,,,,,,,,,,,,,,,,,,,,,,,,,,,,,,,,,,,,,,,3.2054803371429443,,,,,,,,,,,,,,,,,,,,,,,,,,,,,,,,,,,,,,,,,,,,,,,,,,
75,,3647,,,,,,,,,,,,,,,,,,,,,,,,,,,,,,,,,,,,,,,,,,,,,,,,,,,,0.8509476184844971,0.5943030118942261,0.0073394495993852615,0.047706421464681625,0.06788990646600723,0.027522936463356018,0.009353852830827236,0.004716488998383284,0.004281188361346722,0.011982571333646774,0.014788426458835602,0.008747333660721779,0.0,0.0,0.0,0.0,0.0,0.0,0.0,0.0,0.17119204998016357,0.44420531392097473,0.5362582802772522,0.35943707823753357,0.0834389179944992,0.08113174885511398,0.09393533319234848,0.1493072360754013,0.16217489540576935,0.13550089299678802,0.8764019012451172,0.18744312226772308,0.4835304617881775,0.5827115178108215,0.3923566937446594,0.09078675508499146,0.08871069550514221,0.10282731801271439,0.16292724013328552,0.17679284512996674,0.14807243645191193,0.007312614470720291,0.04753199219703674,0.06764168292284012,0.027422305196523666,0.004265535157173872,0.011938760057091713,0.014734355732798576,0.008715351112186909
75,,3647,,,,,,,,,,,,,,,,,,,,,,,,,,,,,,,,,,,,,,,,,,,,,,,,,,3.2064857482910156,,,,,,,,,,,,,,,,,,,,,,,,,,,,,,,,,,,,,,,,,,,,,,,,,,
,0.0001,3649,,,,,,,,,,,,,,,,,,,,,,,,,,,,,,,,,,,,,,,,,,,,,,,,,,,,,,,,,,,,,,,,,,,,,,,,,,,,,,,,,,,,,,,,,,,,,,,,,,,,
76,,3649,,,,,,,,,,,,,,,,,,,,,,,,,,,,,,,,,,,,,,,,,,,,,,,,,,,3.0387063026428223,,,,,,,,,,,,,,,,,,,,,,,,,,,,,,,,,,,,,,,,,,,,,,,,,
76,,3695,,,,,,,,,,,,,,,,,,,,,,,,,,,,,,,,,,,,,,,,,,,,,,,,,,,,0.8522139191627502,0.5951972007751465,0.012844037264585495,0.047706421464681625,0.07155963033437729,0.027522936463356018,0.010836244560778141,0.006217137910425663,0.007021615281701088,0.013173739425837994,0.016469934955239296,0.00996460672467947,0.0,0.0,0.0,0.0,0.0,0.0,0.0,0.0,0.1763245016336441,0.44652318954467773,0.5390728712081909,0.37019866704940796,0.08580906689167023,0.08351588994264603,0.09680390357971191,0.15182286500930786,0.16477233171463013,0.1394374817609787,0.8777050375938416,0.19253866374492645,0.4860782325267792,0.5854412913322449,0.40418562293052673,0.09324494749307632,0.09118246287107468,0.10570859909057617,0.16557423770427704,0.1794811189174652,0.15227873623371124,0.01279707532376051,0.04753199219703674,0.07129798829555511,0.027422305196523666,0.006995942443609238,0.013125572353601456,0.01640971563756466,0.009928173385560513
76,,3695,,,,,,,,,,,,,,,,,,,,,,,,,,,,,,,,,,,,,,,,,,,,,,,,,,3.1865885257720947,,,,,,,,,,,,,,,,,,,,,,,,,,,,,,,,,,,,,,,,,,,,,,,,,,
,0.0001,3699,,,,,,,,,,,,,,,,,,,,,,,,,,,,,,,,,,,,,,,,,,,,,,,,,,,,,,,,,,,,,,,,,,,,,,,,,,,,,,,,,,,,,,,,,,,,,,,,,,,,
77,,3699,,,,,,,,,,,,,,,,,,,,,,,,,,,,,,,,,,,,,,,,,,,,,,,,,,,3.1200480461120605,,,,,,,,,,,,,,,,,,,,,,,,,,,,,,,,,,,,,,,,,,,,,,,,,
77,,3743,,,,,,,,,,,,,,,,,,,,,,,,,,,,,,,,,,,,,,,,,,,,,,,,,,,,0.8525295257568359,0.59552401304245,0.012844037264585495,0.047706421464681625,0.07339449226856232,0.027522936463356018,0.010759699158370495,0.006149722263216972,0.006962343119084835,0.013075534254312515,0.0166002307087183,0.009907091036438942,0.0,0.0,0.0,0.0,0.0,0.0,0.0,0.0,0.1763245016336441,0.4490066170692444,0.5420529842376709,0.3685430586338043,0.08449998497962952,0.08222164958715439,0.09582735598087311,0.15118230879306793,0.1641475409269333,0.13814212381839752,0.8780195713043213,0.19253866374492645,0.4888080060482025,0.5885350108146667,0.4023657739162445,0.09181362390518188,0.08976653218269348,0.10464109480381012,0.16487987339496613,0.1787814348936081,0.15086059272289276,0.01279707532376051,0.04753199219703674,0.07312614470720291,0.027422305196523666,0.006936886813491583,0.01302772480994463,0.01653953641653061,0.009870867244899273
77,,3743,,,,,,,,,,,,,,,,,,,,,,,,,,,,,,,,,,,,,,,,,,,,,,,,,,3.1814472675323486,,,,,,,,,,,,,,,,,,,,,,,,,,,,,,,,,,,,,,,,,,,,,,,,,,
,0.0001,3749,,,,,,,,,,,,,,,,,,,,,,,,,,,,,,,,,,,,,,,,,,,,,,,,,,,,,,,,,,,,,,,,,,,,,,,,,,,,,,,,,,,,,,,,,,,,,,,,,,,,
78,,3749,,,,,,,,,,,,,,,,,,,,,,,,,,,,,,,,,,,,,,,,,,,,,,,,,,,3.186826229095459,,,,,,,,,,,,,,,,,,,,,,,,,,,,,,,,,,,,,,,,,,,,,,,,,
78,,3791,,,,,,,,,,,,,,,,,,,,,,,,,,,,,,,,,,,,,,,,,,,,,,,,,,,,0.8522331118583679,0.5949009656906128,0.012844037264585495,0.04403669759631157,0.07155963033437729,0.02568807452917099,0.01080295629799366,0.006183849181979895,0.0069810389541089535,0.012592693790793419,0.016436662524938583,0.009650815278291702,0.0,0.0,0.0,0.0,0.0,0.0,0.0,0.0,0.17682120203971863,0.4490066170692444,0.5437086224555969,0.371192067861557,0.08578800410032272,0.0835179015994072,0.09689412266016006,0.1523035168647766,0.1654985398054123,0.13970035314559937,0.8777555227279663,0.19308461248874664,0.48917195200920105,0.5905368328094482,0.4054594933986664,0.09322510659694672,0.0911879763007164,0.10581179708242416,0.16616018116474152,0.18028268218040466,0.1525988131761551,0.01279707532376051,0.04387568682432175,0.07129798829555511,0.02559415064752102,0.006955514196306467,0.012546651996672153,0.016376566141843796,0.009615528397262096
78,,3791,,,,,,,,,,,,,,,,,,,,,,,,,,,,,,,,,,,,,,,,,,,,,,,,,,3.180668830871582,,,,,,,,,,,,,,,,,,,,,,,,,,,,,,,,,,,,,,,,,,,,,,,,,,
,0.0001,3799,,,,,,,,,,,,,,,,,,,,,,,,,,,,,,,,,,,,,,,,,,,,,,,,,,,,,,,,,,,,,,,,,,,,,,,,,,,,,,,,,,,,,,,,,,,,,,,,,,,,
79,,3799,,,,,,,,,,,,,,,,,,,,,,,,,,,,,,,,,,,,,,,,,,,,,,,,,,,3.236126184463501,,,,,,,,,,,,,,,,,,,,,,,,,,,,,,,,,,,,,,,,,,,,,,,,,
79,,3839,,,,,,,,,,,,,,,,,,,,,,,,,,,,,,,,,,,,,,,,,,,,,,,,,,,,0.8524328470230103,0.5957058072090149,0.012844037264585495,0.04954128339886665,0.07155963033437729,0.027522936463356018,0.010974908247590065,0.006355802994221449,0.007141770329326391,0.013594910502433777,0.016646966338157654,0.010071883909404278,0.0,0.0,0.0,0.0,0.0,0.0,0.0,0.0,0.1786423921585083,0.44933775067329407,0.5417218804359436,0.3708609342575073,0.08636585623025894,0.0840858668088913,0.09777048230171204,0.1529136598110199,0.16582491993904114,0.14017635583877563,0.8778952956199646,0.19508643448352814,0.4889899790287018,0.5883530378341675,0.4049135446548462,0.09384321421384811,0.09179522097110748,0.10675913840532303,0.16673144698143005,0.18062055110931396,0.15308025479316711,0.01279707532376051,0.04936014860868454,0.07129798829555511,0.027422305196523666,0.00711565837264061,0.0135452039539814,0.016586100682616234,0.010035058483481407
79,,3839,,,,,,,,,,,,,,,,,,,,,,,,,,,,,,,,,,,,,,,,,,,,,,,,,,3.1790642738342285,,,,,,,,,,,,,,,,,,,,,,,,,,,,,,,,,,,,,,,,,,,,,,,,,,
,0.0001,3849,,,,,,,,,,,,,,,,,,,,,,,,,,,,,,,,,,,,,,,,,,,,,,,,,,,,,,,,,,,,,,,,,,,,,,,,,,,,,,,,,,,,,,,,,,,,,,,,,,,,
80,,3849,,,,,,,,,,,,,,,,,,,,,,,,,,,,,,,,,,,,,,,,,,,,,,,,,,,3.1460721492767334,,,,,,,,,,,,,,,,,,,,,,,,,,,,,,,,,,,,,,,,,,,,,,,,,
80,,3887,,,,,,,,,,,,,,,,,,,,,,,,,,,,,,,,,,,,,,,,,,,,,,,,,,,,0.8527086973190308,0.5962855815887451,0.011009174399077892,0.0458715595304966,0.06972476840019226,0.02568807452917099,0.010781812481582165,0.006153578869998455,0.006491221021860838,0.012830539606511593,0.016144175082445145,0.009558380581438541,0.0,0.0,0.0,0.0,0.0,0.0,0.0,0.0,0.17996689677238464,0.4498344361782074,0.5420529842376709,0.3683774769306183,0.08578842878341675,0.08351009339094162,0.09774424880743027,0.15242867171764374,0.16532137989997864,0.13919562101364136,0.8781409859657288,0.1967242956161499,0.4898999035358429,0.5888990163803101,0.4023657739162445,0.09322766214609146,0.09118238091468811,0.1067948266863823,0.16627416014671326,0.1801169365644455,0.15205317735671997,0.010968921706080437,0.045703839510679245,0.06946983933448792,0.02559415064752102,0.006467487197369337,0.012783626094460487,0.016085147857666016,0.009523431770503521
80,,3887,,,,,,,,,,,,,,,,,,,,,,,,,,,,,,,,,,,,,,,,,,,,,,,,,,3.1793372631073,,,,,,,,,,,,,,,,,,,,,,,,,,,,,,,,,,,,,,,,,,,,,,,,,,
,0.0001,3899,,,,,,,,,,,,,,,,,,,,,,,,,,,,,,,,,,,,,,,,,,,,,,,,,,,,,,,,,,,,,,,,,,,,,,,,,,,,,,,,,,,,,,,,,,,,,,,,,,,,
81,,3899,,,,,,,,,,,,,,,,,,,,,,,,,,,,,,,,,,,,,,,,,,,,,,,,,,,3.2309467792510986,,,,,,,,,,,,,,,,,,,,,,,,,,,,,,,,,,,,,,,,,,,,,,,,,
81,,3935,,,,,,,,,,,,,,,,,,,,,,,,,,,,,,,,,,,,,,,,,,,,,,,,,,,,0.8525569438934326,0.5955433249473572,0.012844037264585495,0.047706421464681625,0.06972476840019226,0.027522936463356018,0.009807917289435863,0.005179682746529579,0.006253915838897228,0.012417412362992764,0.015440966933965683,0.009177171625196934,0.0,0.0,0.0,0.0,0.0,0.0,0.0,0.0,0.1798013299703598,0.4495033323764801,0.5422185659408569,0.371192067861557,0.0857468694448471,0.08346935361623764,0.09762624651193619,0.1524328738451004,0.16538752615451813,0.1397433578968048,0.8780477046966553,0.19636031985282898,0.4893539547920227,0.5890809893608093,0.4052775204181671,0.09327857941389084,0.09123420715332031,0.10668864846229553,0.16631975769996643,0.18025937676429749,0.15269304811954498,0.01279707532376051,0.04753199219703674,0.06946983933448792,0.027422305196523666,0.006231049541383982,0.012372010387480259,0.015384511090815067,0.009143617004156113
81,,3935,,,,,,,,,,,,,,,,,,,,,,,,,,,,,,,,,,,,,,,,,,,,,,,,,,3.1765480041503906,,,,,,,,,,,,,,,,,,,,,,,,,,,,,,,,,,,,,,,,,,,,,,,,,,
,0.0001,3949,,,,,,,,,,,,,,,,,,,,,,,,,,,,,,,,,,,,,,,,,,,,,,,,,,,,,,,,,,,,,,,,,,,,,,,,,,,,,,,,,,,,,,,,,,,,,,,,,,,,
82,,3949,,,,,,,,,,,,,,,,,,,,,,,,,,,,,,,,,,,,,,,,,,,,,,,,,,,3.2068967819213867,,,,,,,,,,,,,,,,,,,,,,,,,,,,,,,,,,,,,,,,,,,,,,,,,
82,,3983,,,,,,,,,,,,,,,,,,,,,,,,,,,,,,,,,,,,,,,,,,,,,,,,,,,,0.8523305058479309,0.5946028232574463,0.012844037264585495,0.047706421464681625,0.06972476840019226,0.02568807452917099,0.010824548080563545,0.006196314003318548,0.007043569814413786,0.013148194178938866,0.016187898814678192,0.009625442326068878,0.0,0.0,0.0,0.0,0.0,0.0,0.0,0.0,0.1798013299703598,0.4486755132675171,0.5400662422180176,0.3685430586338043,0.08540499955415726,0.08311677724123001,0.09740938246250153,0.1519734412431717,0.16474232077598572,0.1389664113521576,0.8778921961784363,0.19636031985282898,0.4884440302848816,0.5867151618003845,0.40254777669906616,0.09280197322368622,0.09074582159519196,0.10637195408344269,0.16574226319789886,0.17947609722614288,0.15179458260536194,0.01279707532376051,0.04753199219703674,0.06946983933448792,0.02559415064752102,0.007017816416919231,0.01310012023895979,0.01612871326506138,0.009590248577296734
82,,3983,,,,,,,,,,,,,,,,,,,,,,,,,,,,,,,,,,,,,,,,,,,,,,,,,,3.177112102508545,,,,,,,,,,,,,,,,,,,,,,,,,,,,,,,,,,,,,,,,,,,,,,,,,,
,0.0001,3999,,,,,,,,,,,,,,,,,,,,,,,,,,,,,,,,,,,,,,,,,,,,,,,,,,,,,,,,,,,,,,,,,,,,,,,,,,,,,,,,,,,,,,,,,,,,,,,,,,,,
83,,3999,,,,,,,,,,,,,,,,,,,,,,,,,,,,,,,,,,,,,,,,,,,,,,,,,,,3.099924325942993,,,,,,,,,,,,,,,,,,,,,,,,,,,,,,,,,,,,,,,,,,,,,,,,,
83,,4031,,,,,,,,,,,,,,,,,,,,,,,,,,,,,,,,,,,,,,,,,,,,,,,,,,,,0.8525518774986267,0.5957794785499573,0.012844037264585495,0.04954128339886665,0.0660550445318222,0.027522936463356018,0.010899445973336697,0.006252952851355076,0.007112026214599609,0.01349046640098095,0.015781212598085403,0.010021176189184189,0.0,0.0,0.0,0.0,0.0,0.0,0.0,0.0,0.17831125855445862,0.44966888427734375,0.5425496697425842,0.369536429643631,0.0862710103392601,0.08399514853954315,0.09761718660593033,0.15287044644355774,0.16582316160202026,0.13986627757549286,0.8780187368392944,0.1947224736213684,0.4893539547920227,0.5898088812828064,0.4034576714038849,0.09374644607305527,0.09170570224523544,0.10659358650445938,0.16669431328773499,0.18070447444915771,0.15274444222450256,0.01279707532376051,0.04936014860868454,0.06581352651119232,0.027422305196523666,0.007086022756993771,0.01344114076346159,0.015723511576652527,0.009984535165131092
83,,4031,,,,,,,,,,,,,,,,,,,,,,,,,,,,,,,,,,,,,,,,,,,,,,,,,,3.178922176361084,,,,,,,,,,,,,,,,,,,,,,,,,,,,,,,,,,,,,,,,,,,,,,,,,,
,0.0001,4049,,,,,,,,,,,,,,,,,,,,,,,,,,,,,,,,,,,,,,,,,,,,,,,,,,,,,,,,,,,,,,,,,,,,,,,,,,,,,,,,,,,,,,,,,,,,,,,,,,,,
84,,4049,,,,,,,,,,,,,,,,,,,,,,,,,,,,,,,,,,,,,,,,,,,,,,,,,,,3.2078921794891357,,,,,,,,,,,,,,,,,,,,,,,,,,,,,,,,,,,,,,,,,,,,,,,,,
84,,4079,,,,,,,,,,,,,,,,,,,,,,,,,,,,,,,,,,,,,,,,,,,,,,,,,,,,0.8522772192955017,0.5936183929443359,0.011009174399077892,0.047706421464681625,0.06788990646600723,0.023853210732340813,0.009681222960352898,0.00504386005923152,0.005677387118339539,0.01223946362733841,0.01501595601439476,0.00842376984655857,0.0,0.0,0.0,0.0,0.0,0.0,0.0,0.0,0.1766556352376938,0.4501655697822571,0.5418874025344849,0.36821192502975464,0.08521457761526108,0.08293541520833969,0.09639295190572739,0.15209320187568665,0.16487258672714233,0.1388041079044342,0.8779312968254089,0.19308461248874664,0.49008187651634216,0.5888990163803101,0.4023657739162445,0.09270606189966202,0.09066077321767807,0.10539022088050842,0.1659640520811081,0.17973554134368896,0.1517353653907776,0.010968921706080437,0.04753199219703674,0.06764168292284012,0.02376599609851837,0.0056566293351352215,0.012194712646305561,0.014961051754653454,0.008392971009016037
84,,4079,,,,,,,,,,,,,,,,,,,,,,,,,,,,,,,,,,,,,,,,,,,,,,,,,,3.17803692817688,,,,,,,,,,,,,,,,,,,,,,,,,,,,,,,,,,,,,,,,,,,,,,,,,,
,0.0001,4099,,,,,,,,,,,,,,,,,,,,,,,,,,,,,,,,,,,,,,,,,,,,,,,,,,,,,,,,,,,,,,,,,,,,,,,,,,,,,,,,,,,,,,,,,,,,,,,,,,,,
85,,4099,,,,,,,,,,,,,,,,,,,,,,,,,,,,,,,,,,,,,,,,,,,,,,,,,,,3.1563737392425537,,,,,,,,,,,,,,,,,,,,,,,,,,,,,,,,,,,,,,,,,,,,,,,,,
85,,4127,,,,,,,,,,,,,,,,,,,,,,,,,,,,,,,,,,,,,,,,,,,,,,,,,,,,0.8524160385131836,0.5944474935531616,0.011009174399077892,0.0458715595304966,0.06972476840019226,0.023853210732340813,0.010894177481532097,0.0062659434042871,0.006613601930439472,0.012920981273055077,0.016193201765418053,0.009344448335468769,0.0,0.0,0.0,0.0,0.0,0.0,0.0,0.0,0.17814569175243378,0.4486755132675171,0.5422185659408569,0.367218554019928,0.08662004768848419,0.08434251695871353,0.0978967547416687,0.15288697183132172,0.16592518985271454,0.1396615207195282,0.8780016303062439,0.1947224736213684,0.48862600326538086,0.5890809893608093,0.4012738764286041,0.09413060545921326,0.09208624064922333,0.1069503203034401,0.16676895320415497,0.1807757467031479,0.15258650481700897,0.010968921706080437,0.045703839510679245,0.06946983933448792,0.02376599609851837,0.006589420605450869,0.012873738072812557,0.016133993864059448,0.009310282766819
85,,4127,,,,,,,,,,,,,,,,,,,,,,,,,,,,,,,,,,,,,,,,,,,,,,,,,,3.1770834922790527,,,,,,,,,,,,,,,,,,,,,,,,,,,,,,,,,,,,,,,,,,,,,,,,,,
,0.0001,4149,,,,,,,,,,,,,,,,,,,,,,,,,,,,,,,,,,,,,,,,,,,,,,,,,,,,,,,,,,,,,,,,,,,,,,,,,,,,,,,,,,,,,,,,,,,,,,,,,,,,
86,,4149,,,,,,,,,,,,,,,,,,,,,,,,,,,,,,,,,,,,,,,,,,,,,,,,,,,3.249006748199463,,,,,,,,,,,,,,,,,,,,,,,,,,,,,,,,,,,,,,,,,,,,,,,,,
86,,4175,,,,,,,,,,,,,,,,,,,,,,,,,,,,,,,,,,,,,,,,,,,,,,,,,,,,0.8525011539459229,0.5955044031143188,0.011009174399077892,0.0458715595304966,0.07155963033437729,0.023853210732340813,0.010800235904753208,0.0061811297200620174,0.006571631412953138,0.012802074663341045,0.016370166093111038,0.00923273153603077,0.0,0.0,0.0,0.0,0.0,0.0,0.0,0.0,0.17814569175243378,0.4486755132675171,0.5430463552474976,0.37052980065345764,0.08520404994487762,0.08293064683675766,0.09676604717969894,0.15190789103507996,0.1650991141796112,0.139224112033844,0.8779902458190918,0.1947224736213684,0.48862600326538086,0.5898088812828064,0.4049135446548462,0.09258348494768143,0.0905427411198616,0.10571162402629852,0.16570454835891724,0.17985019087791443,0.1521168053150177,0.010968921706080437,0.045703839510679245,0.07129798829555511,0.02376599609851837,0.006547603756189346,0.012755266390740871,0.0163103137165308,0.009198973886668682
86,,4175,,,,,,,,,,,,,,,,,,,,,,,,,,,,,,,,,,,,,,,,,,,,,,,,,,3.177561044692993,,,,,,,,,,,,,,,,,,,,,,,,,,,,,,,,,,,,,,,,,,,,,,,,,,
,0.0001,4199,,,,,,,,,,,,,,,,,,,,,,,,,,,,,,,,,,,,,,,,,,,,,,,,,,,,,,,,,,,,,,,,,,,,,,,,,,,,,,,,,,,,,,,,,,,,,,,,,,,,
87,,4199,,,,,,,,,,,,,,,,,,,,,,,,,,,,,,,,,,,,,,,,,,,,,,,,,,,3.107339859008789,,,,,,,,,,,,,,,,,,,,,,,,,,,,,,,,,,,,,,,,,,,,,,,,,
87,,4223,,,,,,,,,,,,,,,,,,,,,,,,,,,,,,,,,,,,,,,,,,,,,,,,,,,,0.8522996306419373,0.5942972898483276,0.012844037264585495,0.0458715595304966,0.06972476840019226,0.02568807452917099,0.010756326839327812,0.006128091365098953,0.00698733888566494,0.012797082774341106,0.016102204099297523,0.009568962268531322,0.0,0.0,0.0,0.0,0.0,0.0,0.0,0.0,0.17698675394058228,0.4495033323764801,0.5403973460197449,0.3706953823566437,0.08534271270036697,0.08305613696575165,0.09656529128551483,0.15206609666347504,0.1647978127002716,0.13927190005779266,0.8778886198997498,0.1932666003704071,0.489535927772522,0.5870791673660278,0.4049135446548462,0.09274028241634369,0.09068593382835388,0.10544972121715546,0.16587895154953003,0.1795455813407898,0.152135968208313,0.01279707532376051,0.045703839510679245,0.06946983933448792,0.02559415064752102,0.006961791310459375,0.012750293128192425,0.01604332961142063,0.009533976204693317
87,,4223,,,,,,,,,,,,,,,,,,,,,,,,,,,,,,,,,,,,,,,,,,,,,,,,,,3.1756181716918945,,,,,,,,,,,,,,,,,,,,,,,,,,,,,,,,,,,,,,,,,,,,,,,,,,
,0.0001,4249,,,,,,,,,,,,,,,,,,,,,,,,,,,,,,,,,,,,,,,,,,,,,,,,,,,,,,,,,,,,,,,,,,,,,,,,,,,,,,,,,,,,,,,,,,,,,,,,,,,,
88,,4249,,,,,,,,,,,,,,,,,,,,,,,,,,,,,,,,,,,,,,,,,,,,,,,,,,,3.0993731021881104,,,,,,,,,,,,,,,,,,,,,,,,,,,,,,,,,,,,,,,,,,,,,,,,,
88,,4271,,,,,,,,,,,,,,,,,,,,,,,,,,,,,,,,,,,,,,,,,,,,,,,,,,,,0.8524904251098633,0.5946701169013977,0.012844037264585495,0.047706421464681625,0.06788990646600723,0.02568807452917099,0.009977699257433414,0.005340335424989462,0.006408347748219967,0.012545655481517315,0.015365973114967346,0.009011588990688324,0.0,0.0,0.0,0.0,0.0,0.0,0.0,0.0,0.17798013985157013,0.4491721987724304,0.5418874025344849,0.3706953823566437,0.0866759866476059,0.08439681679010391,0.09783784300088882,0.1530909240245819,0.16606782376766205,0.1403607279062271,0.8780612945556641,0.19435849785804749,0.4889899790287018,0.5888990163803101,0.4049135446548462,0.09428299963474274,0.09223771840333939,0.10690591484308243,0.16703036427497864,0.18101461231708527,0.15338808298110962,0.01279707532376051,0.04753199219703674,0.06764168292284012,0.02559415064752102,0.006384917069226503,0.012499785050749779,0.015309791080653667,0.008978639729321003
88,,4271,,,,,,,,,,,,,,,,,,,,,,,,,,,,,,,,,,,,,,,,,,,,,,,,,,3.1748452186584473,,,,,,,,,,,,,,,,,,,,,,,,,,,,,,,,,,,,,,,,,,,,,,,,,,
,0.0001,4299,,,,,,,,,,,,,,,,,,,,,,,,,,,,,,,,,,,,,,,,,,,,,,,,,,,,,,,,,,,,,,,,,,,,,,,,,,,,,,,,,,,,,,,,,,,,,,,,,,,,
89,,4299,,,,,,,,,,,,,,,,,,,,,,,,,,,,,,,,,,,,,,,,,,,,,,,,,,,3.211027145385742,,,,,,,,,,,,,,,,,,,,,,,,,,,,,,,,,,,,,,,,,,,,,,,,,
89,,4319,,,,,,,,,,,,,,,,,,,,,,,,,,,,,,,,,,,,,,,,,,,,,,,,,,,,0.8523266911506653,0.5938463807106018,0.012844037264585495,0.0458715595304966,0.07339449226856232,0.02568807452917099,0.00997923407703638,0.005369257181882858,0.006442623678594828,0.012268135324120522,0.016020849347114563,0.009015033952891827,0.0,0.0,0.0,0.0,0.0,0.0,0.0,0.0,0.17847682535648346,0.4490066170692444,0.5435430407524109,0.374172180891037,0.0853918045759201,0.08312088251113892,0.09693800657987595,0.1521621197462082,0.16535474359989166,0.14002831280231476,0.8779630661010742,0.19490446150302887,0.4889899790287018,0.5901728868484497,0.4087352156639099,0.09287130832672119,0.09083237498998642,0.1059134304523468,0.1660369485616684,0.1801658421754837,0.15302234888076782,0.01279707532376051,0.045703839510679245,0.07312614470720291,0.02559415064752102,0.006419067271053791,0.012223280034959316,0.0159622710198164,0.008982072584331036
89,,4319,,,,,,,,,,,,,,,,,,,,,,,,,,,,,,,,,,,,,,,,,,,,,,,,,,3.1766560077667236,,,,,,,,,,,,,,,,,,,,,,,,,,,,,,,,,,,,,,,,,,,,,,,,,,
,0.0001,4349,,,,,,,,,,,,,,,,,,,,,,,,,,,,,,,,,,,,,,,,,,,,,,,,,,,,,,,,,,,,,,,,,,,,,,,,,,,,,,,,,,,,,,,,,,,,,,,,,,,,
90,,4349,,,,,,,,,,,,,,,,,,,,,,,,,,,,,,,,,,,,,,,,,,,,,,,,,,,3.214663505554199,,,,,,,,,,,,,,,,,,,,,,,,,,,,,,,,,,,,,,,,,,,,,,,,,
90,,4367,,,,,,,,,,,,,,,,,,,,,,,,,,,,,,,,,,,,,,,,,,,,,,,,,,,,0.8524720668792725,0.5939411520957947,0.011009174399077892,0.0458715595304966,0.06972476840019226,0.023853210732340813,0.009478562511503696,0.0048503270372748375,0.005514517892152071,0.011820508167147636,0.015121794305741787,0.008260468021035194,0.0,0.0,0.0,0.0,0.0,0.0,0.0,0.0,0.17764900624752045,0.4490066170692444,0.5415562987327576,0.368874192237854,0.08539404720067978,0.08311323076486588,0.09679142385721207,0.15205244719982147,0.16497889161109924,0.13903175294399261,0.8781134486198425,0.19417652487754822,0.4889899790287018,0.5883530378341675,0.40309372544288635,0.09292341768741608,0.09087543189525604,0.10584435611963272,0.16596078872680664,0.17984186112880707,0.1520017832517624,0.010968921706080437,0.045703839510679245,0.06946983933448792,0.02376599609851837,0.005494355224072933,0.011777287349104881,0.01506650447845459,0.008230265229940414
90,,4367,,,,,,,,,,,,,,,,,,,,,,,,,,,,,,,,,,,,,,,,,,,,,,,,,,3.1743452548980713,,,,,,,,,,,,,,,,,,,,,,,,,,,,,,,,,,,,,,,,,,,,,,,,,,
,0.0001,4399,,,,,,,,,,,,,,,,,,,,,,,,,,,,,,,,,,,,,,,,,,,,,,,,,,,,,,,,,,,,,,,,,,,,,,,,,,,,,,,,,,,,,,,,,,,,,,,,,,,,
91,,4399,,,,,,,,,,,,,,,,,,,,,,,,,,,,,,,,,,,,,,,,,,,,,,,,,,,3.1718673706054688,,,,,,,,,,,,,,,,,,,,,,,,,,,,,,,,,,,,,,,,,,,,,,,,,
91,,4415,,,,,,,,,,,,,,,,,,,,,,,,,,,,,,,,,,,,,,,,,,,,,,,,,,,,0.8524748086929321,0.5946569442749023,0.012844037264585495,0.04036697372794151,0.0660550445318222,0.023853210732340813,0.010708199813961983,0.0060617076233029366,0.006940388586372137,0.011866539716720581,0.015516881830990314,0.009224307723343372,0.0,0.0,0.0,0.0,0.0,0.0,0.0,0.0,0.17682120203971863,0.4480132460594177,0.5422185659408569,0.3685430586338043,0.08600921928882599,0.08373170346021652,0.09707360714673996,0.15234920382499695,0.1655014306306839,0.139422208070755,0.878045380115509,0.19308461248874664,0.4884440302848816,0.5894449353218079,0.40272974967956543,0.09347765892744064,0.09143509715795517,0.10601311922073364,0.16628241539001465,0.1803770512342453,0.15233537554740906,0.01279707532376051,0.04021938145160675,0.06581352651119232,0.02376599609851837,0.006915012374520302,0.01182315219193697,0.015460149385035038,0.009190581738948822
91,,4415,,,,,,,,,,,,,,,,,,,,,,,,,,,,,,,,,,,,,,,,,,,,,,,,,,3.174774646759033,,,,,,,,,,,,,,,,,,,,,,,,,,,,,,,,,,,,,,,,,,,,,,,,,,
,0.0001,4449,,,,,,,,,,,,,,,,,,,,,,,,,,,,,,,,,,,,,,,,,,,,,,,,,,,,,,,,,,,,,,,,,,,,,,,,,,,,,,,,,,,,,,,,,,,,,,,,,,,,
92,,4449,,,,,,,,,,,,,,,,,,,,,,,,,,,,,,,,,,,,,,,,,,,,,,,,,,,3.173870325088501,,,,,,,,,,,,,,,,,,,,,,,,,,,,,,,,,,,,,,,,,,,,,,,,,
92,,4463,,,,,,,,,,,,,,,,,,,,,,,,,,,,,,,,,,,,,,,,,,,,,,,,,,,,0.8525054454803467,0.5952372550964355,0.012844037264585495,0.04403669759631157,0.07155963033437729,0.02568807452917099,0.009929959662258625,0.005310854408890009,0.0063875154592096806,0.011893406510353088,0.015735087916254997,0.008978607133030891,0.0,0.0,0.0,0.0,0.0,0.0,0.0,0.0,0.17715232074260712,0.4491721987724304,0.5433775186538696,0.369536429643631,0.08611910045146942,0.08384734392166138,0.09713948518037796,0.1526254117488861,0.16576601564884186,0.1397012323141098,0.8780215382575989,0.19344858825206757,0.4893539547920227,0.5901728868484497,0.40363967418670654,0.09367562085390091,0.09163668006658554,0.10614036023616791,0.1665833592414856,0.18064622581005096,0.15266643464565277,0.01279707532376051,0.04387568682432175,0.07129798829555511,0.02559415064752102,0.0063641611486673355,0.011849919334053993,0.01567755453288555,0.00894577894359827
92,,4463,,,,,,,,,,,,,,,,,,,,,,,,,,,,,,,,,,,,,,,,,,,,,,,,,,3.175428867340088,,,,,,,,,,,,,,,,,,,,,,,,,,,,,,,,,,,,,,,,,,,,,,,,,,
,0.0001,4499,,,,,,,,,,,,,,,,,,,,,,,,,,,,,,,,,,,,,,,,,,,,,,,,,,,,,,,,,,,,,,,,,,,,,,,,,,,,,,,,,,,,,,,,,,,,,,,,,,,,
93,,4499,,,,,,,,,,,,,,,,,,,,,,,,,,,,,,,,,,,,,,,,,,,,,,,,,,,3.1621673107147217,,,,,,,,,,,,,,,,,,,,,,,,,,,,,,,,,,,,,,,,,,,,,,,,,
93,,4511,,,,,,,,,,,,,,,,,,,,,,,,,,,,,,,,,,,,,,,,,,,,,,,,,,,,0.8523848056793213,0.5944792628288269,0.011009174399077892,0.04403669759631157,0.0660550445318222,0.023853210732340813,0.009402241557836533,0.004755749832838774,0.005516743287444115,0.011413753032684326,0.014460979029536247,0.008198595605790615,0.0,0.0,0.0,0.0,0.0,0.0,0.0,0.0,0.1766556352376938,0.44933775067329407,0.5395695567131042,0.3708609342575073,0.0844697579741478,0.08217906206846237,0.09581036120653152,0.15138404071331024,0.1639806032180786,0.13866382837295532,0.8779641389846802,0.19308461248874664,0.489535927772522,0.5865331888198853,0.4052775204181671,0.09191503375768661,0.08985798060894012,0.10476577281951904,0.16526642441749573,0.17881011962890625,0.15160350501537323,0.010968921706080437,0.04387568682432175,0.06581352651119232,0.02376599609851837,0.005496572703123093,0.011372020468115807,0.014408105984330177,0.008168619126081467
93,,4511,,,,,,,,,,,,,,,,,,,,,,,,,,,,,,,,,,,,,,,,,,,,,,,,,,3.1731491088867188,,,,,,,,,,,,,,,,,,,,,,,,,,,,,,,,,,,,,,,,,,,,,,,,,,
,0.0001,4549,,,,,,,,,,,,,,,,,,,,,,,,,,,,,,,,,,,,,,,,,,,,,,,,,,,,,,,,,,,,,,,,,,,,,,,,,,,,,,,,,,,,,,,,,,,,,,,,,,,,
94,,4549,,,,,,,,,,,,,,,,,,,,,,,,,,,,,,,,,,,,,,,,,,,,,,,,,,,3.2492523193359375,,,,,,,,,,,,,,,,,,,,,,,,,,,,,,,,,,,,,,,,,,,,,,,,,
94,,4559,,,,,,,,,,,,,,,,,,,,,,,,,,,,,,,,,,,,,,,,,,,,,,,,,,,,0.8525122404098511,0.5949098467826843,0.011009174399077892,0.0458715595304966,0.06972476840019226,0.02568807452917099,0.010680614970624447,0.0060523804277181625,0.006409994326531887,0.012718749232590199,0.016020584851503372,0.009472251869738102,0.0,0.0,0.0,0.0,0.0,0.0,0.0,0.0,0.17930464446544647,0.44884106516838074,0.5420529842376709,0.37019866704940796,0.08595525473356247,0.08367691934108734,0.09763957560062408,0.15255366265773773,0.16556663811206818,0.13978445529937744,0.8780615329742432,0.19599635899066925,0.4888080060482025,0.5888990163803101,0.404367595911026,0.093421071767807,0.09137579798698425,0.10668780654668808,0.16642262041568756,0.18039877712726593,0.15270893275737762,0.010968921706080437,0.045703839510679245,0.06946983933448792,0.02559415064752102,0.006386558059602976,0.012672246433794498,0.015962010249495506,0.009437618777155876
94,,4559,,,,,,,,,,,,,,,,,,,,,,,,,,,,,,,,,,,,,,,,,,,,,,,,,,3.174143075942993,,,,,,,,,,,,,,,,,,,,,,,,,,,,,,,,,,,,,,,,,,,,,,,,,,
,0.0001,4599,,,,,,,,,,,,,,,,,,,,,,,,,,,,,,,,,,,,,,,,,,,,,,,,,,,,,,,,,,,,,,,,,,,,,,,,,,,,,,,,,,,,,,,,,,,,,,,,,,,,
95,,4599,,,,,,,,,,,,,,,,,,,,,,,,,,,,,,,,,,,,,,,,,,,,,,,,,,,3.1905369758605957,,,,,,,,,,,,,,,,,,,,,,,,,,,,,,,,,,,,,,,,,,,,,,,,,
95,,4607,,,,,,,,,,,,,,,,,,,,,,,,,,,,,,,,,,,,,,,,,,,,,,,,,,,,0.8527436256408691,0.5957038998603821,0.012844037264585495,0.047706421464681625,0.06972476840019226,0.02568807452917099,0.010718890465795994,0.0060906559228897095,0.006906112655997276,0.013030335307121277,0.01609182171523571,0.0095458859577775,0.0,0.0,0.0,0.0,0.0,0.0,0.0,0.0,0.1763245016336441,0.45198675990104675,0.5448675751686096,0.37251657247543335,0.08620728552341461,0.0839429646730423,0.09692191332578659,0.15317732095718384,0.1661365032196045,0.14032520353794098,0.8782371282577515,0.19253866374492645,0.49208369851112366,0.5919927358627319,0.4069153666496277,0.09369431436061859,0.09166442602872849,0.1058497503399849,0.16707724332809448,0.18101808428764343,0.15329605340957642,0.01279707532376051,0.04753199219703674,0.06946983933448792,0.02559415064752102,0.006880862172693014,0.012982693500816822,0.016032984480261803,0.00951098371297121
95,,4607,,,,,,,,,,,,,,,,,,,,,,,,,,,,,,,,,,,,,,,,,,,,,,,,,,3.1735074520111084,,,,,,,,,,,,,,,,,,,,,,,,,,,,,,,,,,,,,,,,,,,,,,,,,,
,0.0001,4649,,,,,,,,,,,,,,,,,,,,,,,,,,,,,,,,,,,,,,,,,,,,,,,,,,,,,,,,,,,,,,,,,,,,,,,,,,,,,,,,,,,,,,,,,,,,,,,,,,,,
96,,4649,,,,,,,,,,,,,,,,,,,,,,,,,,,,,,,,,,,,,,,,,,,,,,,,,,,3.112182140350342,,,,,,,,,,,,,,,,,,,,,,,,,,,,,,,,,,,,,,,,,,,,,,,,,
96,,4655,,,,,,,,,,,,,,,,,,,,,,,,,,,,,,,,,,,,,,,,,,,,,,,,,,,,0.8523894548416138,0.5943386554718018,0.012844037264585495,0.04403669759631157,0.07155963033437729,0.02568807452917099,0.009935367852449417,0.005316261667758226,0.006411388982087374,0.011939234100282192,0.015749668702483177,0.008992849849164486,0.0,0.0,0.0,0.0,0.0,0.0,0.0,0.0,0.17649006843566895,0.4501655697822571,0.5387417078018188,0.3706953823566437,0.08505844324827194,0.08276362717151642,0.09621550142765045,0.1519426852464676,0.16432936489582062,0.1390494853258133,0.8779831528663635,0.19272065162658691,0.4904458522796631,0.5850773453712463,0.4049135446548462,0.09250923246145248,0.09044493734836578,0.10512237250804901,0.16582836210727692,0.17906565964221954,0.15194866061210632,0.01279707532376051,0.04387568682432175,0.07129798829555511,0.02559415064752102,0.006387947127223015,0.011895581148564816,0.015692083165049553,0.008959969505667686
96,,4655,,,,,,,,,,,,,,,,,,,,,,,,,,,,,,,,,,,,,,,,,,,,,,,,,,3.1734254360198975,,,,,,,,,,,,,,,,,,,,,,,,,,,,,,,,,,,,,,,,,,,,,,,,,,
,0.0001,4699,,,,,,,,,,,,,,,,,,,,,,,,,,,,,,,,,,,,,,,,,,,,,,,,,,,,,,,,,,,,,,,,,,,,,,,,,,,,,,,,,,,,,,,,,,,,,,,,,,,,
97,,4699,,,,,,,,,,,,,,,,,,,,,,,,,,,,,,,,,,,,,,,,,,,,,,,,,,,3.2539126873016357,,,,,,,,,,,,,,,,,,,,,,,,,,,,,,,,,,,,,,,,,,,,,,,,,
97,,4703,,,,,,,,,,,,,,,,,,,,,,,,,,,,,,,,,,,,,,,,,,,,,,,,,,,,0.8523471355438232,0.5949101448059082,0.011009174399077892,0.04403669759631157,0.07155963033437729,0.02568807452917099,0.01078103668987751,0.006161930505186319,0.006491221021860838,0.01253630593419075,0.016360828652977943,0.00958283245563507,0.0,0.0,0.0,0.0,0.0,0.0,0.0,0.0,0.18046358227729797,0.4475165605545044,0.5394039750099182,0.36970198154449463,0.08711397647857666,0.08482246100902557,0.09884844720363617,0.1532682180404663,0.16611894965171814,0.14058250188827515,0.8778799176216125,0.1972702443599701,0.4875341057777405,0.5858052372932434,0.4038216471672058,0.09468476474285126,0.09262409061193466,0.10800853371620178,0.1672261506319046,0.1809721142053604,0.15357518196105957,0.010968921706080437,0.04387568682432175,0.07129798829555511,0.02559415064752102,0.006467487197369337,0.012490469962358475,0.016301007941365242,0.009547796100378036
97,,4703,,,,,,,,,,,,,,,,,,,,,,,,,,,,,,,,,,,,,,,,,,,,,,,,,,3.1735033988952637,,,,,,,,,,,,,,,,,,,,,,,,,,,,,,,,,,,,,,,,,,,,,,,,,,
,0.0001,4749,,,,,,,,,,,,,,,,,,,,,,,,,,,,,,,,,,,,,,,,,,,,,,,,,,,,,,,,,,,,,,,,,,,,,,,,,,,,,,,,,,,,,,,,,,,,,,,,,,,,
98,,4749,,,,,,,,,,,,,,,,,,,,,,,,,,,,,,,,,,,,,,,,,,,,,,,,,,,3.055187463760376,,,,,,,,,,,,,,,,,,,,,,,,,,,,,,,,,,,,,,,,,,,,,,,,,
98,,4751,,,,,,,,,,,,,,,,,,,,,,,,,,,,,,,,,,,,,,,,,,,,,,,,,,,,0.8524947762489319,0.5955593585968018,0.011009174399077892,0.0458715595304966,0.06972476840019226,0.023853210732340813,0.00962108839303255,0.004992852918803692,0.005644601304084063,0.01188756711781025,0.015190516598522663,0.008355326019227505,0.0,0.0,0.0,0.0,0.0,0.0,0.0,0.0,0.17798013985157013,0.44933775067329407,0.5418874025344849,0.3685430586338043,0.08600238710641861,0.08372321724891663,0.0972905084490776,0.15255457162857056,0.16547897458076477,0.13941891491413116,0.8779780268669128,0.19454048573970795,0.4893539547920227,0.588716983795166,0.40272974967956543,0.09357796609401703,0.09153178334236145,0.10638004541397095,0.16650605201721191,0.18038472533226013,0.15241792798042297,0.010968921706080437,0.045703839510679245,0.06946983933448792,0.02376599609851837,0.005623962730169296,0.011844102293252945,0.01513497531414032,0.008324776776134968
98,,4751,,,,,,,,,,,,,,,,,,,,,,,,,,,,,,,,,,,,,,,,,,,,,,,,,,3.1739108562469482,,,,,,,,,,,,,,,,,,,,,,,,,,,,,,,,,,,,,,,,,,,,,,,,,,
,0.0001,4799,,,,,,,,,,,,,,,,,,,,,,,,,,,,,,,,,,,,,,,,,,,,,,,,,,,,,,,,,,,,,,,,,,,,,,,,,,,,,,,,,,,,,,,,,,,,,,,,,,,,
99,,4799,,,,,,,,,,,,,,,,,,,,,,,,,,,,,,,,,,,,,,,,,,,,,,,,,,,3.4085445404052734,,,,,,,,,,,,,,,,,,,,,,,,,,,,,,,,,,,,,,,,,,,,,,,,,
99,,4799,,,,,,,,,,,,,,,,,,,,,,,,,,,,,,,,,,,,,,,,,,,,,,,,,,,,0.8522551655769348,0.5936513543128967,0.011009174399077892,0.0458715595304966,0.07155963033437729,0.023853210732340813,0.009747877717018127,0.005128772929310799,0.005757797975093126,0.012018739245831966,0.015545619651675224,0.008465289138257504,0.0,0.0,0.0,0.0,0.0,0.0,0.0,0.0,0.17930464446544647,0.45000001788139343,0.5407285094261169,0.37019866704940796,0.08531282097101212,0.08302788436412811,0.09712427854537964,0.15218235552310944,0.16483862698078156,0.13922259211540222,0.8779036402702332,0.19599635899066925,0.49008187651634216,0.5872611403465271,0.40454956889152527,0.09280742704868317,0.09075399488210678,0.10618610680103302,0.1660839319229126,0.17964565753936768,0.15219123661518097,0.010968921706080437,0.045703839510679245,0.07129798829555511,0.02376599609851837,0.005736745428293943,0.01197479572147131,0.015488780103623867,0.008434337563812733
99,,4799,,,,,,,,,,,,,,,,,,,,,,,,,,,,,,,,,,,,,,,,,,,,,,,,,,3.174093246459961,,,,,,,,,,,,,,,,,,,,,,,,,,,,,,,,,,,,,,,,,,,,,,,,,,
100,,4847,,,,,,,,,,,,,,,,,,,,,,,,,,,,,,,,,,,,,,,,,,,,,,,,,,,,0.8522223234176636,0.594602644443512,0.012844037264585495,0.047706421464681625,0.06788990646600723,0.02568807452917099,0.010781940072774887,0.006144577171653509,0.006965384818613529,0.0131301274523139,0.01590944081544876,0.009614468552172184,0.0,0.0,0.0,0.0,0.0,0.0,0.0,0.0,0.17798013985157013,0.4491721987724304,0.5420529842376709,0.3723509907722473,0.08684727549552917,0.08456894010305405,0.0978192463517189,0.15333421528339386,0.1663079559803009,0.14087575674057007,0.8777733445167542,0.19435849785804749,0.4889899790287018,0.5890809893608093,0.4067333936691284,0.09439151734113693,0.0923471450805664,0.10683023929595947,0.16723980009555817,0.18122461438179016,0.15389437973499298,0.01279707532376051,0.04753199219703674,0.06764168292284012,0.02559415064752102,0.006939917337149382,0.013082119636237621,0.015851270407438278,0.009579315781593323
100,,4847,,,,,,,,,,,,,,,,,,,,,,,,,,,,,,,,,,,,,,,,,,,,,,,,,,3.1722946166992188,,,,,,,,,,,,,,,,,,,,,,,,,,,,,,,,,,,,,,,,,,,,,,,,,,
,0.0001,4849,,,,,,,,,,,,,,,,,,,,,,,,,,,,,,,,,,,,,,,,,,,,,,,,,,,,,,,,,,,,,,,,,,,,,,,,,,,,,,,,,,,,,,,,,,,,,,,,,,,,
101,,4849,,,,,,,,,,,,,,,,,,,,,,,,,,,,,,,,,,,,,,,,,,,,,,,,,,,3.1091177463531494,,,,,,,,,,,,,,,,,,,,,,,,,,,,,,,,,,,,,,,,,,,,,,,,,
101,,4895,,,,,,,,,,,,,,,,,,,,,,,,,,,,,,,,,,,,,,,,,,,,,,,,,,,,0.852333664894104,0.594552218914032,0.00917431153357029,0.047706421464681625,0.06788990646600723,0.023853210732340813,0.009580951184034348,0.004943587817251682,0.005089946091175079,0.012120897881686687,0.014901352114975452,0.008297896012663841,0.0,0.0,0.0,0.0,0.0,0.0,0.0,0.0,0.17615894973278046,0.4518212080001831,0.5422185659408569,0.36937087774276733,0.08459679782390594,0.08231928199529648,0.09572499245405197,0.1518077701330185,0.16441428661346436,0.13846826553344727,0.8779007196426392,0.19272065162658691,0.4919017255306244,0.5892629623413086,0.40363967418670654,0.09203694015741348,0.08999347686767578,0.10471426695585251,0.16566205024719238,0.17924313247203827,0.15137870609760284,0.009140768088400364,0.04753199219703674,0.06764168292284012,0.02376599609851837,0.0050713359378278255,0.01207658089697361,0.014846868813037872,0.008267556317150593
101,,4895,,,,,,,,,,,,,,,,,,,,,,,,,,,,,,,,,,,,,,,,,,,,,,,,,,3.1713035106658936,,,,,,,,,,,,,,,,,,,,,,,,,,,,,,,,,,,,,,,,,,,,,,,,,,
,0.0001,4899,,,,,,,,,,,,,,,,,,,,,,,,,,,,,,,,,,,,,,,,,,,,,,,,,,,,,,,,,,,,,,,,,,,,,,,,,,,,,,,,,,,,,,,,,,,,,,,,,,,,
102,,4899,,,,,,,,,,,,,,,,,,,,,,,,,,,,,,,,,,,,,,,,,,,,,,,,,,,3.077465534210205,,,,,,,,,,,,,,,,,,,,,,,,,,,,,,,,,,,,,,,,,,,,,,,,,
102,,4943,,,,,,,,,,,,,,,,,,,,,,,,,,,,,,,,,,,,,,,,,,,,,,,,,,,,0.852156400680542,0.5945765972137451,0.011009174399077892,0.04403669759631157,0.06788990646600723,0.023853210732340813,0.00976335909217596,0.005125995725393295,0.005775588098913431,0.011758361011743546,0.01509885210543871,0.00847659446299076,0.0,0.0,0.0,0.0,0.0,0.0,0.0,0.0,0.17798013985157013,0.4490066170692444,0.5412251949310303,0.37052980065345764,0.0861232727766037,0.08384081721305847,0.09747962653636932,0.15264946222305298,0.16552740335464478,0.13990181684494019,0.8777034282684326,0.19454048573970795,0.48917195200920105,0.5881710648536682,0.4049135446548462,0.093696728348732,0.09164783358573914,0.10657492280006409,0.16662319004535675,0.1804470717906952,0.15293669700622559,0.010968921706080437,0.04387568682432175,0.06764168292284012,0.02376599609851837,0.0057544708251953125,0.011715369299054146,0.015043646097183228,0.008445600047707558
102,,4943,,,,,,,,,,,,,,,,,,,,,,,,,,,,,,,,,,,,,,,,,,,,,,,,,,3.174307107925415,,,,,,,,,,,,,,,,,,,,,,,,,,,,,,,,,,,,,,,,,,,,,,,,,,
,0.0001,4949,,,,,,,,,,,,,,,,,,,,,,,,,,,,,,,,,,,,,,,,,,,,,,,,,,,,,,,,,,,,,,,,,,,,,,,,,,,,,,,,,,,,,,,,,,,,,,,,,,,,
103,,4949,,,,,,,,,,,,,,,,,,,,,,,,,,,,,,,,,,,,,,,,,,,,,,,,,,,3.1557555198669434,,,,,,,,,,,,,,,,,,,,,,,,,,,,,,,,,,,,,,,,,,,,,,,,,
103,,4991,,,,,,,,,,,,,,,,,,,,,,,,,,,,,,,,,,,,,,,,,,,,,,,,,,,,0.8523668646812439,0.5943806171417236,0.011009174399077892,0.0458715595304966,0.07155963033437729,0.023853210732340813,0.01074693351984024,0.006127826403826475,0.006482615135610104,0.01275933813303709,0.01630309969186783,0.009209510870277882,0.0,0.0,0.0,0.0,0.0,0.0,0.0,0.0,0.1798013299703598,0.4513245224952698,0.5415562987327576,0.3692052960395813,0.08553872257471085,0.08325791358947754,0.0974888727068901,0.15250304341316223,0.16506357491016388,0.13917790353298187,0.8779541850090027,0.19654230773448944,0.49153774976730347,0.5881710648536682,0.4034576714038849,0.09295665472745895,0.0909077450633049,0.10651497542858124,0.1663629710674286,0.1798178106546402,0.15206830203533173,0.010968921706080437,0.045703839510679245,0.07129798829555511,0.02376599609851837,0.00645891297608614,0.012712686322629452,0.01624349132180214,0.009175837971270084
103,,4991,,,,,,,,,,,,,,,,,,,,,,,,,,,,,,,,,,,,,,,,,,,,,,,,,,3.1739161014556885,,,,,,,,,,,,,,,,,,,,,,,,,,,,,,,,,,,,,,,,,,,,,,,,,,
,0.0001,4999,,,,,,,,,,,,,,,,,,,,,,,,,,,,,,,,,,,,,,,,,,,,,,,,,,,,,,,,,,,,,,,,,,,,,,,,,,,,,,,,,,,,,,,,,,,,,,,,,,,,
104,,4999,,,,,,,,,,,,,,,,,,,,,,,,,,,,,,,,,,,,,,,,,,,,,,,,,,,3.1287920475006104,,,,,,,,,,,,,,,,,,,,,,,,,,,,,,,,,,,,,,,,,,,,,,,,,
104,,5039,,,,,,,,,,,,,,,,,,,,,,,,,,,,,,,,,,,,,,,,,,,,,,,,,,,,0.8525120615959167,0.5947155952453613,0.011009174399077892,0.0458715595304966,0.06972476840019226,0.02568807452917099,0.010638599283993244,0.0060103642754256725,0.006354580167680979,0.012700173072516918,0.01601540856063366,0.009445113129913807,0.0,0.0,0.0,0.0,0.0,0.0,0.0,0.0,0.1824503391981125,0.45231789350509644,0.5412251949310303,0.37251657247543335,0.08687976747751236,0.08459731191396713,0.09908390045166016,0.15388572216033936,0.16631671786308289,0.14095069468021393,0.8780805468559265,0.19945403933525085,0.49262964725494385,0.587989091873169,0.4069153666496277,0.09444145858287811,0.09239163994789124,0.10828087478876114,0.16788865625858307,0.1812237650156021,0.15399356186389923,0.010968921706080437,0.045703839510679245,0.06946983933448792,0.02559415064752102,0.006331345997750759,0.01265373732894659,0.015956848859786987,0.009410579688847065
104,,5039,,,,,,,,,,,,,,,,,,,,,,,,,,,,,,,,,,,,,,,,,,,,,,,,,,3.1727209091186523,,,,,,,,,,,,,,,,,,,,,,,,,,,,,,,,,,,,,,,,,,,,,,,,,,
,0.0001,5049,,,,,,,,,,,,,,,,,,,,,,,,,,,,,,,,,,,,,,,,,,,,,,,,,,,,,,,,,,,,,,,,,,,,,,,,,,,,,,,,,,,,,,,,,,,,,,,,,,,,
105,,5049,,,,,,,,,,,,,,,,,,,,,,,,,,,,,,,,,,,,,,,,,,,,,,,,,,,3.2867379188537598,,,,,,,,,,,,,,,,,,,,,,,,,,,,,,,,,,,,,,,,,,,,,,,,,
105,,5087,,,,,,,,,,,,,,,,,,,,,,,,,,,,,,,,,,,,,,,,,,,,,,,,,,,,0.8523887991905212,0.59310382604599,0.00917431153357029,0.04954128339886665,0.06788990646600723,0.023853210732340813,0.010453217662870884,0.005815853364765644,0.005823370069265366,0.012986062094569206,0.01548859290778637,0.00888837780803442,0.0,0.0,0.0,0.0,0.0,0.0,0.0,0.0,0.1789735108613968,0.4506622552871704,0.5397350788116455,0.37168875336647034,0.08652456849813461,0.08423469960689545,0.09799496829509735,0.15321217477321625,0.1656438559293747,0.14044034481048584,0.8781049251556396,0.1958143711090088,0.4904458522796631,0.5865331888198853,0.4061874449253082,0.09406939893960953,0.09201235324144363,0.10713663697242737,0.16711995005607605,0.1805364191532135,0.15348781645298004,0.009140768088400364,0.04936014860868454,0.06764168292284012,0.02376599609851837,0.0058020781725645065,0.01293858140707016,0.0154319629073143,0.008855879306793213
105,,5087,,,,,,,,,,,,,,,,,,,,,,,,,,,,,,,,,,,,,,,,,,,,,,,,,,3.173248291015625,,,,,,,,,,,,,,,,,,,,,,,,,,,,,,,,,,,,,,,,,,,,,,,,,,
,0.0001,5099,,,,,,,,,,,,,,,,,,,,,,,,,,,,,,,,,,,,,,,,,,,,,,,,,,,,,,,,,,,,,,,,,,,,,,,,,,,,,,,,,,,,,,,,,,,,,,,,,,,,
106,,5099,,,,,,,,,,,,,,,,,,,,,,,,,,,,,,,,,,,,,,,,,,,,,,,,,,,3.1573705673217773,,,,,,,,,,,,,,,,,,,,,,,,,,,,,,,,,,,,,,,,,,,,,,,,,
106,,5135,,,,,,,,,,,,,,,,,,,,,,,,,,,,,,,,,,,,,,,,,,,,,,,,,,,,0.8523489236831665,0.5946167707443237,0.012844037264585495,0.0458715595304966,0.07155963033437729,0.02568807452917099,0.009884079918265343,0.005264974199235439,0.006352116819471121,0.012168665416538715,0.01572445221245289,0.00891814287751913,0.0,0.0,0.0,0.0,0.0,0.0,0.0,0.0,0.17764900624752045,0.4513245224952698,0.5413907170295715,0.3708609342575073,0.08513632416725159,0.08285468816757202,0.0965346172451973,0.1522941291332245,0.1648712158203125,0.139231339097023,0.8779110908508301,0.19399453699588776,0.49153774976730347,0.587989091873169,0.40509554743766785,0.09259992092847824,0.09055011719465256,0.10547902435064316,0.1661919355392456,0.1796637326478958,0.15215593576431274,0.01279707532376051,0.045703839510679245,0.07129798829555511,0.02559415064752102,0.00632889149710536,0.01212417334318161,0.015666957944631577,0.008885535411536694
106,,5135,,,,,,,,,,,,,,,,,,,,,,,,,,,,,,,,,,,,,,,,,,,,,,,,,,3.172206401824951,,,,,,,,,,,,,,,,,,,,,,,,,,,,,,,,,,,,,,,,,,,,,,,,,,
,0.0001,5149,,,,,,,,,,,,,,,,,,,,,,,,,,,,,,,,,,,,,,,,,,,,,,,,,,,,,,,,,,,,,,,,,,,,,,,,,,,,,,,,,,,,,,,,,,,,,,,,,,,,
107,,5149,,,,,,,,,,,,,,,,,,,,,,,,,,,,,,,,,,,,,,,,,,,,,,,,,,,3.315185785293579,,,,,,,,,,,,,,,,,,,,,,,,,,,,,,,,,,,,,,,,,,,,,,,,,
107,,5183,,,,,,,,,,,,,,,,,,,,,,,,,,,,,,,,,,,,,,,,,,,,,,,,,,,,0.852264404296875,0.5942745804786682,0.012844037264585495,0.0458715595304966,0.06972476840019226,0.023853210732340813,0.010605969466269016,0.005977734923362732,0.006870714481920004,0.012661597691476345,0.01595820114016533,0.009069589897990227,0.0,0.0,0.0,0.0,0.0,0.0,0.0,0.0,0.17913907766342163,0.45000001788139343,0.5410596132278442,0.3708609342575073,0.08544441312551498,0.0831611230969429,0.09713573753833771,0.15243786573410034,0.16514769196510315,0.13958172500133514,0.8778520226478577,0.19563238322734833,0.49008187651634216,0.5878070592880249,0.4052775204181671,0.09286695718765259,0.09081624448299408,0.1060883179306984,0.16630101203918457,0.1799444705247879,0.15252606570720673,0.01279707532376051,0.045703839510679245,0.06946983933448792,0.02376599609851837,0.006845592986792326,0.012615303508937359,0.01589985378086567,0.009036429226398468
107,,5183,,,,,,,,,,,,,,,,,,,,,,,,,,,,,,,,,,,,,,,,,,,,,,,,,,3.1719002723693848,,,,,,,,,,,,,,,,,,,,,,,,,,,,,,,,,,,,,,,,,,,,,,,,,,
,0.0001,5199,,,,,,,,,,,,,,,,,,,,,,,,,,,,,,,,,,,,,,,,,,,,,,,,,,,,,,,,,,,,,,,,,,,,,,,,,,,,,,,,,,,,,,,,,,,,,,,,,,,,
108,,5199,,,,,,,,,,,,,,,,,,,,,,,,,,,,,,,,,,,,,,,,,,,,,,,,,,,3.0782694816589355,,,,,,,,,,,,,,,,,,,,,,,,,,,,,,,,,,,,,,,,,,,,,,,,,
108,,5231,,,,,,,,,,,,,,,,,,,,,,,,,,,,,,,,,,,,,,,,,,,,,,,,,,,,0.8524486422538757,0.5940342545509338,0.00917431153357029,0.047706421464681625,0.0660550445318222,0.023853210732340813,0.01036742888391018,0.005720936227589846,0.005668202880769968,0.012680242769420147,0.015213086269795895,0.008828180842101574,0.0,0.0,0.0,0.0,0.0,0.0,0.0,0.0,0.17831125855445862,0.45082780718803406,0.5430463552474976,0.3723509907722473,0.08589795231819153,0.08362454921007156,0.09742529690265656,0.15269026160240173,0.1655413657426834,0.1399909257888794,0.8780784010887146,0.19508643448352814,0.490809828042984,0.590354859828949,0.4069153666496277,0.09338913857936859,0.09135111421346664,0.10652586072683334,0.1665765941143036,0.18045108020305634,0.15299977362155914,0.009140768088400364,0.04753199219703674,0.06581352651119232,0.02376599609851837,0.00564747815951705,0.012633880600333214,0.015157463029026985,0.008795902132987976
108,,5231,,,,,,,,,,,,,,,,,,,,,,,,,,,,,,,,,,,,,,,,,,,,,,,,,,3.1736085414886475,,,,,,,,,,,,,,,,,,,,,,,,,,,,,,,,,,,,,,,,,,,,,,,,,,
,0.0001,5249,,,,,,,,,,,,,,,,,,,,,,,,,,,,,,,,,,,,,,,,,,,,,,,,,,,,,,,,,,,,,,,,,,,,,,,,,,,,,,,,,,,,,,,,,,,,,,,,,,,,
109,,5249,,,,,,,,,,,,,,,,,,,,,,,,,,,,,,,,,,,,,,,,,,,,,,,,,,,3.0775303840637207,,,,,,,,,,,,,,,,,,,,,,,,,,,,,,,,,,,,,,,,,,,,,,,,,
109,,5279,,,,,,,,,,,,,,,,,,,,,,,,,,,,,,,,,,,,,,,,,,,,,,,,,,,,0.8521280884742737,0.5940334796905518,0.00917431153357029,0.04954128339886665,0.06788990646600723,0.02568807452917099,0.009491553530097008,0.004854188766330481,0.005065766628831625,0.012287246063351631,0.014816807582974434,0.008508492261171341,0.0,0.0,0.0,0.0,0.0,0.0,0.0,0.0,0.17615894973278046,0.4495033323764801,0.5420529842376709,0.36937087774276733,0.08527496457099915,0.08299662917852402,0.09629931300878525,0.1520058810710907,0.16493812203407288,0.13898177444934845,0.8777261972427368,0.19272065162658691,0.48917195200920105,0.5890809893608093,0.4034576714038849,0.09279125183820724,0.09074687212705612,0.10534795373678207,0.16586333513259888,0.17982728779315948,0.15192224085330963,0.009140768088400364,0.04936014860868454,0.06764168292284012,0.02559415064752102,0.00504724495112896,0.012242319993674755,0.014762633480131626,0.00847738329321146
109,,5279,,,,,,,,,,,,,,,,,,,,,,,,,,,,,,,,,,,,,,,,,,,,,,,,,,3.172504186630249,,,,,,,,,,,,,,,,,,,,,,,,,,,,,,,,,,,,,,,,,,,,,,,,,,
,0.0001,5299,,,,,,,,,,,,,,,,,,,,,,,,,,,,,,,,,,,,,,,,,,,,,,,,,,,,,,,,,,,,,,,,,,,,,,,,,,,,,,,,,,,,,,,,,,,,,,,,,,,,
110,,5299,,,,,,,,,,,,,,,,,,,,,,,,,,,,,,,,,,,,,,,,,,,,,,,,,,,3.1581907272338867,,,,,,,,,,,,,,,,,,,,,,,,,,,,,,,,,,,,,,,,,,,,,,,,,
110,,5327,,,,,,,,,,,,,,,,,,,,,,,,,,,,,,,,,,,,,,,,,,,,,,,,,,,,0.8522560000419617,0.5942404866218567,0.011009174399077892,0.0458715595304966,0.0660550445318222,0.023853210732340813,0.009709693491458893,0.005063201300799847,0.0057015675120055676,0.011976510286331177,0.014814543537795544,0.008444033563137054,0.0,0.0,0.0,0.0,0.0,0.0,0.0,0.0,0.17715232074260712,0.45198675990104675,0.5413907170295715,0.370364248752594,0.08699031919240952,0.08470868319272995,0.09779427945613861,0.15377835929393768,0.16624164581298828,0.14056077599525452,0.8778461217880249,0.19363057613372803,0.4922657012939453,0.5885350108146667,0.4047315716743469,0.09465508162975311,0.0926080048084259,0.10692812502384186,0.16784241795539856,0.18126033246517181,0.1536642462015152,0.010968921706080437,0.045703839510679245,0.06581352651119232,0.02376599609851837,0.005680720787495375,0.011932720430195332,0.014760378748178482,0.008413159288465977
110,,5327,,,,,,,,,,,,,,,,,,,,,,,,,,,,,,,,,,,,,,,,,,,,,,,,,,3.1734631061553955,,,,,,,,,,,,,,,,,,,,,,,,,,,,,,,,,,,,,,,,,,,,,,,,,,
,0.0001,5349,,,,,,,,,,,,,,,,,,,,,,,,,,,,,,,,,,,,,,,,,,,,,,,,,,,,,,,,,,,,,,,,,,,,,,,,,,,,,,,,,,,,,,,,,,,,,,,,,,,,
111,,5349,,,,,,,,,,,,,,,,,,,,,,,,,,,,,,,,,,,,,,,,,,,,,,,,,,,3.1943702697753906,,,,,,,,,,,,,,,,,,,,,,,,,,,,,,,,,,,,,,,,,,,,,,,,,
111,,5375,,,,,,,,,,,,,,,,,,,,,,,,,,,,,,,,,,,,,,,,,,,,,,,,,,,,0.8520128726959229,0.5933036208152771,0.011009174399077892,0.0458715595304966,0.06972476840019226,0.023853210732340813,0.010544800199568272,0.005916565656661987,0.006321794353425503,0.012582836672663689,0.01587342470884323,0.009036141447722912,0.0,0.0,0.0,0.0,0.0,0.0,0.0,0.0,0.1812913864850998,0.4463576376438141,0.5397350788116455,0.36903974413871765,0.0862928256392479,0.08400296419858932,0.09847049415111542,0.15229231119155884,0.16533207893371582,0.13973630964756012,0.8776719570159912,0.19818015396595,0.4860782325267792,0.586351215839386,0.4032756984233856,0.09380560368299484,0.09174765646457672,0.10760989040136337,0.1661488562822342,0.18015554547309875,0.1526992917060852,0.010968921706080437,0.045703839510679245,0.06946983933448792,0.02376599609851837,0.006298679392784834,0.012536829337477684,0.015815386548638344,0.009003102779388428
111,,5375,,,,,,,,,,,,,,,,,,,,,,,,,,,,,,,,,,,,,,,,,,,,,,,,,,3.1715919971466064,,,,,,,,,,,,,,,,,,,,,,,,,,,,,,,,,,,,,,,,,,,,,,,,,,
,0.0001,5399,,,,,,,,,,,,,,,,,,,,,,,,,,,,,,,,,,,,,,,,,,,,,,,,,,,,,,,,,,,,,,,,,,,,,,,,,,,,,,,,,,,,,,,,,,,,,,,,,,,,
112,,5399,,,,,,,,,,,,,,,,,,,,,,,,,,,,,,,,,,,,,,,,,,,,,,,,,,,3.194972276687622,,,,,,,,,,,,,,,,,,,,,,,,,,,,,,,,,,,,,,,,,,,,,,,,,
112,,5423,,,,,,,,,,,,,,,,,,,,,,,,,,,,,,,,,,,,,,,,,,,,,,,,,,,,0.8519908785820007,0.5949773192405701,0.011009174399077892,0.047706421464681625,0.06972476840019226,0.023853210732340813,0.010521377436816692,0.005893142428249121,0.00625556381419301,0.012849841266870499,0.01587575115263462,0.00898992083966732,0.0,0.0,0.0,0.0,0.0,0.0,0.0,0.0,0.17880794405937195,0.44884106516838074,0.5395695567131042,0.37102648615837097,0.0863986536860466,0.08410795032978058,0.09789649397134781,0.15278662741184235,0.16546611487865448,0.14017027616500854,0.8774817585945129,0.19545041024684906,0.48862600326538086,0.5861692428588867,0.4054594933986664,0.09392423182725906,0.09186537563800812,0.10698553174734116,0.1666656881570816,0.18030263483524323,0.15318088233470917,0.010968921706080437,0.04753199219703674,0.06946983933448792,0.02376599609851837,0.006232691463083029,0.012802858836948872,0.015817707404494286,0.008957051672041416
112,,5423,,,,,,,,,,,,,,,,,,,,,,,,,,,,,,,,,,,,,,,,,,,,,,,,,,3.1703386306762695,,,,,,,,,,,,,,,,,,,,,,,,,,,,,,,,,,,,,,,,,,,,,,,,,,
,0.0001,5449,,,,,,,,,,,,,,,,,,,,,,,,,,,,,,,,,,,,,,,,,,,,,,,,,,,,,,,,,,,,,,,,,,,,,,,,,,,,,,,,,,,,,,,,,,,,,,,,,,,,
113,,5449,,,,,,,,,,,,,,,,,,,,,,,,,,,,,,,,,,,,,,,,,,,,,,,,,,,3.1533799171447754,,,,,,,,,,,,,,,,,,,,,,,,,,,,,,,,,,,,,,,,,,,,,,,,,
113,,5471,,,,,,,,,,,,,,,,,,,,,,,,,,,,,,,,,,,,,,,,,,,,,,,,,,,,0.8522942662239075,0.5943348407745361,0.012844037264585495,0.0458715595304966,0.06788990646600723,0.023853210732340813,0.010777072049677372,0.006139708217233419,0.006965384818613529,0.012854310683906078,0.015897829085588455,0.009275429882109165,0.0,0.0,0.0,0.0,0.0,0.0,0.0,0.0,0.1809602677822113,0.4514900743961334,0.5408940315246582,0.36970198154449463,0.08564946055412292,0.08336535096168518,0.097849540412426,0.15275175869464874,0.1652100831270218,0.1394757479429245,0.8778790235519409,0.19763420522212982,0.49171972274780273,0.5878070592880249,0.4040036201477051,0.09307537972927094,0.09102466702461243,0.10686352849006653,0.1666269302368164,0.18001903593540192,0.15238915383815765,0.01279707532376051,0.045703839510679245,0.06764168292284012,0.02376599609851837,0.006939917337149382,0.012807311490178108,0.015839703381061554,0.009241514839231968
113,,5471,,,,,,,,,,,,,,,,,,,,,,,,,,,,,,,,,,,,,,,,,,,,,,,,,,3.173569679260254,,,,,,,,,,,,,,,,,,,,,,,,,,,,,,,,,,,,,,,,,,,,,,,,,,
,0.0001,5499,,,,,,,,,,,,,,,,,,,,,,,,,,,,,,,,,,,,,,,,,,,,,,,,,,,,,,,,,,,,,,,,,,,,,,,,,,,,,,,,,,,,,,,,,,,,,,,,,,,,
114,,5499,,,,,,,,,,,,,,,,,,,,,,,,,,,,,,,,,,,,,,,,,,,,,,,,,,,3.1774492263793945,,,,,,,,,,,,,,,,,,,,,,,,,,,,,,,,,,,,,,,,,,,,,,,,,
114,,5519,,,,,,,,,,,,,,,,,,,,,,,,,,,,,,,,,,,,,,,,,,,,,,,,,,,,0.852582573890686,0.5947415828704834,0.011009174399077892,0.0458715595304966,0.07155963033437729,0.023853210732340813,0.009673137217760086,0.005054031033068895,0.005668781232088804,0.011952943168580532,0.015473542734980583,0.008375551551580429,0.0,0.0,0.0,0.0,0.0,0.0,0.0,0.0,0.17814569175243378,0.4498344361782074,0.5399006605148315,0.36903974413871765,0.08485414832830429,0.08256509900093079,0.0964929386973381,0.15173311531543732,0.16432029008865356,0.13861770927906036,0.8781554698944092,0.1947224736213684,0.4898999035358429,0.586351215839386,0.4032756984233856,0.09231068193912506,0.09025271981954575,0.1055009588599205,0.16559664905071259,0.17908304929733276,0.1515352576971054,0.010968921706080437,0.045703839510679245,0.07129798829555511,0.02376599609851837,0.0056480541825294495,0.011909239925444126,0.015416966751217842,0.008344928734004498
114,,5519,,,,,,,,,,,,,,,,,,,,,,,,,,,,,,,,,,,,,,,,,,,,,,,,,,3.1719393730163574,,,,,,,,,,,,,,,,,,,,,,,,,,,,,,,,,,,,,,,,,,,,,,,,,,
,0.0001,5549,,,,,,,,,,,,,,,,,,,,,,,,,,,,,,,,,,,,,,,,,,,,,,,,,,,,,,,,,,,,,,,,,,,,,,,,,,,,,,,,,,,,,,,,,,,,,,,,,,,,
115,,5549,,,,,,,,,,,,,,,,,,,,,,,,,,,,,,,,,,,,,,,,,,,,,,,,,,,3.060333490371704,,,,,,,,,,,,,,,,,,,,,,,,,,,,,,,,,,,,,,,,,,,,,,,,,
115,,5567,,,,,,,,,,,,,,,,,,,,,,,,,,,,,,,,,,,,,,,,,,,,,,,,,,,,0.8524236083030701,0.5939956307411194,0.011009174399077892,0.04954128339886665,0.07155963033437729,0.023853210732340813,0.010642378591001034,0.006023271940648556,0.006396550685167313,0.01322969887405634,0.01622890867292881,0.00913937296718359,0.0,0.0,0.0,0.0,0.0,0.0,0.0,0.0,0.17963576316833496,0.45049670338630676,0.5412251949310303,0.37135761976242065,0.08605190366506577,0.08376943320035934,0.09774956107139587,0.1528482288122177,0.16552546620368958,0.14001528918743134,0.8780547976493835,0.19636031985282898,0.4902638792991638,0.5878070592880249,0.4058234691619873,0.09353109449148178,0.09148038178682327,0.10681004077196121,0.1666957288980484,0.18033285439014435,0.15299569070339203,0.010968921706080437,0.04936014860868454,0.07129798829555511,0.02376599609851837,0.006373162847012281,0.013181328773498535,0.01616957224905491,0.009105957113206387
115,,5567,,,,,,,,,,,,,,,,,,,,,,,,,,,,,,,,,,,,,,,,,,,,,,,,,,3.171468734741211,,,,,,,,,,,,,,,,,,,,,,,,,,,,,,,,,,,,,,,,,,,,,,,,,,
,1e-05,5599,,,,,,,,,,,,,,,,,,,,,,,,,,,,,,,,,,,,,,,,,,,,,,,,,,,,,,,,,,,,,,,,,,,,,,,,,,,,,,,,,,,,,,,,,,,,,,,,,,,,
116,,5599,,,,,,,,,,,,,,,,,,,,,,,,,,,,,,,,,,,,,,,,,,,,,,,,,,,3.137407064437866,,,,,,,,,,,,,,,,,,,,,,,,,,,,,,,,,,,,,,,,,,,,,,,,,
116,,5615,,,,,,,,,,,,,,,,,,,,,,,,,,,,,,,,,,,,,,,,,,,,,,,,,,,,0.8522965312004089,0.5937504768371582,0.011009174399077892,0.0458715595304966,0.07155963033437729,0.023853210732340813,0.010714948177337646,0.006095841992646456,0.006434990558773279,0.012747012078762054,0.01630367338657379,0.009201444685459137,0.0,0.0,0.0,0.0,0.0,0.0,0.0,0.0,0.17996689677238464,0.45115894079208374,0.5403973460197449,0.37251657247543335,0.08594595640897751,0.08365938067436218,0.0977969765663147,0.15295231342315674,0.1654234379529953,0.14021222293376923,0.8779392838478088,0.1967242956161499,0.4913557767868042,0.5868971943855286,0.40709733963012695,0.09340744465589523,0.09135220944881439,0.10685835778713226,0.1668580323457718,0.1802133023738861,0.1532060205936432,0.010968921706080437,0.045703839510679245,0.07129798829555511,0.02376599609851837,0.006411462556570768,0.012700404971837997,0.016244063153862953,0.009167802520096302
116,,5615,,,,,,,,,,,,,,,,,,,,,,,,,,,,,,,,,,,,,,,,,,,,,,,,,,3.166949510574341,,,,,,,,,,,,,,,,,,,,,,,,,,,,,,,,,,,,,,,,,,,,,,,,,,
,1e-05,5649,,,,,,,,,,,,,,,,,,,,,,,,,,,,,,,,,,,,,,,,,,,,,,,,,,,,,,,,,,,,,,,,,,,,,,,,,,,,,,,,,,,,,,,,,,,,,,,,,,,,
117,,5649,,,,,,,,,,,,,,,,,,,,,,,,,,,,,,,,,,,,,,,,,,,,,,,,,,,3.135550022125244,,,,,,,,,,,,,,,,,,,,,,,,,,,,,,,,,,,,,,,,,,,,,,,,,
117,,5663,,,,,,,,,,,,,,,,,,,,,,,,,,,,,,,,,,,,,,,,,,,,,,,,,,,,0.852345883846283,0.5938504338264465,0.011009174399077892,0.0458715595304966,0.06788990646600723,0.023853210732340813,0.010719850659370422,0.006082487758249044,0.006434990558773279,0.012764733284711838,0.015827514231204987,0.009211543016135693,0.0,0.0,0.0,0.0,0.0,0.0,0.0,0.0,0.17963576316833496,0.45000001788139343,0.5399006605148315,0.37201988697052,0.08628082275390625,0.08399177342653275,0.09792427718639374,0.1530165672302246,0.16559690237045288,0.14036418497562408,0.8779836893081665,0.19636031985282898,0.49008187651634216,0.5867151618003845,0.40655139088630676,0.09377503395080566,0.0917188972234726,0.10699827969074249,0.16692689061164856,0.1804511845111847,0.15337203443050385,0.010968921706080437,0.045703839510679245,0.06764168292284012,0.02376599609851837,0.006411462556570768,0.012718060985207558,0.01576964557170868,0.009177861735224724
117,,5663,,,,,,,,,,,,,,,,,,,,,,,,,,,,,,,,,,,,,,,,,,,,,,,,,,3.1686015129089355,,,,,,,,,,,,,,,,,,,,,,,,,,,,,,,,,,,,,,,,,,,,,,,,,,
,1e-05,5699,,,,,,,,,,,,,,,,,,,,,,,,,,,,,,,,,,,,,,,,,,,,,,,,,,,,,,,,,,,,,,,,,,,,,,,,,,,,,,,,,,,,,,,,,,,,,,,,,,,,
118,,5699,,,,,,,,,,,,,,,,,,,,,,,,,,,,,,,,,,,,,,,,,,,,,,,,,,,3.293972969055176,,,,,,,,,,,,,,,,,,,,,,,,,,,,,,,,,,,,,,,,,,,,,,,,,
118,,5711,,,,,,,,,,,,,,,,,,,,,,,,,,,,,,,,,,,,,,,,,,,,,,,,,,,,0.85235995054245,0.5939597487449646,0.011009174399077892,0.0458715595304966,0.06972476840019226,0.023853210732340813,0.010707156732678413,0.006078923121094704,0.006434990558773279,0.012742763385176659,0.016041407361626625,0.009200679138302803,0.0,0.0,0.0,0.0,0.0,0.0,0.0,0.0,0.1789735108613968,0.45000001788139343,0.5408940315246582,0.371854305267334,0.08636993169784546,0.08408582210540771,0.09782271087169647,0.15307120978832245,0.16577769815921783,0.14039061963558197,0.877988338470459,0.19563238322734833,0.49008187651634216,0.5876250863075256,0.4063694179058075,0.0938742458820343,0.09182263165712357,0.10688665509223938,0.16698913276195526,0.1806286871433258,0.1534021645784378,0.010968921706080437,0.045703839510679245,0.06946983933448792,0.02376599609851837,0.006411462556570768,0.012696171179413795,0.01598275639116764,0.009167038835585117
118,,5711,,,,,,,,,,,,,,,,,,,,,,,,,,,,,,,,,,,,,,,,,,,,,,,,,,3.1678807735443115,,,,,,,,,,,,,,,,,,,,,,,,,,,,,,,,,,,,,,,,,,,,,,,,,,
,1e-05,5749,,,,,,,,,,,,,,,,,,,,,,,,,,,,,,,,,,,,,,,,,,,,,,,,,,,,,,,,,,,,,,,,,,,,,,,,,,,,,,,,,,,,,,,,,,,,,,,,,,,,
119,,5749,,,,,,,,,,,,,,,,,,,,,,,,,,,,,,,,,,,,,,,,,,,,,,,,,,,3.082754135131836,,,,,,,,,,,,,,,,,,,,,,,,,,,,,,,,,,,,,,,,,,,,,,,,,
119,,5759,,,,,,,,,,,,,,,,,,,,,,,,,,,,,,,,,,,,,,,,,,,,,,,,,,,,0.8523880839347839,0.5938166379928589,0.011009174399077892,0.0458715595304966,0.06972476840019226,0.023853210732340813,0.01071121171116829,0.00608297623693943,0.006434990558773279,0.012747406959533691,0.016040494665503502,0.009211943484842777,0.0,0.0,0.0,0.0,0.0,0.0,0.0,0.0,0.1789735108613968,0.45000001788139343,0.5399006605148315,0.370364248752594,0.0862710103392601,0.0839819610118866,0.0977417379617691,0.15296116471290588,0.16554029285907745,0.14003323018550873,0.878033459186554,0.19563238322734833,0.49008187651634216,0.5865331888198853,0.4047315716743469,0.09376510232686996,0.09170806407928467,0.10679763555526733,0.1668676882982254,0.1803678423166275,0.15300822257995605,0.010968921706080437,0.045703839510679245,0.06946983933448792,0.02376599609851837,0.006411462556570768,0.012700797989964485,0.015981845557689667,0.009178263135254383
119,,5759,,,,,,,,,,,,,,,,,,,,,,,,,,,,,,,,,,,,,,,,,,,,,,,,,,3.1658477783203125,,,,,,,,,,,,,,,,,,,,,,,,,,,,,,,,,,,,,,,,,,,,,,,,,,
,1e-05,5799,,,,,,,,,,,,,,,,,,,,,,,,,,,,,,,,,,,,,,,,,,,,,,,,,,,,,,,,,,,,,,,,,,,,,,,,,,,,,,,,,,,,,,,,,,,,,,,,,,,,
120,,5799,,,,,,,,,,,,,,,,,,,,,,,,,,,,,,,,,,,,,,,,,,,,,,,,,,,3.056668281555176,,,,,,,,,,,,,,,,,,,,,,,,,,,,,,,,,,,,,,,,,,,,,,,,,
120,,5807,,,,,,,,,,,,,,,,,,,,,,,,,,,,,,,,,,,,,,,,,,,,,,,,,,,,0.852441668510437,0.5938742756843567,0.011009174399077892,0.0458715595304966,0.06972476840019226,0.023853210732340813,0.01069888286292553,0.006070647854357958,0.006434990558773279,0.012734867632389069,0.016028067097067833,0.009185771457850933,0.0,0.0,0.0,0.0,0.0,0.0,0.0,0.0,0.18062914907932281,0.44966888427734375,0.5407285094261169,0.3706953823566437,0.08632200956344604,0.08403708785772324,0.09824297577142715,0.15296243131160736,0.16569842398166656,0.14014007151126862,0.8780865669250488,0.19745223224163055,0.48971793055534363,0.5874431133270264,0.40509554743766785,0.09382239729166031,0.09176988154649734,0.10734858363866806,0.1668703407049179,0.18054287135601044,0.1531282514333725,0.010968921706080437,0.045703839510679245,0.06946983933448792,0.02376599609851837,0.006411462556570768,0.012688305228948593,0.01596946269273758,0.00915218610316515
120,,5807,,,,,,,,,,,,,,,,,,,,,,,,,,,,,,,,,,,,,,,,,,,,,,,,,,3.168050765991211,,,,,,,,,,,,,,,,,,,,,,,,,,,,,,,,,,,,,,,,,,,,,,,,,,
,1e-05,5849,,,,,,,,,,,,,,,,,,,,,,,,,,,,,,,,,,,,,,,,,,,,,,,,,,,,,,,,,,,,,,,,,,,,,,,,,,,,,,,,,,,,,,,,,,,,,,,,,,,,
121,,5849,,,,,,,,,,,,,,,,,,,,,,,,,,,,,,,,,,,,,,,,,,,,,,,,,,,3.197061061859131,,,,,,,,,,,,,,,,,,,,,,,,,,,,,,,,,,,,,,,,,,,,,,,,,
121,,5855,,,,,,,,,,,,,,,,,,,,,,,,,,,,,,,,,,,,,,,,,,,,,,,,,,,,0.852335512638092,0.5938146710395813,0.011009174399077892,0.0458715595304966,0.06788990646600723,0.023853210732340813,0.010717988014221191,0.006080624647438526,0.006434990558773279,0.01275145635008812,0.015818988904356956,0.009216176345944405,0.0,0.0,0.0,0.0,0.0,0.0,0.0,0.0,0.17947019636631012,0.4491721987724304,0.5403973460197449,0.36970198154449463,0.08668403327465057,0.08439744263887405,0.0982140600681305,0.15316733717918396,0.165928915143013,0.140243798494339,0.8779759407043457,0.1961783468723297,0.48917195200920105,0.5872611403465271,0.4040036201477051,0.09421839565038681,0.09216497838497162,0.10731680691242218,0.1670939326286316,0.18081696331501007,0.15323925018310547,0.010968921706080437,0.045703839510679245,0.06764168292284012,0.02376599609851837,0.006411462556570768,0.012704834342002869,0.015761150047183037,0.009182479232549667
121,,5855,,,,,,,,,,,,,,,,,,,,,,,,,,,,,,,,,,,,,,,,,,,,,,,,,,3.1663765907287598,,,,,,,,,,,,,,,,,,,,,,,,,,,,,,,,,,,,,,,,,,,,,,,,,,
,1e-05,5899,,,,,,,,,,,,,,,,,,,,,,,,,,,,,,,,,,,,,,,,,,,,,,,,,,,,,,,,,,,,,,,,,,,,,,,,,,,,,,,,,,,,,,,,,,,,,,,,,,,,
122,,5899,,,,,,,,,,,,,,,,,,,,,,,,,,,,,,,,,,,,,,,,,,,,,,,,,,,3.2275912761688232,,,,,,,,,,,,,,,,,,,,,,,,,,,,,,,,,,,,,,,,,,,,,,,,,
122,,5903,,,,,,,,,,,,,,,,,,,,,,,,,,,,,,,,,,,,,,,,,,,,,,,,,,,,0.8524666428565979,0.5939123630523682,0.011009174399077892,0.0458715595304966,0.06972476840019226,0.023853210732340813,0.0107154855504632,0.006087251007556915,0.006434990558773279,0.012742992490530014,0.016052132472395897,0.009204268455505371,0.0,0.0,0.0,0.0,0.0,0.0,0.0,0.0,0.17930464446544647,0.4501655697822571,0.5407285094261169,0.3708609342575073,0.08664557337760925,0.08436064422130585,0.09808911383152008,0.15329113602638245,0.16595782339572906,0.14041323959827423,0.8781103491783142,0.19599635899066925,0.4902638792991638,0.5874431133270264,0.4052775204181671,0.09417638927698135,0.09212386608123779,0.10717946290969849,0.16723084449768066,0.1808256208896637,0.15342667698860168,0.010968921706080437,0.045703839510679245,0.06946983933448792,0.02376599609851837,0.006411462556570768,0.012696401216089725,0.01599344052374363,0.009170616045594215
122,,5903,,,,,,,,,,,,,,,,,,,,,,,,,,,,,,,,,,,,,,,,,,,,,,,,,,3.168328046798706,,,,,,,,,,,,,,,,,,,,,,,,,,,,,,,,,,,,,,,,,,,,,,,,,,
,1e-05,5949,,,,,,,,,,,,,,,,,,,,,,,,,,,,,,,,,,,,,,,,,,,,,,,,,,,,,,,,,,,,,,,,,,,,,,,,,,,,,,,,,,,,,,,,,,,,,,,,,,,,
123,,5949,,,,,,,,,,,,,,,,,,,,,,,,,,,,,,,,,,,,,,,,,,,,,,,,,,,3.1608424186706543,,,,,,,,,,,,,,,,,,,,,,,,,,,,,,,,,,,,,,,,,,,,,,,,,
123,,5951,,,,,,,,,,,,,,,,,,,,,,,,,,,,,,,,,,,,,,,,,,,,,,,,,,,,0.8524198532104492,0.5936880111694336,0.011009174399077892,0.0458715595304966,0.06788990646600723,0.023853210732340813,0.010716834105551243,0.00607947027310729,0.006434990558773279,0.01274634338915348,0.0158071406185627,0.0092105558142066,0.0,0.0,0.0,0.0,0.0,0.0,0.0,0.0,0.1789735108613968,0.45000001788139343,0.5405629277229309,0.370364248752594,0.08656622469425201,0.08428047597408295,0.09798240661621094,0.15319399535655975,0.16586057841777802,0.14025670289993286,0.8780810832977295,0.19563238322734833,0.49008187651634216,0.5874431133270264,0.4047315716743469,0.09408905357122421,0.09203653037548065,0.10706218332052231,0.1671237349510193,0.1807430386543274,0.15325400233268738,0.010968921706080437,0.045703839510679245,0.06764168292284012,0.02376599609851837,0.006411462556570768,0.012699740007519722,0.01574934646487236,0.009176879189908504
123,,5951,,,,,,,,,,,,,,,,,,,,,,,,,,,,,,,,,,,,,,,,,,,,,,,,,,3.165785074234009,,,,,,,,,,,,,,,,,,,,,,,,,,,,,,,,,,,,,,,,,,,,,,,,,,
,1e-05,5999,,,,,,,,,,,,,,,,,,,,,,,,,,,,,,,,,,,,,,,,,,,,,,,,,,,,,,,,,,,,,,,,,,,,,,,,,,,,,,,,,,,,,,,,,,,,,,,,,,,,
124,,5999,,,,,,,,,,,,,,,,,,,,,,,,,,,,,,,,,,,,,,,,,,,,,,,,,,,3.273435115814209,,,,,,,,,,,,,,,,,,,,,,,,,,,,,,,,,,,,,,,,,,,,,,,,,
124,,5999,,,,,,,,,,,,,,,,,,,,,,,,,,,,,,,,,,,,,,,,,,,,,,,,,,,,0.8524623513221741,0.5941343307495117,0.011009174399077892,0.0458715595304966,0.06788990646600723,0.023853210732340813,0.010610190220177174,0.005972826853394508,0.006354580167680979,0.01265352126210928,0.015711884945631027,0.00911073386669159,0.0,0.0,0.0,0.0,0.0,0.0,0.0,0.0,0.1798013299703598,0.44933775067329407,0.5400662422180176,0.36986756324768066,0.08650314807891846,0.08421491831541061,0.09815356880426407,0.15306194126605988,0.16576199233531952,0.14013679325580597,0.8780835866928101,0.19654230773448944,0.4893539547920227,0.5868971943855286,0.40418562293052673,0.09403028339147568,0.09197504818439484,0.10725829750299454,0.16698779165744781,0.18064412474632263,0.15313208103179932,0.010968921706080437,0.045703839510679245,0.06764168292284012,0.02376599609851837,0.006331345997750759,0.012607257813215256,0.015654439106583595,0.009077423252165318
124,,5999,,,,,,,,,,,,,,,,,,,,,,,,,,,,,,,,,,,,,,,,,,,,,,,,,,3.167426347732544,,,,,,,,,,,,,,,,,,,,,,,,,,,,,,,,,,,,,,,,,,,,,,,,,,
125,,6000,0.8525120615959167,0.5947155952453613,0.011009174399077892,0.0458715595304966,0.06972476840019226,0.02568807452917099,0.010638599283993244,0.0060103642754256725,0.006354580167680979,0.012700173072516918,0.01601540856063366,0.009445113129913807,0.0,0.0,0.0,0.0,0.0,0.0,0.0,0.0,0.1824503391981125,0.45231789350509644,0.5412251949310303,0.37251657247543335,0.08687976747751236,0.08459731191396713,0.09908390045166016,0.15388572216033936,0.16631671786308289,0.14095069468021393,0.8780805468559265,0.19945403933525085,0.49262964725494385,0.587989091873169,0.4069153666496277,0.09444145858287811,0.09239163994789124,0.10828087478876114,0.16788865625858307,0.1812237650156021,0.15399356186389923,0.010968921706080437,0.045703839510679245,0.06946983933448792,0.02559415064752102,0.006331345997750759,0.01265373732894659,0.015956848859786987,0.009410579688847065,,,,,,,,,,,,,,,,,,,,,,,,,,,,,,,,,,,,,,,,,,,,,,,,,,,
