epoch,lr-AdamW,step,test/auc,test/cold_auc,test/cold_hr@10,test/cold_hr@100,test/cold_hr@200,test/cold_hr@50,test/cold_mrr,test/cold_mrr_corrected,test/cold_ndcg@10,test/cold_ndcg@100,test/cold_ndcg@200,test/cold_ndcg@50,test/few_hr@10,test/few_hr@100,test/few_hr@200,test/few_hr@50,test/few_ndcg@10,test/few_ndcg@100,test/few_ndcg@200,test/few_ndcg@50,test/hr@10,test/hr@100,test/hr@200,test/hr@50,test/mrr,test/mrr_corrected,test/ndcg@10,test/ndcg@100,test/ndcg@200,test/ndcg@50,test/warm_auc,test/warm_hr@10,test/warm_hr@100,test/warm_hr@200,test/warm_hr@50,test/warm_mrr,test/warm_mrr_corrected,test/warm_ndcg@10,test/warm_ndcg@100,test/warm_ndcg@200,test/warm_ndcg@50,test/zero_hr@10,test/zero_hr@100,test/zero_hr@200,test/zero_hr@50,test/zero_ndcg@10,test/zero_ndcg@100,test/zero_ndcg@200,test/zero_ndcg@50,train/loss_epoch,train/loss_step,val/auc,val/cold_auc,val/cold_hr@10,val/cold_hr@100,val/cold_hr@200,val/cold_hr@50,val/cold_mrr,val/cold_mrr_corrected,val/cold_ndcg@10,val/cold_ndcg@100,val/cold_ndcg@200,val/cold_ndcg@50,val/few_hr@10,val/few_hr@100,val/few_hr@200,val/few_hr@50,val/few_ndcg@10,val/few_ndcg@100,val/few_ndcg@200,val/few_ndcg@50,val/hr@10,val/hr@100,val/hr@200,val/hr@50,val/mrr,val/mrr_corrected,val/ndcg@10,val/ndcg@100,val/ndcg@200,val/ndcg@50,val/warm_auc,val/warm_hr@10,val/warm_hr@100,val/warm_hr@200,val/warm_hr@50,val/warm_mrr,val/warm_mrr_corrected,val/warm_ndcg@10,val/warm_ndcg@100,val/warm_ndcg@200,val/warm_ndcg@50,val/zero_hr@10,val/zero_hr@100,val/zero_hr@200,val/zero_hr@50,val/zero_ndcg@10,val/zero_ndcg@100,val/zero_ndcg@200,val/zero_ndcg@50
0,,47,,,,,,,,,,,,,,,,,,,,,,,,,,,,,,,,,,,,,,,,,,,,,,,,,,,,0.7413316369056702,0.6630786657333374,0.012844037264585495,0.0990825667977333,0.1651376187801361,0.05137614905834198,0.010743957944214344,0.006590414326637983,0.005702527239918709,0.02191963605582714,0.0311366505920887,0.014134131371974945,0.0,0.0,0.0,0.0,0.0,0.0,0.0,0.0,0.0374172180891037,0.183609277009964,0.26837748289108276,0.11970198899507523,0.021035589277744293,0.01739567704498768,0.018214240670204163,0.04597955197095871,0.057806018739938736,0.0356065034866333,0.7490928173065186,0.03985441103577614,0.19199271500110626,0.27861690521240234,0.12647861242294312,0.022056324407458305,0.018467353656888008,0.019455164670944214,0.048365846276283264,0.060451116412878036,0.03773615509271622,0.01279707532376051,0.09872029721736908,0.1645338237285614,0.05118830129504204,0.005681677255779505,0.02183949202299118,0.031022807583212852,0.014082453213632107
0,,47,,,,,,,,,,,,,,,,,,,,,,,,,,,,,,,,,,,,,,,,,,,,,,,,,,4.686861515045166,,,,,,,,,,,,,,,,,,,,,,,,,,,,,,,,,,,,,,,,,,,,,,,,,,
,0.001,49,,,,,,,,,,,,,,,,,,,,,,,,,,,,,,,,,,,,,,,,,,,,,,,,,,,,,,,,,,,,,,,,,,,,,,,,,,,,,,,,,,,,,,,,,,,,,,,,,,,,
1,,49,,,,,,,,,,,,,,,,,,,,,,,,,,,,,,,,,,,,,,,,,,,,,,,,,,,4.436800003051758,,,,,,,,,,,,,,,,,,,,,,,,,,,,,,,,,,,,,,,,,,,,,,,,,
1,,95,,,,,,,,,,,,,,,,,,,,,,,,,,,,,,,,,,,,,,,,,,,,,,,,,,,,0.784794807434082,0.6875830292701721,0.01651376113295555,0.10458716005086899,0.18899083137512207,0.06055045872926712,0.013062958605587482,0.009028086438775063,0.008292223326861858,0.02493029460310936,0.036552052944898605,0.017780905589461327,0.0,0.0,0.0,0.0,0.0,0.0,0.0,0.0,0.0478476844727993,0.2230132520198822,0.32963576912879944,0.15149006247520447,0.0275671798735857,0.024232039228081703,0.024906184524297714,0.05868558585643768,0.07357335835695267,0.047103650867938995,0.7944363355636597,0.05095541477203369,0.2347588688135147,0.3435850739479065,0.16050955653190613,0.02900572679936886,0.02573998086154461,0.02655397541821003,0.06203347072005272,0.07724516838788986,0.05001191049814224,0.01645338162779808,0.10420475900173187,0.18829981982707977,0.06032906845211983,0.008261905051767826,0.024839144200086594,0.036418408155441284,0.01771589368581772
1,,95,,,,,,,,,,,,,,,,,,,,,,,,,,,,,,,,,,,,,,,,,,,,,,,,,,4.2475128173828125,,,,,,,,,,,,,,,,,,,,,,,,,,,,,,,,,,,,,,,,,,,,,,,,,,
,0.001,99,,,,,,,,,,,,,,,,,,,,,,,,,,,,,,,,,,,,,,,,,,,,,,,,,,,,,,,,,,,,,,,,,,,,,,,,,,,,,,,,,,,,,,,,,,,,,,,,,,,,
2,,99,,,,,,,,,,,,,,,,,,,,,,,,,,,,,,,,,,,,,,,,,,,,,,,,,,,4.075430870056152,,,,,,,,,,,,,,,,,,,,,,,,,,,,,,,,,,,,,,,,,,,,,,,,,
2,,143,,,,,,,,,,,,,,,,,,,,,,,,,,,,,,,,,,,,,,,,,,,,,,,,,,,,0.8119736313819885,0.6685579419136047,0.031192660331726074,0.0990825667977333,0.18899083137512207,0.05871559679508209,0.014598903246223927,0.010564032010734081,0.013456068933010101,0.02562679909169674,0.03808806091547012,0.019128089770674706,0.0,0.0,0.0,0.0,0.0,0.0,0.0,0.0,0.06241722032427788,0.27251654863357544,0.3970198631286621,0.18625828623771667,0.033479250967502594,0.030479351058602333,0.032222405076026917,0.07250506430864334,0.08982665091753006,0.05857729911804199,0.8261978030204773,0.06551410257816315,0.2897179126739502,0.4176523983478546,0.19890809059143066,0.03535182401537895,0.03245457261800766,0.03408367186784744,0.0771545022726059,0.09495814144611359,0.06248991936445236,0.031078610569238663,0.09872029721736908,0.18829981982707977,0.05850091576576233,0.013406870886683464,0.025533098727464676,0.03794880211353302,0.01905815117061138
2,,143,,,,,,,,,,,,,,,,,,,,,,,,,,,,,,,,,,,,,,,,,,,,,,,,,,4.02793550491333,,,,,,,,,,,,,,,,,,,,,,,,,,,,,,,,,,,,,,,,,,,,,,,,,,
,0.001,149,,,,,,,,,,,,,,,,,,,,,,,,,,,,,,,,,,,,,,,,,,,,,,,,,,,,,,,,,,,,,,,,,,,,,,,,,,,,,,,,,,,,,,,,,,,,,,,,,,,,
3,,149,,,,,,,,,,,,,,,,,,,,,,,,,,,,,,,,,,,,,,,,,,,,,,,,,,,4.0151896476745605,,,,,,,,,,,,,,,,,,,,,,,,,,,,,,,,,,,,,,,,,,,,,,,,,
3,,191,,,,,,,,,,,,,,,,,,,,,,,,,,,,,,,,,,,,,,,,,,,,,,,,,,,,0.832392692565918,0.6840046644210815,0.01834862306714058,0.1119266077876091,0.1908256858587265,0.05871559679508209,0.016644379124045372,0.012618637643754482,0.011466952972114086,0.02894436940550804,0.03998642414808273,0.020235557109117508,0.0,0.0,0.0,0.0,0.0,0.0,0.0,0.0,0.0655629113316536,0.3120861053466797,0.43923842906951904,0.20827814936637878,0.034241318702697754,0.03145145997405052,0.032743655145168304,0.08014516532421112,0.09793149679899216,0.06334757059812546,0.8471100330352783,0.07024567574262619,0.33193811774253845,0.46387624740600586,0.22311191260814667,0.03598659858107567,0.033319320529699326,0.03485390171408653,0.08522331714630127,0.10367853194475174,0.06762346625328064,0.018281536176800728,0.11151736974716187,0.19012796878814697,0.05850091576576233,0.011425026692450047,0.028838541358709335,0.039840217679739,0.020161569118499756
3,,191,,,,,,,,,,,,,,,,,,,,,,,,,,,,,,,,,,,,,,,,,,,,,,,,,,3.8168575763702393,,,,,,,,,,,,,,,,,,,,,,,,,,,,,,,,,,,,,,,,,,,,,,,,,,
,0.001,199,,,,,,,,,,,,,,,,,,,,,,,,,,,,,,,,,,,,,,,,,,,,,,,,,,,,,,,,,,,,,,,,,,,,,,,,,,,,,,,,,,,,,,,,,,,,,,,,,,,,
4,,199,,,,,,,,,,,,,,,,,,,,,,,,,,,,,,,,,,,,,,,,,,,,,,,,,,,3.758707046508789,,,,,,,,,,,,,,,,,,,,,,,,,,,,,,,,,,,,,,,,,,,,,,,,,
4,,239,,,,,,,,,,,,,,,,,,,,,,,,,,,,,,,,,,,,,,,,,,,,,,,,,,,,0.8390962481498718,0.6829243898391724,0.01834862306714058,0.1247706413269043,0.22201834619045258,0.07339449226856232,0.01585214026272297,0.011981585994362831,0.010792800225317478,0.03041866235435009,0.043920714408159256,0.022179430350661278,0.0,0.0,0.0,0.0,0.0,0.0,0.0,0.0,0.07052980363368988,0.3332781493663788,0.45778146386146545,0.22119206190109253,0.03620489686727524,0.033507294952869415,0.03504212945699692,0.08553614467382431,0.10293114185333252,0.06745230406522751,0.8545854687690735,0.07570518553256989,0.3539581298828125,0.48116469383239746,0.2358507663011551,0.0382235050201416,0.03564223647117615,0.03744719922542572,0.09100274741649628,0.10878386348485947,0.0719425156712532,0.018281536176800728,0.12431444227695465,0.22120659053325653,0.07312614470720291,0.010753339156508446,0.03030744008719921,0.04376012831926346,0.02209833636879921
4,,239,,,,,,,,,,,,,,,,,,,,,,,,,,,,,,,,,,,,,,,,,,,,,,,,,,3.6764540672302246,,,,,,,,,,,,,,,,,,,,,,,,,,,,,,,,,,,,,,,,,,,,,,,,,,
,0.001,249,,,,,,,,,,,,,,,,,,,,,,,,,,,,,,,,,,,,,,,,,,,,,,,,,,,,,,,,,,,,,,,,,,,,,,,,,,,,,,,,,,,,,,,,,,,,,,,,,,,,
5,,249,,,,,,,,,,,,,,,,,,,,,,,,,,,,,,,,,,,,,,,,,,,,,,,,,,,3.7423830032348633,,,,,,,,,,,,,,,,,,,,,,,,,,,,,,,,,,,,,,,,,,,,,,,,,
5,,287,,,,,,,,,,,,,,,,,,,,,,,,,,,,,,,,,,,,,,,,,,,,,,,,,,,,0.8439320921897888,0.6891312599182129,0.020183486863970757,0.13944953680038452,0.2311926633119583,0.08256880939006805,0.017222391441464424,0.013397480361163616,0.011957444250583649,0.03430746868252754,0.046873822808265686,0.02519337646663189,0.0,0.0,0.0,0.0,0.0,0.0,0.0,0.0,0.0783112570643425,0.3498344421386719,0.4819536507129669,0.23791390657424927,0.03935573250055313,0.03677838668227196,0.03917443007230759,0.09146519750356674,0.10987865179777145,0.07337608188390732,0.8592854142189026,0.08407643437385559,0.3707006275653839,0.5068243741989136,0.25332120060920715,0.04155093804001808,0.03909733146429062,0.041873835027217865,0.09713415801525116,0.11612754315137863,0.07815489917993546,0.020109690725803375,0.13893967866897583,0.23034735023975372,0.0822669118642807,0.0119137242436409,0.034182026982307434,0.046702440828084946,0.02510126121342182
5,,287,,,,,,,,,,,,,,,,,,,,,,,,,,,,,,,,,,,,,,,,,,,,,,,,,,3.6009461879730225,,,,,,,,,,,,,,,,,,,,,,,,,,,,,,,,,,,,,,,,,,,,,,,,,,
,0.001,299,,,,,,,,,,,,,,,,,,,,,,,,,,,,,,,,,,,,,,,,,,,,,,,,,,,,,,,,,,,,,,,,,,,,,,,,,,,,,,,,,,,,,,,,,,,,,,,,,,,,
6,,299,,,,,,,,,,,,,,,,,,,,,,,,,,,,,,,,,,,,,,,,,,,,,,,,,,,3.540318012237549,,,,,,,,,,,,,,,,,,,,,,,,,,,,,,,,,,,,,,,,,,,,,,,,,
6,,335,,,,,,,,,,,,,,,,,,,,,,,,,,,,,,,,,,,,,,,,,,,,,,,,,,,,0.8484703898429871,0.6759504675865173,0.014678899198770523,0.13944953680038452,0.22568807005882263,0.078899085521698,0.016886219382286072,0.013033920899033546,0.009999527595937252,0.03399163484573364,0.0460076779127121,0.024161791428923607,0.0,0.0,0.0,0.0,0.0,0.0,0.0,0.0,0.08162251859903336,0.36473509669303894,0.49089404940605164,0.24784769117832184,0.041851554065942764,0.039318688213825226,0.041522230952978134,0.09629791975021362,0.11389453709125519,0.07735926657915115,0.8655810952186584,0.08826205134391785,0.3870791494846344,0.5171974301338196,0.2646041810512543,0.044327639043331146,0.04192563518881798,0.044648684561252594,0.10247751325368881,0.12062762677669525,0.08263544738292694,0.014625228941440582,0.13893967866897583,0.22486288845539093,0.0786106064915657,0.009962965734302998,0.033867351710796356,0.04583946242928505,0.02407344989478588
6,,335,,,,,,,,,,,,,,,,,,,,,,,,,,,,,,,,,,,,,,,,,,,,,,,,,,3.5469284057617188,,,,,,,,,,,,,,,,,,,,,,,,,,,,,,,,,,,,,,,,,,,,,,,,,,
,0.001,349,,,,,,,,,,,,,,,,,,,,,,,,,,,,,,,,,,,,,,,,,,,,,,,,,,,,,,,,,,,,,,,,,,,,,,,,,,,,,,,,,,,,,,,,,,,,,,,,,,,,
7,,349,,,,,,,,,,,,,,,,,,,,,,,,,,,,,,,,,,,,,,,,,,,,,,,,,,,3.5546247959136963,,,,,,,,,,,,,,,,,,,,,,,,,,,,,,,,,,,,,,,,,,,,,,,,,
7,,383,,,,,,,,,,,,,,,,,,,,,,,,,,,,,,,,,,,,,,,,,,,,,,,,,,,,0.8490777611732483,0.6780595779418945,0.01651376113295555,0.14311926066875458,0.24220183491706848,0.09357798099517822,0.016574475914239883,0.012804336845874786,0.01026938110589981,0.03441165015101433,0.04822326824069023,0.026344258338212967,0.0,0.0,0.0,0.0,0.0,0.0,0.0,0.0,0.08543046563863754,0.36357617378234863,0.49089404940605164,0.25298014283180237,0.04255745932459831,0.04002459719777107,0.0430690236389637,0.09691732376813889,0.11469512432813644,0.07899322360754013,0.8660395741462708,0.09226569533348083,0.38544130325317383,0.5155596137046814,0.26878979802131653,0.04513448476791382,0.042724329978227615,0.04632212594151497,0.10311669111251831,0.12128788232803345,0.08421500027179718,0.01645338162779808,0.14259597659111023,0.2413162738084793,0.09323583543300629,0.010231832973659039,0.034285832196474075,0.04804695025086403,0.026247935369610786
7,,383,,,,,,,,,,,,,,,,,,,,,,,,,,,,,,,,,,,,,,,,,,,,,,,,,,3.5104308128356934,,,,,,,,,,,,,,,,,,,,,,,,,,,,,,,,,,,,,,,,,,,,,,,,,,
,0.001,399,,,,,,,,,,,,,,,,,,,,,,,,,,,,,,,,,,,,,,,,,,,,,,,,,,,,,,,,,,,,,,,,,,,,,,,,,,,,,,,,,,,,,,,,,,,,,,,,,,,,
8,,399,,,,,,,,,,,,,,,,,,,,,,,,,,,,,,,,,,,,,,,,,,,,,,,,,,,3.528831958770752,,,,,,,,,,,,,,,,,,,,,,,,,,,,,,,,,,,,,,,,,,,,,,,,,
8,,431,,,,,,,,,,,,,,,,,,,,,,,,,,,,,,,,,,,,,,,,,,,,,,,,,,,,0.8487707376480103,0.6829376816749573,0.01651376113295555,0.157798171043396,0.25321102142333984,0.09724770486354828,0.015510940924286842,0.011795573867857456,0.009251939132809639,0.035930030047893524,0.049212172627449036,0.026224518194794655,0.0,0.0,0.0,0.0,0.0,0.0,0.0,0.0,0.09188742190599442,0.37251657247543335,0.4965232014656067,0.2612582743167877,0.04601709172129631,0.04351223632693291,0.04712814837694168,0.10154116153717041,0.11889026314020157,0.08353358507156372,0.8652181625366211,0.0993630588054657,0.39381253719329834,0.5206551551818848,0.27752500772476196,0.0490427240729332,0.046657927334308624,0.050884757190942764,0.10804852843284607,0.1258009970188141,0.08921755850315094,0.01645338162779808,0.1572212129831314,0.2522852122783661,0.09689214080572128,0.009218111634254456,0.03579866141080856,0.049032241106033325,0.026128631085157394
8,,431,,,,,,,,,,,,,,,,,,,,,,,,,,,,,,,,,,,,,,,,,,,,,,,,,,3.4842658042907715,,,,,,,,,,,,,,,,,,,,,,,,,,,,,,,,,,,,,,,,,,,,,,,,,,
,0.001,449,,,,,,,,,,,,,,,,,,,,,,,,,,,,,,,,,,,,,,,,,,,,,,,,,,,,,,,,,,,,,,,,,,,,,,,,,,,,,,,,,,,,,,,,,,,,,,,,,,,,
9,,449,,,,,,,,,,,,,,,,,,,,,,,,,,,,,,,,,,,,,,,,,,,,,,,,,,,3.445693016052246,,,,,,,,,,,,,,,,,,,,,,,,,,,,,,,,,,,,,,,,,,,,,,,,,
9,,479,,,,,,,,,,,,,,,,,,,,,,,,,,,,,,,,,,,,,,,,,,,,,,,,,,,,0.851315438747406,0.6773645281791687,0.014678899198770523,0.15596330165863037,0.2495412826538086,0.08440367132425308,0.01648820750415325,0.012754581868648529,0.009895025752484798,0.03597033768892288,0.04883446544408798,0.024542782455682755,0.0,0.0,0.0,0.0,0.0,0.0,0.0,0.0,0.0922185480594635,0.3723509907722473,0.5028145909309387,0.26142385601997375,0.04578616842627525,0.04331260919570923,0.04704863950610161,0.10134808719158173,0.1195811927318573,0.08335340023040771,0.8685680627822876,0.09990900754928589,0.39381253719329834,0.5279344916343689,0.27898088097572327,0.04869197681546211,0.04634339362382889,0.05073357746005058,0.10783233493566513,0.12659792602062225,0.08918629586696625,0.014625228941440582,0.1553930640220642,0.2486288845539093,0.0840950682759285,0.009858846664428711,0.035838816314935684,0.0486559122800827,0.024453047662973404
9,,479,,,,,,,,,,,,,,,,,,,,,,,,,,,,,,,,,,,,,,,,,,,,,,,,,,3.460282325744629,,,,,,,,,,,,,,,,,,,,,,,,,,,,,,,,,,,,,,,,,,,,,,,,,,
,0.001,499,,,,,,,,,,,,,,,,,,,,,,,,,,,,,,,,,,,,,,,,,,,,,,,,,,,,,,,,,,,,,,,,,,,,,,,,,,,,,,,,,,,,,,,,,,,,,,,,,,,,
10,,499,,,,,,,,,,,,,,,,,,,,,,,,,,,,,,,,,,,,,,,,,,,,,,,,,,,3.431811571121216,,,,,,,,,,,,,,,,,,,,,,,,,,,,,,,,,,,,,,,,,,,,,,,,,
10,,527,,,,,,,,,,,,,,,,,,,,,,,,,,,,,,,,,,,,,,,,,,,,,,,,,,,,0.8524430394172668,0.67513507604599,0.020183486863970757,0.1449541300535202,0.23853211104869843,0.07706422358751297,0.015317307785153389,0.011528910137712955,0.010483949445188046,0.0335681177675724,0.046583984047174454,0.022537656128406525,0.0,0.0,0.0,0.0,0.0,0.0,0.0,0.0,0.09139072895050049,0.37798014283180237,0.5074503421783447,0.2658940553665161,0.04510665684938431,0.04265616461634636,0.046133190393447876,0.10192231833934784,0.11997444182634354,0.08373691141605377,0.870028555393219,0.09845313429832458,0.40109190344810486,0.5341219305992126,0.2846223711967468,0.04806119203567505,0.045743394643068314,0.049668919295072556,0.10870174318552017,0.12725338339805603,0.08980671316385269,0.020109690725803375,0.14442414045333862,0.2376599758863449,0.07678245007991791,0.010445617139339447,0.033445388078689575,0.04641366004943848,0.022455254569649696
10,,527,,,,,,,,,,,,,,,,,,,,,,,,,,,,,,,,,,,,,,,,,,,,,,,,,,3.4394760131835938,,,,,,,,,,,,,,,,,,,,,,,,,,,,,,,,,,,,,,,,,,,,,,,,,,
,0.001,549,,,,,,,,,,,,,,,,,,,,,,,,,,,,,,,,,,,,,,,,,,,,,,,,,,,,,,,,,,,,,,,,,,,,,,,,,,,,,,,,,,,,,,,,,,,,,,,,,,,,
11,,549,,,,,,,,,,,,,,,,,,,,,,,,,,,,,,,,,,,,,,,,,,,,,,,,,,,3.418834924697876,,,,,,,,,,,,,,,,,,,,,,,,,,,,,,,,,,,,,,,,,,,,,,,,,
11,,575,,,,,,,,,,,,,,,,,,,,,,,,,,,,,,,,,,,,,,,,,,,,,,,,,,,,0.8513948321342468,0.6691526174545288,0.023853210732340813,0.16146789491176605,0.24220183491706848,0.08807339519262314,0.016578122973442078,0.012807982973754406,0.012169658206403255,0.03753840550780296,0.048743393272161484,0.02570411190390587,0.0,0.0,0.0,0.0,0.0,0.0,0.0,0.0,0.10182119160890579,0.38791391253471375,0.510927140712738,0.2705298066139221,0.04775117710232735,0.045317988842725754,0.050656288862228394,0.1061018630862236,0.12328590452671051,0.08710457384586334,0.8694698214530945,0.10955413430929184,0.4103730618953705,0.5375795960426331,0.2886260151863098,0.05084295570850372,0.04854235798120499,0.054473429918289185,0.11290203779935837,0.13067911565303802,0.09319432824850082,0.02376599609851837,0.160877525806427,0.2413162738084793,0.0877513736486435,0.012125162407755852,0.03740115463733673,0.04856517165899277,0.02561013214290142
11,,575,,,,,,,,,,,,,,,,,,,,,,,,,,,,,,,,,,,,,,,,,,,,,,,,,,3.422546625137329,,,,,,,,,,,,,,,,,,,,,,,,,,,,,,,,,,,,,,,,,,,,,,,,,,
,0.001,599,,,,,,,,,,,,,,,,,,,,,,,,,,,,,,,,,,,,,,,,,,,,,,,,,,,,,,,,,,,,,,,,,,,,,,,,,,,,,,,,,,,,,,,,,,,,,,,,,,,,
12,,599,,,,,,,,,,,,,,,,,,,,,,,,,,,,,,,,,,,,,,,,,,,,,,,,,,,3.2748847007751465,,,,,,,,,,,,,,,,,,,,,,,,,,,,,,,,,,,,,,,,,,,,,,,,,
12,,623,,,,,,,,,,,,,,,,,,,,,,,,,,,,,,,,,,,,,,,,,,,,,,,,,,,,0.8520307540893555,0.6799576282501221,0.02568807452917099,0.15963302552700043,0.2495412826538086,0.08440367132425308,0.017301416024565697,0.013567792251706123,0.013273232616484165,0.0378846749663353,0.05042200908064842,0.025798700749874115,0.0,0.0,0.0,0.0,0.0,0.0,0.0,0.0,0.09933774918317795,0.38062915205955505,0.5057947039604187,0.2711920440196991,0.04922325909137726,0.046764522790908813,0.0512951985001564,0.1060846820473671,0.12358805537223816,0.08839628845453262,0.8690970540046692,0.10664240270853043,0.40254777669906616,0.53121018409729,0.2897179126739502,0.052389293909072876,0.05005701258778572,0.05506626144051552,0.11284881085157394,0.13084472715854645,0.09460478276014328,0.02559415064752102,0.1590493619441986,0.2486288845539093,0.0840950682759285,0.013224701397120953,0.03774615749716759,0.05023764818906784,0.02570437267422676
12,,623,,,,,,,,,,,,,,,,,,,,,,,,,,,,,,,,,,,,,,,,,,,,,,,,,,3.4088311195373535,,,,,,,,,,,,,,,,,,,,,,,,,,,,,,,,,,,,,,,,,,,,,,,,,,
,0.001,649,,,,,,,,,,,,,,,,,,,,,,,,,,,,,,,,,,,,,,,,,,,,,,,,,,,,,,,,,,,,,,,,,,,,,,,,,,,,,,,,,,,,,,,,,,,,,,,,,,,,
13,,649,,,,,,,,,,,,,,,,,,,,,,,,,,,,,,,,,,,,,,,,,,,,,,,,,,,3.380054235458374,,,,,,,,,,,,,,,,,,,,,,,,,,,,,,,,,,,,,,,,,,,,,,,,,
13,,671,,,,,,,,,,,,,,,,,,,,,,,,,,,,,,,,,,,,,,,,,,,,,,,,,,,,0.8517854809761047,0.674582839012146,0.029357798397541046,0.15412844717502594,0.2623853087425232,0.08807339519262314,0.018791109323501587,0.015121384523808956,0.015272765420377254,0.038509711623191833,0.05350634828209877,0.027929481118917465,0.0,0.0,0.0,0.0,0.0,0.0,0.0,0.0,0.1052980124950409,0.38443708419799805,0.5124172568321228,0.27533113956451416,0.05074687302112579,0.04832109436392784,0.05384523421525955,0.10825841873884201,0.12612158060073853,0.09056901931762695,0.869360625743866,0.11282984167337418,0.4072793424129486,0.5372156500816345,0.29390352964401245,0.05391627922654152,0.05161387100815773,0.05767090246081352,0.11517617106437683,0.13332363963127136,0.09678168594837189,0.029250457882881165,0.15356490015983582,0.2614259719848633,0.0877513736486435,0.01521692331880331,0.03836891055107117,0.05331071466207504,0.027827363461256027
13,,671,,,,,,,,,,,,,,,,,,,,,,,,,,,,,,,,,,,,,,,,,,,,,,,,,,3.3925561904907227,,,,,,,,,,,,,,,,,,,,,,,,,,,,,,,,,,,,,,,,,,,,,,,,,,
,0.001,699,,,,,,,,,,,,,,,,,,,,,,,,,,,,,,,,,,,,,,,,,,,,,,,,,,,,,,,,,,,,,,,,,,,,,,,,,,,,,,,,,,,,,,,,,,,,,,,,,,,,
14,,699,,,,,,,,,,,,,,,,,,,,,,,,,,,,,,,,,,,,,,,,,,,,,,,,,,,3.370314121246338,,,,,,,,,,,,,,,,,,,,,,,,,,,,,,,,,,,,,,,,,,,,,,,,,
14,,719,,,,,,,,,,,,,,,,,,,,,,,,,,,,,,,,,,,,,,,,,,,,,,,,,,,,0.8535134792327881,0.6734865307807922,0.027522936463356018,0.1449541300535202,0.2550458610057831,0.0917431190609932,0.018793990835547447,0.015087752602994442,0.01490300428122282,0.03682001307606697,0.05223611369729042,0.028247296810150146,0.0,0.0,0.0,0.0,0.0,0.0,0.0,0.0,0.10794702172279358,0.3889072835445404,0.5192053318023682,0.28261590003967285,0.051219530403614044,0.04882751777768135,0.054716382175683975,0.10961342602968216,0.12783975899219513,0.09238573163747787,0.8713686466217041,0.11592356115579605,0.41310280561447144,0.5454049110412598,0.3015468418598175,0.05443553999066353,0.05217387154698372,0.05866510793566704,0.1168331503868103,0.1353382021188736,0.09874705225229263,0.027422305196523666,0.14442414045333862,0.2541133463382721,0.09140767902135849,0.014848514460027218,0.036685388535261154,0.05204512178897858,0.02814401499927044
14,,719,,,,,,,,,,,,,,,,,,,,,,,,,,,,,,,,,,,,,,,,,,,,,,,,,,3.3812131881713867,,,,,,,,,,,,,,,,,,,,,,,,,,,,,,,,,,,,,,,,,,,,,,,,,,
,0.001,749,,,,,,,,,,,,,,,,,,,,,,,,,,,,,,,,,,,,,,,,,,,,,,,,,,,,,,,,,,,,,,,,,,,,,,,,,,,,,,,,,,,,,,,,,,,,,,,,,,,,
15,,749,,,,,,,,,,,,,,,,,,,,,,,,,,,,,,,,,,,,,,,,,,,,,,,,,,,3.4107372760772705,,,,,,,,,,,,,,,,,,,,,,,,,,,,,,,,,,,,,,,,,,,,,,,,,
15,,767,,,,,,,,,,,,,,,,,,,,,,,,,,,,,,,,,,,,,,,,,,,,,,,,,,,,0.8545565605163574,0.671059250831604,0.031192660331726074,0.15412844717502594,0.24587155878543854,0.08623853325843811,0.020303158089518547,0.016551274806261063,0.017103906720876694,0.03961345553398132,0.05232477933168411,0.028692614287137985,0.0,0.0,0.0,0.0,0.0,0.0,0.0,0.0,0.1099337786436081,0.3897351026535034,0.5175496935844421,0.28410595655441284,0.051734697073698044,0.04933445155620575,0.05547820031642914,0.11037342995405197,0.12827475368976593,0.09323743730783463,0.8727561235427856,0.11774340271949768,0.41310280561447144,0.5444949865341187,0.30373066663742065,0.05485210940241814,0.0525859110057354,0.05928420647978783,0.11739147454500198,0.1358075588941574,0.09963906556367874,0.031078610569238663,0.15356490015983582,0.2449725866317749,0.0859232172369957,0.017041370272636414,0.03946861997246742,0.0521334670484066,0.028587706387043
15,,767,,,,,,,,,,,,,,,,,,,,,,,,,,,,,,,,,,,,,,,,,,,,,,,,,,3.369973659515381,,,,,,,,,,,,,,,,,,,,,,,,,,,,,,,,,,,,,,,,,,,,,,,,,,
,0.001,799,,,,,,,,,,,,,,,,,,,,,,,,,,,,,,,,,,,,,,,,,,,,,,,,,,,,,,,,,,,,,,,,,,,,,,,,,,,,,,,,,,,,,,,,,,,,,,,,,,,,
16,,799,,,,,,,,,,,,,,,,,,,,,,,,,,,,,,,,,,,,,,,,,,,,,,,,,,,3.3133933544158936,,,,,,,,,,,,,,,,,,,,,,,,,,,,,,,,,,,,,,,,,,,,,,,,,
16,,815,,,,,,,,,,,,,,,,,,,,,,,,,,,,,,,,,,,,,,,,,,,,,,,,,,,,0.8540287613868713,0.6778725385665894,0.0330275222659111,0.15412844717502594,0.26055046916007996,0.09541284292936325,0.02031135931611061,0.016632506623864174,0.017368165776133537,0.0401405394077301,0.0549478642642498,0.030493976548314095,0.0,0.0,0.0,0.0,0.0,0.0,0.0,0.0,0.10778146237134933,0.3930463492870331,0.5203642249107361,0.28692054748535156,0.053811293095350266,0.05142504721879959,0.056535664945840836,0.11255872994661331,0.13033358752727509,0.09539772570133209,0.8715000748634338,0.115195631980896,0.4167424738407135,0.5461328625679016,0.3059144616127014,0.05713384971022606,0.054875802248716354,0.060420334339141846,0.11974123120307922,0.13781042397022247,0.10183496028184891,0.03290676325559616,0.15356490015983582,0.2595978081226349,0.09506398439407349,0.017304662615060806,0.0399937741458416,0.054746951907873154,0.030382482334971428
16,,815,,,,,,,,,,,,,,,,,,,,,,,,,,,,,,,,,,,,,,,,,,,,,,,,,,3.360511541366577,,,,,,,,,,,,,,,,,,,,,,,,,,,,,,,,,,,,,,,,,,,,,,,,,,
,0.001,849,,,,,,,,,,,,,,,,,,,,,,,,,,,,,,,,,,,,,,,,,,,,,,,,,,,,,,,,,,,,,,,,,,,,,,,,,,,,,,,,,,,,,,,,,,,,,,,,,,,,
17,,849,,,,,,,,,,,,,,,,,,,,,,,,,,,,,,,,,,,,,,,,,,,,,,,,,,,3.4922101497650146,,,,,,,,,,,,,,,,,,,,,,,,,,,,,,,,,,,,,,,,,,,,,,,,,
17,,863,,,,,,,,,,,,,,,,,,,,,,,,,,,,,,,,,,,,,,,,,,,,,,,,,,,,0.8553851842880249,0.6766324043273926,0.027522936463356018,0.15045872330665588,0.24220183491706848,0.08807339519262314,0.020233770832419395,0.0164636317640543,0.01607167348265648,0.03898323327302933,0.05173948034644127,0.02892676554620266,0.0,0.0,0.0,0.0,0.0,0.0,0.0,0.0,0.11208609491586685,0.39403975009918213,0.5188741683959961,0.2932119369506836,0.05368667468428612,0.051293015480041504,0.057475343346595764,0.11286982893943787,0.13032689690589905,0.09656022489070892,0.8731139302253723,0.12047315388917923,0.4181983470916748,0.5463148355484009,0.31355777382850647,0.05700456723570824,0.05474742874503136,0.061581794172525406,0.12019798159599304,0.13812127709388733,0.10326816886663437,0.027422305196523666,0.14990860223770142,0.2413162738084793,0.0877513736486435,0.01601291075348854,0.03884069621562958,0.051550306379795074,0.028821000829339027
17,,863,,,,,,,,,,,,,,,,,,,,,,,,,,,,,,,,,,,,,,,,,,,,,,,,,,3.3507909774780273,,,,,,,,,,,,,,,,,,,,,,,,,,,,,,,,,,,,,,,,,,,,,,,,,,
,0.001,899,,,,,,,,,,,,,,,,,,,,,,,,,,,,,,,,,,,,,,,,,,,,,,,,,,,,,,,,,,,,,,,,,,,,,,,,,,,,,,,,,,,,,,,,,,,,,,,,,,,,
18,,899,,,,,,,,,,,,,,,,,,,,,,,,,,,,,,,,,,,,,,,,,,,,,,,,,,,3.245637893676758,,,,,,,,,,,,,,,,,,,,,,,,,,,,,,,,,,,,,,,,,,,,,,,,,
18,,911,,,,,,,,,,,,,,,,,,,,,,,,,,,,,,,,,,,,,,,,,,,,,,,,,,,,0.8559340834617615,0.6748948693275452,0.031192660331726074,0.157798171043396,0.2513761520385742,0.09541284292936325,0.02536480501294136,0.02164030633866787,0.020712753757834435,0.04454134404659271,0.05744840204715729,0.034401677548885345,0.0,0.0,0.0,0.0,0.0,0.0,0.0,0.0,0.11870861053466797,0.4001655578613281,0.5288079380989075,0.29718542098999023,0.05632952228188515,0.05398528277873993,0.06111019849777222,0.11636999249458313,0.13431130349636078,0.09969933331012726,0.8738898038864136,0.12738853693008423,0.4242038130760193,0.5563239455223083,0.31719744205474854,0.05940063297748566,0.057193294167518616,0.06511685997247696,0.12349403649568558,0.14193464815616608,0.10617562383413315,0.031078610569238663,0.1572212129831314,0.2504570484161377,0.09506398439407349,0.020637022331357002,0.04437848925590515,0.05723835527896881,0.03427589312195778
18,,911,,,,,,,,,,,,,,,,,,,,,,,,,,,,,,,,,,,,,,,,,,,,,,,,,,3.3437905311584473,,,,,,,,,,,,,,,,,,,,,,,,,,,,,,,,,,,,,,,,,,,,,,,,,,
,0.001,949,,,,,,,,,,,,,,,,,,,,,,,,,,,,,,,,,,,,,,,,,,,,,,,,,,,,,,,,,,,,,,,,,,,,,,,,,,,,,,,,,,,,,,,,,,,,,,,,,,,,
19,,949,,,,,,,,,,,,,,,,,,,,,,,,,,,,,,,,,,,,,,,,,,,,,,,,,,,3.4371767044067383,,,,,,,,,,,,,,,,,,,,,,,,,,,,,,,,,,,,,,,,,,,,,,,,,
19,,959,,,,,,,,,,,,,,,,,,,,,,,,,,,,,,,,,,,,,,,,,,,,,,,,,,,,0.8554918766021729,0.6712144613265991,0.0330275222659111,0.1449541300535202,0.25321102142333984,0.08990825712680817,0.024268658831715584,0.020553290843963623,0.020447518676519394,0.041458625346422195,0.05657896399497986,0.03251256048679352,0.0,0.0,0.0,0.0,0.0,0.0,0.0,0.0,0.1145695373415947,0.39486756920814514,0.5230132341384888,0.28956952691078186,0.055611684918403625,0.05323861166834831,0.05954623967409134,0.1146208718419075,0.13254696130752563,0.09752223640680313,0.8737685680389404,0.12265695631504059,0.4196542203426361,0.5497725009918213,0.3093721568584442,0.058720316737890244,0.05648037791252136,0.06342408806085587,0.12187717109918594,0.14008155465126038,0.10396996140480042,0.03290676325559616,0.14442414045333862,0.2522852122783661,0.08957953006029129,0.02037275768816471,0.04130704328417778,0.05637209862470627,0.0323936864733696
19,,959,,,,,,,,,,,,,,,,,,,,,,,,,,,,,,,,,,,,,,,,,,,,,,,,,,3.333852529525757,,,,,,,,,,,,,,,,,,,,,,,,,,,,,,,,,,,,,,,,,,,,,,,,,,
,0.001,999,,,,,,,,,,,,,,,,,,,,,,,,,,,,,,,,,,,,,,,,,,,,,,,,,,,,,,,,,,,,,,,,,,,,,,,,,,,,,,,,,,,,,,,,,,,,,,,,,,,,
20,,999,,,,,,,,,,,,,,,,,,,,,,,,,,,,,,,,,,,,,,,,,,,,,,,,,,,3.354968786239624,,,,,,,,,,,,,,,,,,,,,,,,,,,,,,,,,,,,,,,,,,,,,,,,,
20,,1007,,,,,,,,,,,,,,,,,,,,,,,,,,,,,,,,,,,,,,,,,,,,,,,,,,,,0.8557888269424438,0.6758632063865662,0.03669724613428116,0.15412844717502594,0.26605504751205444,0.09541284292936325,0.02172781527042389,0.018076349049806595,0.019478410482406616,0.04110851511359215,0.05670023709535599,0.031616196036338806,0.0,0.0,0.0,0.0,0.0,0.0,0.0,0.0,0.11837748438119888,0.4048013389110565,0.5322847962379456,0.29735100269317627,0.05651349201798439,0.05418655276298523,0.06112506240606308,0.11735934019088745,0.13514840602874756,0.09995757043361664,0.8736340403556824,0.12647861242294312,0.4296633303165436,0.5586897134780884,0.3173794150352478,0.05996357277035713,0.05776800215244293,0.06525561958551407,0.12492197751998901,0.14292895793914795,0.10673574358224869,0.036563072353601456,0.15356490015983582,0.2650822699069977,0.09506398439407349,0.01940719038248062,0.040958207100629807,0.05649292469024658,0.03150060027837753
20,,1007,,,,,,,,,,,,,,,,,,,,,,,,,,,,,,,,,,,,,,,,,,,,,,,,,,3.3268682956695557,,,,,,,,,,,,,,,,,,,,,,,,,,,,,,,,,,,,,,,,,,,,,,,,,,
,0.001,1049,,,,,,,,,,,,,,,,,,,,,,,,,,,,,,,,,,,,,,,,,,,,,,,,,,,,,,,,,,,,,,,,,,,,,,,,,,,,,,,,,,,,,,,,,,,,,,,,,,,,
21,,1049,,,,,,,,,,,,,,,,,,,,,,,,,,,,,,,,,,,,,,,,,,,,,,,,,,,3.346579074859619,,,,,,,,,,,,,,,,,,,,,,,,,,,,,,,,,,,,,,,,,,,,,,,,,
21,,1055,,,,,,,,,,,,,,,,,,,,,,,,,,,,,,,,,,,,,,,,,,,,,,,,,,,,0.855673611164093,0.674110472202301,0.03669724613428116,0.15229357779026031,0.25871559977531433,0.0990825667977333,0.02118191495537758,0.01749393157660961,0.01907781884074211,0.04054182022809982,0.05528668686747551,0.031954411417245865,0.0,0.0,0.0,0.0,0.0,0.0,0.0,0.0,0.12185430526733398,0.4024834632873535,0.5251655578613281,0.30463576316833496,0.05634863302111626,0.05398627370595932,0.06182633712887764,0.11715631932020187,0.13433897495269775,0.10127907246351242,0.8736813068389893,0.13030026853084564,0.42729753255844116,0.5515923500061035,0.32502272725105286,0.059836506843566895,0.057605624198913574,0.06606617569923401,0.12475501000881195,0.1421794593334198,0.10815475881099701,0.036563072353601456,0.15173675119876862,0.2577696740627289,0.09872029721736908,0.01900806464254856,0.040393587201833725,0.05508454516530037,0.031837575137615204
21,,1055,,,,,,,,,,,,,,,,,,,,,,,,,,,,,,,,,,,,,,,,,,,,,,,,,,3.318631887435913,,,,,,,,,,,,,,,,,,,,,,,,,,,,,,,,,,,,,,,,,,,,,,,,,,
,0.001,1099,,,,,,,,,,,,,,,,,,,,,,,,,,,,,,,,,,,,,,,,,,,,,,,,,,,,,,,,,,,,,,,,,,,,,,,,,,,,,,,,,,,,,,,,,,,,,,,,,,,,
22,,1099,,,,,,,,,,,,,,,,,,,,,,,,,,,,,,,,,,,,,,,,,,,,,,,,,,,3.346378803253174,,,,,,,,,,,,,,,,,,,,,,,,,,,,,,,,,,,,,,,,,,,,,,,,,
22,,1103,,,,,,,,,,,,,,,,,,,,,,,,,,,,,,,,,,,,,,,,,,,,,,,,,,,,0.8560246825218201,0.6808663010597229,0.03669724613428116,0.16880734264850616,0.27339449524879456,0.0990825667977333,0.022961033508181572,0.0193460825830698,0.020242035388946533,0.04456878453493118,0.059098199009895325,0.03337462246417999,0.0,0.0,0.0,0.0,0.0,0.0,0.0,0.0,0.11953642219305038,0.4023178815841675,0.5293046236038208,0.2990066409111023,0.0563344843685627,0.05399272218346596,0.061286743730306625,0.11681520938873291,0.13453418016433716,0.1001066192984581,0.8733970522880554,0.12775249779224396,0.4254777133464813,0.5546860694885254,0.3188352882862091,0.05964449793100357,0.05742901191115379,0.06535760313272476,0.12398068606853485,0.1420159935951233,0.10672517120838165,0.036563072353601456,0.168190136551857,0.27239489555358887,0.09872029721736908,0.02016802504658699,0.04440583288669586,0.05888212099671364,0.033252596855163574
22,,1103,,,,,,,,,,,,,,,,,,,,,,,,,,,,,,,,,,,,,,,,,,,,,,,,,,3.3126027584075928,,,,,,,,,,,,,,,,,,,,,,,,,,,,,,,,,,,,,,,,,,,,,,,,,,
,0.001,1149,,,,,,,,,,,,,,,,,,,,,,,,,,,,,,,,,,,,,,,,,,,,,,,,,,,,,,,,,,,,,,,,,,,,,,,,,,,,,,,,,,,,,,,,,,,,,,,,,,,,
23,,1149,,,,,,,,,,,,,,,,,,,,,,,,,,,,,,,,,,,,,,,,,,,,,,,,,,,3.365520477294922,,,,,,,,,,,,,,,,,,,,,,,,,,,,,,,,,,,,,,,,,,,,,,,,,
23,,1151,,,,,,,,,,,,,,,,,,,,,,,,,,,,,,,,,,,,,,,,,,,,,,,,,,,,0.8564730286598206,0.6812989115715027,0.038532111793756485,0.157798171043396,0.2770642340183258,0.11009174585342407,0.022297294810414314,0.018700597807765007,0.02020174451172352,0.04242454841732979,0.0590519979596138,0.03470277786254883,0.0,0.0,0.0,0.0,0.0,0.0,0.0,0.0,0.122682124376297,0.40413907170295715,0.5299668908119202,0.2998344302177429,0.05853486806154251,0.056196391582489014,0.06352758407592773,0.1191132441163063,0.13672560453414917,0.10217089205980301,0.8738469481468201,0.1310282051563263,0.4285714328289032,0.5550500154495239,0.31865331530570984,0.062128946185112,0.05991526320576668,0.06782468408346176,0.12671929597854614,0.14442934095859528,0.10886245965957642,0.038391225039958954,0.1572212129831314,0.27605119347572327,0.10968922078609467,0.020127881318330765,0.04226943105459213,0.058836087584495544,0.034575894474983215
23,,1151,,,,,,,,,,,,,,,,,,,,,,,,,,,,,,,,,,,,,,,,,,,,,,,,,,3.3070387840270996,,,,,,,,,,,,,,,,,,,,,,,,,,,,,,,,,,,,,,,,,,,,,,,,,,
,0.001,1199,,,,,,,,,,,,,,,,,,,,,,,,,,,,,,,,,,,,,,,,,,,,,,,,,,,,,,,,,,,,,,,,,,,,,,,,,,,,,,,,,,,,,,,,,,,,,,,,,,,,
24,,1199,,,,,,,,,,,,,,,,,,,,,,,,,,,,,,,,,,,,,,,,,,,,,,,,,,,3.2837231159210205,,,,,,,,,,,,,,,,,,,,,,,,,,,,,,,,,,,,,,,,,,,,,,,,,
24,,1199,,,,,,,,,,,,,,,,,,,,,,,,,,,,,,,,,,,,,,,,,,,,,,,,,,,,0.8571878671646118,0.6731752157211304,0.038532111793756485,0.15596330165863037,0.2697247862815857,0.0990825667977333,0.02468723990023136,0.02105402760207653,0.02217867597937584,0.04387437179684639,0.059684038162231445,0.03469361364841461,0.0,0.0,0.0,0.0,0.0,0.0,0.0,0.0,0.1238410621881485,0.40877485275268555,0.5332781672477722,0.30413907766342163,0.05918045714497566,0.05685845762491226,0.06440082937479019,0.1205611303448677,0.13796646893024445,0.10363630205392838,0.8754383325576782,0.13230209052562714,0.43384894728660583,0.5594176650047302,0.32447677850723267,0.06260152906179428,0.060409579426050186,0.06858846545219421,0.12816698849201202,0.14573059976100922,0.1104741171002388,0.038391225039958954,0.1553930640220642,0.2687385678291321,0.09872029721736908,0.02209758386015892,0.04371395334601402,0.05946582555770874,0.03456676006317139
24,,1199,,,,,,,,,,,,,,,,,,,,,,,,,,,,,,,,,,,,,,,,,,,,,,,,,,3.3033127784729004,,,,,,,,,,,,,,,,,,,,,,,,,,,,,,,,,,,,,,,,,,,,,,,,,,
25,,1247,,,,,,,,,,,,,,,,,,,,,,,,,,,,,,,,,,,,,,,,,,,,,,,,,,,,0.8568110466003418,0.6729301810264587,0.038532111793756485,0.16880734264850616,0.2623853087425232,0.10642202198505402,0.02251293696463108,0.018843211233615875,0.020296776667237282,0.04435219615697861,0.057375743985176086,0.034406255930662155,0.0,0.0,0.0,0.0,0.0,0.0,0.0,0.0,0.1238410621881485,0.40844371914863586,0.5324503183364868,0.30231788754463196,0.058673515915870667,0.05634739622473717,0.06397069245576859,0.12001800537109375,0.13735219836235046,0.10284094512462616,0.8750483989715576,0.13230209052562714,0.43221110105514526,0.5592356324195862,0.3217470347881317,0.06225995719432831,0.06006710231304169,0.06830231845378876,0.12752260267734528,0.14528435468673706,0.1096283569931984,0.038391225039958954,0.168190136551857,0.2614259719848633,0.10603290796279907,0.020222563296556473,0.04419003427028656,0.0571659617125988,0.034280456602573395
25,,1247,,,,,,,,,,,,,,,,,,,,,,,,,,,,,,,,,,,,,,,,,,,,,,,,,,3.2964119911193848,,,,,,,,,,,,,,,,,,,,,,,,,,,,,,,,,,,,,,,,,,,,,,,,,,
,0.001,1249,,,,,,,,,,,,,,,,,,,,,,,,,,,,,,,,,,,,,,,,,,,,,,,,,,,,,,,,,,,,,,,,,,,,,,,,,,,,,,,,,,,,,,,,,,,,,,,,,,,,
26,,1249,,,,,,,,,,,,,,,,,,,,,,,,,,,,,,,,,,,,,,,,,,,,,,,,,,,3.2580952644348145,,,,,,,,,,,,,,,,,,,,,,,,,,,,,,,,,,,,,,,,,,,,,,,,,
26,,1295,,,,,,,,,,,,,,,,,,,,,,,,,,,,,,,,,,,,,,,,,,,,,,,,,,,,0.8565434813499451,0.6756898760795593,0.04220183566212654,0.157798171043396,0.2568807303905487,0.10458716005086899,0.021863605827093124,0.018166495487093925,0.02118956856429577,0.04214940965175629,0.05603645369410515,0.03361251950263977,0.0,0.0,0.0,0.0,0.0,0.0,0.0,0.0,0.12450331449508667,0.4109271466732025,0.5332781672477722,0.30811259150505066,0.06063156574964523,0.058309562504291534,0.06549366563558578,0.12229502946138382,0.1393996775150299,0.10562971979379654,0.874480664730072,0.13266605138778687,0.4360327422618866,0.5606915354728699,0.3282984495162964,0.0644766092300415,0.062290992587804794,0.06988778710365295,0.1302439570426941,0.14766773581504822,0.11277244985103607,0.04204753413796425,0.1572212129831314,0.2559415102005005,0.10420475900173187,0.021112093701958656,0.041995298117399216,0.05583156645298004,0.033489618450403214
26,,1295,,,,,,,,,,,,,,,,,,,,,,,,,,,,,,,,,,,,,,,,,,,,,,,,,,3.2941575050354004,,,,,,,,,,,,,,,,,,,,,,,,,,,,,,,,,,,,,,,,,,,,,,,,,,
,0.001,1299,,,,,,,,,,,,,,,,,,,,,,,,,,,,,,,,,,,,,,,,,,,,,,,,,,,,,,,,,,,,,,,,,,,,,,,,,,,,,,,,,,,,,,,,,,,,,,,,,,,,
27,,1299,,,,,,,,,,,,,,,,,,,,,,,,,,,,,,,,,,,,,,,,,,,,,,,,,,,3.2377192974090576,,,,,,,,,,,,,,,,,,,,,,,,,,,,,,,,,,,,,,,,,,,,,,,,,
27,,1343,,,,,,,,,,,,,,,,,,,,,,,,,,,,,,,,,,,,,,,,,,,,,,,,,,,,0.8560897707939148,0.6757347583770752,0.04220183566212654,0.15963302552700043,0.25871559977531433,0.10642202198505402,0.023347260430455208,0.01965927705168724,0.02195833809673786,0.043817952275276184,0.05765499919652939,0.03532699868083,0.0,0.0,0.0,0.0,0.0,0.0,0.0,0.0,0.125827819108963,0.4120860993862152,0.5349338054656982,0.30993378162384033,0.0589708648622036,0.0566571019589901,0.06449142098426819,0.12108175456523895,0.13829243183135986,0.10454118251800537,0.873977541923523,0.13412192463874817,0.437124639749527,0.5623293519020081,0.3301182687282562,0.06250405311584473,0.06032658740878105,0.06870989501476288,0.12874485552310944,0.146290123462677,0.11140590906143188,0.04204753413796425,0.1590493619441986,0.2577696740627289,0.10603290796279907,0.02187805064022541,0.043657734990119934,0.057444196194410324,0.03519783541560173
27,,1343,,,,,,,,,,,,,,,,,,,,,,,,,,,,,,,,,,,,,,,,,,,,,,,,,,3.288835287094116,,,,,,,,,,,,,,,,,,,,,,,,,,,,,,,,,,,,,,,,,,,,,,,,,,
,0.001,1349,,,,,,,,,,,,,,,,,,,,,,,,,,,,,,,,,,,,,,,,,,,,,,,,,,,,,,,,,,,,,,,,,,,,,,,,,,,,,,,,,,,,,,,,,,,,,,,,,,,,
28,,1349,,,,,,,,,,,,,,,,,,,,,,,,,,,,,,,,,,,,,,,,,,,,,,,,,,,3.2421443462371826,,,,,,,,,,,,,,,,,,,,,,,,,,,,,,,,,,,,,,,,,,,,,,,,,
28,,1391,,,,,,,,,,,,,,,,,,,,,,,,,,,,,,,,,,,,,,,,,,,,,,,,,,,,0.855823814868927,0.6796475052833557,0.0330275222659111,0.16697247326374054,0.2770642340183258,0.10275229811668396,0.02244950830936432,0.01885281503200531,0.01890198327600956,0.04376141354441643,0.05908172205090523,0.033449526876211166,0.0,0.0,0.0,0.0,0.0,0.0,0.0,0.0,0.12665563821792603,0.41109272837638855,0.5359271764755249,0.30927151441574097,0.05926495045423508,0.056956131011247635,0.06500869989395142,0.12124775350093842,0.13872741162776947,0.10477530211210251,0.8732970952987671,0.1359417587518692,0.43530482053756714,0.561601459980011,0.3297543227672577,0.0629163384437561,0.06073525547981262,0.06958160549402237,0.128932923078537,0.14662674069404602,0.11184947192668915,0.03290676325559616,0.1663619726896286,0.27605119347572327,0.10237660259008408,0.018832871690392494,0.04360140860080719,0.05886570364236832,0.03332722559571266
28,,1391,,,,,,,,,,,,,,,,,,,,,,,,,,,,,,,,,,,,,,,,,,,,,,,,,,3.2860069274902344,,,,,,,,,,,,,,,,,,,,,,,,,,,,,,,,,,,,,,,,,,,,,,,,,,
,0.001,1399,,,,,,,,,,,,,,,,,,,,,,,,,,,,,,,,,,,,,,,,,,,,,,,,,,,,,,,,,,,,,,,,,,,,,,,,,,,,,,,,,,,,,,,,,,,,,,,,,,,,
29,,1399,,,,,,,,,,,,,,,,,,,,,,,,,,,,,,,,,,,,,,,,,,,,,,,,,,,3.3550939559936523,,,,,,,,,,,,,,,,,,,,,,,,,,,,,,,,,,,,,,,,,,,,,,,,,
29,,1439,,,,,,,,,,,,,,,,,,,,,,,,,,,,,,,,,,,,,,,,,,,,,,,,,,,,0.8570199608802795,0.6798758506774902,0.04036697372794151,0.17247706651687622,0.26788991689682007,0.10642202198505402,0.0222853384912014,0.018642999231815338,0.020546583458781242,0.04495883733034134,0.05813848599791527,0.03444017842411995,0.0,0.0,0.0,0.0,0.0,0.0,0.0,0.0,0.1296357661485672,0.4173841178417206,0.5397350788116455,0.31043046712875366,0.062157854437828064,0.0598679818212986,0.06786351650953293,0.12467221170663834,0.14180070161819458,0.10735661536455154,0.8745892643928528,0.1384895294904709,0.44167423248291016,0.5666970014572144,0.3306642472743988,0.0661124512553215,0.06395671516656876,0.07255645841360092,0.1325782686471939,0.15009841322898865,0.11458854377269745,0.04021938145160675,0.1718464344739914,0.2669104337692261,0.10603290796279907,0.02047145925462246,0.04479445517063141,0.057925913482904434,0.03431425988674164
29,,1439,,,,,,,,,,,,,,,,,,,,,,,,,,,,,,,,,,,,,,,,,,,,,,,,,,3.281543016433716,,,,,,,,,,,,,,,,,,,,,,,,,,,,,,,,,,,,,,,,,,,,,,,,,,
,0.001,1449,,,,,,,,,,,,,,,,,,,,,,,,,,,,,,,,,,,,,,,,,,,,,,,,,,,,,,,,,,,,,,,,,,,,,,,,,,,,,,,,,,,,,,,,,,,,,,,,,,,,
30,,1449,,,,,,,,,,,,,,,,,,,,,,,,,,,,,,,,,,,,,,,,,,,,,,,,,,,3.383166790008545,,,,,,,,,,,,,,,,,,,,,,,,,,,,,,,,,,,,,,,,,,,,,,,,,
30,,1487,,,,,,,,,,,,,,,,,,,,,,,,,,,,,,,,,,,,,,,,,,,,,,,,,,,,0.8577256798744202,0.6747691631317139,0.04036697372794151,0.17247706651687622,0.2697247862815857,0.10091742873191833,0.02292371541261673,0.019290506839752197,0.021068569272756577,0.04511057958006859,0.05866852030158043,0.033700503408908844,0.0,0.0,0.0,0.0,0.0,0.0,0.0,0.0,0.12814569473266602,0.4211920499801636,0.5428808331489563,0.3105960190296173,0.06186704337596893,0.059592828154563904,0.06720653176307678,0.12506131827831268,0.14209838211536407,0.10712350904941559,0.8758715987205505,0.13685168325901031,0.4458598494529724,0.5699726939201355,0.33139216899871826,0.06572948396205902,0.06359004229307175,0.07178254425525665,0.13299091160297394,0.15037305653095245,0.11440566927194595,0.04021938145160675,0.1718464344739914,0.2687385678291321,0.10054844617843628,0.02099153771996498,0.044945646077394485,0.058454010635614395,0.03357728198170662
30,,1487,,,,,,,,,,,,,,,,,,,,,,,,,,,,,,,,,,,,,,,,,,,,,,,,,,3.2760720252990723,,,,,,,,,,,,,,,,,,,,,,,,,,,,,,,,,,,,,,,,,,,,,,,,,,
,0.001,1499,,,,,,,,,,,,,,,,,,,,,,,,,,,,,,,,,,,,,,,,,,,,,,,,,,,,,,,,,,,,,,,,,,,,,,,,,,,,,,,,,,,,,,,,,,,,,,,,,,,,
31,,1499,,,,,,,,,,,,,,,,,,,,,,,,,,,,,,,,,,,,,,,,,,,,,,,,,,,3.226240873336792,,,,,,,,,,,,,,,,,,,,,,,,,,,,,,,,,,,,,,,,,,,,,,,,,
31,,1535,,,,,,,,,,,,,,,,,,,,,,,,,,,,,,,,,,,,,,,,,,,,,,,,,,,,0.8578729629516602,0.677603542804718,0.03669724613428116,0.17431192100048065,0.2568807303905487,0.10642202198505402,0.02561989612877369,0.02192278578877449,0.02213233709335327,0.047755565494298935,0.05921691656112671,0.03688173368573189,0.0,0.0,0.0,0.0,0.0,0.0,0.0,0.0,0.1307947039604187,0.4205298125743866,0.5380795001983643,0.31324502825737,0.06121184676885605,0.05891373008489609,0.06756409257650375,0.12453936785459518,0.14100606739521027,0.10716627538204193,0.8757522702217102,0.14012739062309265,0.4449499547481537,0.5659690499305725,0.3337579667568207,0.06474187970161438,0.06258253008127213,0.07207005470991135,0.13215486705303192,0.14911800622940063,0.11413716524839401,0.036563072353601456,0.1736745983362198,0.2559415102005005,0.10603290796279907,0.022051416337490082,0.04758095368742943,0.0590004101395607,0.03674688562750816
31,,1535,,,,,,,,,,,,,,,,,,,,,,,,,,,,,,,,,,,,,,,,,,,,,,,,,,3.2742514610290527,,,,,,,,,,,,,,,,,,,,,,,,,,,,,,,,,,,,,,,,,,,,,,,,,,
,0.001,1549,,,,,,,,,,,,,,,,,,,,,,,,,,,,,,,,,,,,,,,,,,,,,,,,,,,,,,,,,,,,,,,,,,,,,,,,,,,,,,,,,,,,,,,,,,,,,,,,,,,,
32,,1549,,,,,,,,,,,,,,,,,,,,,,,,,,,,,,,,,,,,,,,,,,,,,,,,,,,3.371134042739868,,,,,,,,,,,,,,,,,,,,,,,,,,,,,,,,,,,,,,,,,,,,,,,,,
32,,1583,,,,,,,,,,,,,,,,,,,,,,,,,,,,,,,,,,,,,,,,,,,,,,,,,,,,0.8577541708946228,0.6764534115791321,0.04036697372794151,0.16880734264850616,0.26055046916007996,0.0990825667977333,0.021280305460095406,0.01760145090520382,0.01994829997420311,0.043432582169771194,0.05620229244232178,0.032114770263433456,0.0,0.0,0.0,0.0,0.0,0.0,0.0,0.0,0.13062913715839386,0.42417219281196594,0.5420529842376709,0.31274834275245667,0.06232641637325287,0.06004806607961655,0.06817978620529175,0.12598805129528046,0.14244000613689423,0.10793556272983551,0.8757357597351074,0.13958144187927246,0.44949954748153687,0.5699726939201355,0.33393993973731995,0.06639740616083145,0.06425796449184418,0.07296343147754669,0.13417597115039825,0.15099313855171204,0.11545554548501968,0.04021938145160675,0.168190136551857,0.2595978081226349,0.09872029721736908,0.019875362515449524,0.04327378049492836,0.05599680170416832,0.031997352838516235
32,,1583,,,,,,,,,,,,,,,,,,,,,,,,,,,,,,,,,,,,,,,,,,,,,,,,,,3.2693209648132324,,,,,,,,,,,,,,,,,,,,,,,,,,,,,,,,,,,,,,,,,,,,,,,,,,
,0.001,1599,,,,,,,,,,,,,,,,,,,,,,,,,,,,,,,,,,,,,,,,,,,,,,,,,,,,,,,,,,,,,,,,,,,,,,,,,,,,,,,,,,,,,,,,,,,,,,,,,,,,
33,,1599,,,,,,,,,,,,,,,,,,,,,,,,,,,,,,,,,,,,,,,,,,,,,,,,,,,3.4834368228912354,,,,,,,,,,,,,,,,,,,,,,,,,,,,,,,,,,,,,,,,,,,,,,,,,
33,,1631,,,,,,,,,,,,,,,,,,,,,,,,,,,,,,,,,,,,,,,,,,,,,,,,,,,,0.857988178730011,0.6752800941467285,0.04220183566212654,0.17614679038524628,0.2642201781272888,0.11376146972179413,0.022598382085561752,0.018937785178422928,0.021428238600492477,0.04569929093122482,0.05789517983794212,0.03572740778326988,0.0,0.0,0.0,0.0,0.0,0.0,0.0,0.0,0.13211920857429504,0.4248344302177429,0.5435430407524109,0.316390722990036,0.06248648464679718,0.060215551406145096,0.06876830011606216,0.12638725340366364,0.1429797261953354,0.10877089202404022,0.8761093020439148,0.14103730022907257,0.44949954748153687,0.5712465643882751,0.33648771047592163,0.06644262373447418,0.06430952996015549,0.07346353679895401,0.1343899518251419,0.15141847729682922,0.11601541936397552,0.04204753413796425,0.175502747297287,0.2632541060447693,0.11334552615880966,0.021349890157580376,0.04553220048546791,0.05768350511789322,0.035596780478954315
33,,1631,,,,,,,,,,,,,,,,,,,,,,,,,,,,,,,,,,,,,,,,,,,,,,,,,,3.269251823425293,,,,,,,,,,,,,,,,,,,,,,,,,,,,,,,,,,,,,,,,,,,,,,,,,,
,0.001,1649,,,,,,,,,,,,,,,,,,,,,,,,,,,,,,,,,,,,,,,,,,,,,,,,,,,,,,,,,,,,,,,,,,,,,,,,,,,,,,,,,,,,,,,,,,,,,,,,,,,,
34,,1649,,,,,,,,,,,,,,,,,,,,,,,,,,,,,,,,,,,,,,,,,,,,,,,,,,,3.3332300186157227,,,,,,,,,,,,,,,,,,,,,,,,,,,,,,,,,,,,,,,,,,,,,,,,,
34,,1679,,,,,,,,,,,,,,,,,,,,,,,,,,,,,,,,,,,,,,,,,,,,,,,,,,,,0.8574497699737549,0.6696379780769348,0.03486238420009613,0.16880734264850616,0.2495412826538086,0.11009174585342407,0.022463293746113777,0.018729669973254204,0.01918756030499935,0.04444024711847305,0.055701661854982376,0.03501005470752716,0.0,0.0,0.0,0.0,0.0,0.0,0.0,0.0,0.12632450461387634,0.41953644156455994,0.5394039750099182,0.31539735198020935,0.06168411672115326,0.059392593801021576,0.0665542483329773,0.12470011413097382,0.14150971174240112,0.10784754902124405,0.8760770559310913,0.135395810008049,0.4444040060043335,0.5681528449058533,0.3357597887516022,0.06557407230138779,0.06342558562755585,0.07125212997198105,0.132660374045372,0.15002024173736572,0.11507163941860199,0.03473491966724396,0.168190136551857,0.2486288845539093,0.10968922078609467,0.019117403775453568,0.04427776113152504,0.05549800395965576,0.03488205000758171
34,,1679,,,,,,,,,,,,,,,,,,,,,,,,,,,,,,,,,,,,,,,,,,,,,,,,,,3.2652111053466797,,,,,,,,,,,,,,,,,,,,,,,,,,,,,,,,,,,,,,,,,,,,,,,,,,
,0.001,1699,,,,,,,,,,,,,,,,,,,,,,,,,,,,,,,,,,,,,,,,,,,,,,,,,,,,,,,,,,,,,,,,,,,,,,,,,,,,,,,,,,,,,,,,,,,,,,,,,,,,
35,,1699,,,,,,,,,,,,,,,,,,,,,,,,,,,,,,,,,,,,,,,,,,,,,,,,,,,3.2202565670013428,,,,,,,,,,,,,,,,,,,,,,,,,,,,,,,,,,,,,,,,,,,,,,,,,
35,,1727,,,,,,,,,,,,,,,,,,,,,,,,,,,,,,,,,,,,,,,,,,,,,,,,,,,,0.8576034307479858,0.6820498704910278,0.03669724613428116,0.16146789491176605,0.26605504751205444,0.11009174585342407,0.022206759080290794,0.0185552928596735,0.019195178523659706,0.04326821491122246,0.05785096064209938,0.03493722155690193,0.0,0.0,0.0,0.0,0.0,0.0,0.0,0.0,0.12930463254451752,0.42384105920791626,0.5395695567131042,0.3135761618614197,0.06147674098610878,0.059186045080423355,0.06719508767127991,0.12515293061733246,0.1413400024175644,0.10732390731573105,0.8750150799751282,0.1384895294904709,0.4498634934425354,0.5666970014572144,0.3337579667568207,0.065371572971344,0.06321584433317184,0.07195577025413513,0.13327434659004211,0.14962051808834076,0.11450329422950745,0.036563072353601456,0.160877525806427,0.2650822699069977,0.10968922078609467,0.019124995917081833,0.043110013008117676,0.05763944238424301,0.03480948135256767
35,,1727,,,,,,,,,,,,,,,,,,,,,,,,,,,,,,,,,,,,,,,,,,,,,,,,,,3.2634549140930176,,,,,,,,,,,,,,,,,,,,,,,,,,,,,,,,,,,,,,,,,,,,,,,,,,
,0.001,1749,,,,,,,,,,,,,,,,,,,,,,,,,,,,,,,,,,,,,,,,,,,,,,,,,,,,,,,,,,,,,,,,,,,,,,,,,,,,,,,,,,,,,,,,,,,,,,,,,,,,
36,,1749,,,,,,,,,,,,,,,,,,,,,,,,,,,,,,,,,,,,,,,,,,,,,,,,,,,3.2506179809570312,,,,,,,,,,,,,,,,,,,,,,,,,,,,,,,,,,,,,,,,,,,,,,,,,
36,,1775,,,,,,,,,,,,,,,,,,,,,,,,,,,,,,,,,,,,,,,,,,,,,,,,,,,,0.8588138222694397,0.6819638013839722,0.04036697372794151,0.1834862381219864,0.25321102142333984,0.11376146972179413,0.02310113050043583,0.01938576065003872,0.02098848856985569,0.047590043395757675,0.05737799033522606,0.03636457026004791,0.0,0.0,0.0,0.0,0.0,0.0,0.0,0.0,0.13029801845550537,0.42764902114868164,0.5395695567131042,0.3190397322177887,0.0627860501408577,0.06049535423517227,0.06853250414133072,0.1268918365240097,0.1425623744726181,0.10930278897285461,0.876353919506073,0.13921746611595154,0.4518653154373169,0.567970871925354,0.33939945697784424,0.06672204285860062,0.06457264721393585,0.07324797660112381,0.13475707173347473,0.15101104974746704,0.11653686314821243,0.04021938145160675,0.18281535804271698,0.2522852122783661,0.11334552615880966,0.020911749452352524,0.04741603881120682,0.05716819688677788,0.03623161464929581
36,,1775,,,,,,,,,,,,,,,,,,,,,,,,,,,,,,,,,,,,,,,,,,,,,,,,,,3.2601330280303955,,,,,,,,,,,,,,,,,,,,,,,,,,,,,,,,,,,,,,,,,,,,,,,,,,
,0.001,1799,,,,,,,,,,,,,,,,,,,,,,,,,,,,,,,,,,,,,,,,,,,,,,,,,,,,,,,,,,,,,,,,,,,,,,,,,,,,,,,,,,,,,,,,,,,,,,,,,,,,
37,,1799,,,,,,,,,,,,,,,,,,,,,,,,,,,,,,,,,,,,,,,,,,,,,,,,,,,3.1824710369110107,,,,,,,,,,,,,,,,,,,,,,,,,,,,,,,,,,,,,,,,,,,,,,,,,
37,,1823,,,,,,,,,,,,,,,,,,,,,,,,,,,,,,,,,,,,,,,,,,,,,,,,,,,,0.8580470085144043,0.6755467653274536,0.038532111793756485,0.17247706651687622,0.2550458610057831,0.11559633165597916,0.020657123997807503,0.016950884833931923,0.018628910183906555,0.043996989727020264,0.055538907647132874,0.03494143858551979,0.0,0.0,0.0,0.0,0.0,0.0,0.0,0.0,0.13245032727718353,0.42500001192092896,0.5384106040000916,0.3158940374851227,0.0622374452650547,0.05994098260998726,0.06862541288137436,0.12614558637142181,0.14202705025672913,0.10846823453903198,0.8761475086212158,0.14176523685455322,0.45004549622535706,0.5665150284767151,0.3357597887516022,0.0663614273071289,0.06420478224754333,0.07358411699533463,0.13429316878318787,0.15060503780841827,0.1157606989145279,0.038391225039958954,0.1718464344739914,0.2541133463382721,0.11517367511987686,0.018560796976089478,0.04383612424135208,0.05533584579825401,0.03481367975473404
37,,1823,,,,,,,,,,,,,,,,,,,,,,,,,,,,,,,,,,,,,,,,,,,,,,,,,,3.2593207359313965,,,,,,,,,,,,,,,,,,,,,,,,,,,,,,,,,,,,,,,,,,,,,,,,,,
,0.001,1849,,,,,,,,,,,,,,,,,,,,,,,,,,,,,,,,,,,,,,,,,,,,,,,,,,,,,,,,,,,,,,,,,,,,,,,,,,,,,,,,,,,,,,,,,,,,,,,,,,,,
38,,1849,,,,,,,,,,,,,,,,,,,,,,,,,,,,,,,,,,,,,,,,,,,,,,,,,,,3.281033754348755,,,,,,,,,,,,,,,,,,,,,,,,,,,,,,,,,,,,,,,,,,,,,,,,,
38,,1871,,,,,,,,,,,,,,,,,,,,,,,,,,,,,,,,,,,,,,,,,,,,,,,,,,,,0.8584526181221008,0.6683794260025024,0.04220183566212654,0.17431192100048065,0.25321102142333984,0.10642202198505402,0.02129368484020233,0.01757831685245037,0.020004037767648697,0.044881775975227356,0.055900197476148605,0.033994294703006744,0.0,0.0,0.0,0.0,0.0,0.0,0.0,0.0,0.13245032727718353,0.4245033264160156,0.5420529842376709,0.31622517108917236,0.06391654908657074,0.06163821369409561,0.06983603537082672,0.12753011286258698,0.14397533237934113,0.11001546680927277,0.8773042559623718,0.1414012759923935,0.4493175446987152,0.5707006454467773,0.3370336592197418,0.06814393401145935,0.06600811332464218,0.07477842271327972,0.13572725653648376,0.1527107059955597,0.11755532771348953,0.04204753413796425,0.1736745983362198,0.2522852122783661,0.10603290796279907,0.019930897280573845,0.04471767321228981,0.05569580942392349,0.03387000039219856
38,,1871,,,,,,,,,,,,,,,,,,,,,,,,,,,,,,,,,,,,,,,,,,,,,,,,,,3.256730794906616,,,,,,,,,,,,,,,,,,,,,,,,,,,,,,,,,,,,,,,,,,,,,,,,,,
,0.001,1899,,,,,,,,,,,,,,,,,,,,,,,,,,,,,,,,,,,,,,,,,,,,,,,,,,,,,,,,,,,,,,,,,,,,,,,,,,,,,,,,,,,,,,,,,,,,,,,,,,,,
39,,1899,,,,,,,,,,,,,,,,,,,,,,,,,,,,,,,,,,,,,,,,,,,,,,,,,,,3.217552900314331,,,,,,,,,,,,,,,,,,,,,,,,,,,,,,,,,,,,,,,,,,,,,,,,,
39,,1919,,,,,,,,,,,,,,,,,,,,,,,,,,,,,,,,,,,,,,,,,,,,,,,,,,,,0.8574933409690857,0.6818299889564514,0.0458715595304966,0.18715596199035645,0.2770642340183258,0.11009174585342407,0.02401323802769184,0.020416542887687683,0.022991575300693512,0.049062374979257584,0.061502013355493546,0.03659204766154289,0.0,0.0,0.0,0.0,0.0,0.0,0.0,0.0,0.13493376970291138,0.429801344871521,0.5415562987327576,0.3178808093070984,0.06341660767793655,0.06113579496741295,0.07010362297296524,0.12804198265075684,0.1436539888381958,0.10990516096353531,0.8749157190322876,0.14376705884933472,0.4538671374320984,0.5677888989448547,0.3384895324707031,0.0673246756196022,0.06517437100410461,0.07477623969316483,0.13587525486946106,0.15180189907550812,0.11717642098665237,0.045703839510679245,0.18647167086601257,0.27605119347572327,0.10968922078609467,0.02290751226246357,0.04888299107551575,0.06127714365720749,0.03645825386047363
39,,1919,,,,,,,,,,,,,,,,,,,,,,,,,,,,,,,,,,,,,,,,,,,,,,,,,,3.255556344985962,,,,,,,,,,,,,,,,,,,,,,,,,,,,,,,,,,,,,,,,,,,,,,,,,,
,0.001,1949,,,,,,,,,,,,,,,,,,,,,,,,,,,,,,,,,,,,,,,,,,,,,,,,,,,,,,,,,,,,,,,,,,,,,,,,,,,,,,,,,,,,,,,,,,,,,,,,,,,,
40,,1949,,,,,,,,,,,,,,,,,,,,,,,,,,,,,,,,,,,,,,,,,,,,,,,,,,,3.314544200897217,,,,,,,,,,,,,,,,,,,,,,,,,,,,,,,,,,,,,,,,,,,,,,,,,
40,,1967,,,,,,,,,,,,,,,,,,,,,,,,,,,,,,,,,,,,,,,,,,,,,,,,,,,,0.8583030700683594,0.6773611903190613,0.038532111793756485,0.17981651425361633,0.26605504751205444,0.11376146972179413,0.022097457200288773,0.01844598911702633,0.019399376586079597,0.046259138733148575,0.058316685259342194,0.03574397787451744,0.0,0.0,0.0,0.0,0.0,0.0,0.0,0.0,0.1346026510000229,0.42731788754463196,0.5461920499801636,0.3205298185348511,0.06385200470685959,0.06159425526857376,0.07041676342487335,0.12803730368614197,0.1446772664785385,0.11076104640960693,0.8762490153312683,0.14413101971149445,0.4518653154373169,0.5739763379096985,0.3410373032093048,0.06799326092004776,0.06587374210357666,0.07547672837972641,0.13614815473556519,0.15324260294437408,0.11820131540298462,0.038391225039958954,0.17915906012058258,0.2650822699069977,0.11334552615880966,0.019328447058796883,0.046090006828308105,0.05810346081852913,0.0356132835149765
40,,1967,,,,,,,,,,,,,,,,,,,,,,,,,,,,,,,,,,,,,,,,,,,,,,,,,,3.253878116607666,,,,,,,,,,,,,,,,,,,,,,,,,,,,,,,,,,,,,,,,,,,,,,,,,,
,0.001,1999,,,,,,,,,,,,,,,,,,,,,,,,,,,,,,,,,,,,,,,,,,,,,,,,,,,,,,,,,,,,,,,,,,,,,,,,,,,,,,,,,,,,,,,,,,,,,,,,,,,,
41,,1999,,,,,,,,,,,,,,,,,,,,,,,,,,,,,,,,,,,,,,,,,,,,,,,,,,,3.254030227661133,,,,,,,,,,,,,,,,,,,,,,,,,,,,,,,,,,,,,,,,,,,,,,,,,
41,,2015,,,,,,,,,,,,,,,,,,,,,,,,,,,,,,,,,,,,,,,,,,,,,,,,,,,,0.8587905168533325,0.6754422187805176,0.04220183566212654,0.17247706651687622,0.26055046916007996,0.1119266077876091,0.025652488693594933,0.021973636001348495,0.023293426260352135,0.04790210723876953,0.06018704175949097,0.0382184237241745,0.0,0.0,0.0,0.0,0.0,0.0,0.0,0.0,0.13493376970291138,0.43344372510910034,0.5511589646339417,0.3274834454059601,0.06355071812868118,0.06131767854094505,0.0699966624379158,0.12900184094905853,0.14545795321464539,0.11187993735074997,0.8769752979278564,0.14413101971149445,0.4593266546726227,0.579981803894043,0.34886258840560913,0.06730949878692627,0.06521985679864883,0.07462874054908752,0.13704539835453033,0.1539151966571808,0.11918576061725616,0.04204753413796425,0.1718464344739914,0.2595978081226349,0.11151736974716187,0.023208260536193848,0.04772696644067764,0.059966981410980225,0.038078684359788895
41,,2015,,,,,,,,,,,,,,,,,,,,,,,,,,,,,,,,,,,,,,,,,,,,,,,,,,3.2496633529663086,,,,,,,,,,,,,,,,,,,,,,,,,,,,,,,,,,,,,,,,,,,,,,,,,,
,0.001,2049,,,,,,,,,,,,,,,,,,,,,,,,,,,,,,,,,,,,,,,,,,,,,,,,,,,,,,,,,,,,,,,,,,,,,,,,,,,,,,,,,,,,,,,,,,,,,,,,,,,,
42,,2049,,,,,,,,,,,,,,,,,,,,,,,,,,,,,,,,,,,,,,,,,,,,,,,,,,,3.2712531089782715,,,,,,,,,,,,,,,,,,,,,,,,,,,,,,,,,,,,,,,,,,,,,,,,,
42,,2063,,,,,,,,,,,,,,,,,,,,,,,,,,,,,,,,,,,,,,,,,,,,,,,,,,,,0.8598941564559937,0.6798521876335144,0.04036697372794151,0.17981651425361633,0.26605504751205444,0.11926605552434921,0.02120434120297432,0.017552874982357025,0.019281409680843353,0.04574461281299591,0.05775297433137894,0.035977769643068314,0.0,0.0,0.0,0.0,0.0,0.0,0.0,0.0,0.13377483189105988,0.4302980303764343,0.5488410592079163,0.32615894079208374,0.062330566346645355,0.06008598953485489,0.06875645369291306,0.12761183083057404,0.1441992223262787,0.11074288934469223,0.8777508735656738,0.14303912222385406,0.4551410377025604,0.5768880844116211,0.34667879343032837,0.06640950590372086,0.06430447101593018,0.07366343587636948,0.135731503367424,0.15277305245399475,0.11815817654132843,0.04021938145160675,0.17915906012058258,0.2650822699069977,0.11882998794317245,0.01921091042459011,0.045577358454465866,0.05754180997610092,0.035846222192049026
42,,2063,,,,,,,,,,,,,,,,,,,,,,,,,,,,,,,,,,,,,,,,,,,,,,,,,,3.2473580837249756,,,,,,,,,,,,,,,,,,,,,,,,,,,,,,,,,,,,,,,,,,,,,,,,,,
,0.001,2099,,,,,,,,,,,,,,,,,,,,,,,,,,,,,,,,,,,,,,,,,,,,,,,,,,,,,,,,,,,,,,,,,,,,,,,,,,,,,,,,,,,,,,,,,,,,,,,,,,,,
43,,2099,,,,,,,,,,,,,,,,,,,,,,,,,,,,,,,,,,,,,,,,,,,,,,,,,,,3.3993992805480957,,,,,,,,,,,,,,,,,,,,,,,,,,,,,,,,,,,,,,,,,,,,,,,,,
43,,2111,,,,,,,,,,,,,,,,,,,,,,,,,,,,,,,,,,,,,,,,,,,,,,,,,,,,0.8587278127670288,0.6835111975669861,0.038532111793756485,0.18165138363838196,0.2568807303905487,0.10825688391923904,0.02066984586417675,0.016972733661532402,0.018445618450641632,0.04510913044214249,0.055550698190927505,0.033283933997154236,0.0,0.0,0.0,0.0,0.0,0.0,0.0,0.0,0.13741722702980042,0.4302980303764343,0.543874204158783,0.3233443796634674,0.06190887838602066,0.0596395879983902,0.069457046687603,0.1270672082901001,0.1429714411497116,0.10974548012018204,0.8761059045791626,0.14722475409507751,0.45495903491973877,0.5723384618759155,0.3446769714355469,0.06599900871515274,0.0638713389635086,0.0745164155960083,0.13519589602947235,0.15164192020893097,0.11732901632785797,0.038391225039958954,0.18098720908164978,0.2559415102005005,0.10786106437444687,0.018378175795078278,0.044944196939468384,0.055347591638565063,0.03316223993897438
43,,2111,,,,,,,,,,,,,,,,,,,,,,,,,,,,,,,,,,,,,,,,,,,,,,,,,,3.246488571166992,,,,,,,,,,,,,,,,,,,,,,,,,,,,,,,,,,,,,,,,,,,,,,,,,,
,0.001,2149,,,,,,,,,,,,,,,,,,,,,,,,,,,,,,,,,,,,,,,,,,,,,,,,,,,,,,,,,,,,,,,,,,,,,,,,,,,,,,,,,,,,,,,,,,,,,,,,,,,,
44,,2149,,,,,,,,,,,,,,,,,,,,,,,,,,,,,,,,,,,,,,,,,,,,,,,,,,,3.2849624156951904,,,,,,,,,,,,,,,,,,,,,,,,,,,,,,,,,,,,,,,,,,,,,,,,,
44,,2159,,,,,,,,,,,,,,,,,,,,,,,,,,,,,,,,,,,,,,,,,,,,,,,,,,,,0.8572110533714294,0.6882304549217224,0.04403669759631157,0.18715596199035645,0.2697247862815857,0.11559633165597916,0.023782098665833473,0.02014889195561409,0.02213970385491848,0.048997994512319565,0.06046639755368233,0.037528347223997116,0.0,0.0,0.0,0.0,0.0,0.0,0.0,0.0,0.1377483457326889,0.432119220495224,0.5445364117622375,0.3271523118019104,0.06361552327871323,0.0613495372235775,0.07087778300046921,0.1288730502128601,0.14459186792373657,0.1118772104382515,0.873970627784729,0.14704276621341705,0.4564149081707001,0.5717925429344177,0.3481346666812897,0.06756624579429626,0.06543586403131485,0.0757116749882698,0.13679511845111847,0.15293551981449127,0.11925120651721954,0.04387568682432175,0.18647167086601257,0.2687385678291321,0.11517367511987686,0.022058755159378052,0.04881884530186653,0.06024531275033951,0.03739113360643387
44,,2159,,,,,,,,,,,,,,,,,,,,,,,,,,,,,,,,,,,,,,,,,,,,,,,,,,3.2444708347320557,,,,,,,,,,,,,,,,,,,,,,,,,,,,,,,,,,,,,,,,,,,,,,,,,,
,0.001,2199,,,,,,,,,,,,,,,,,,,,,,,,,,,,,,,,,,,,,,,,,,,,,,,,,,,,,,,,,,,,,,,,,,,,,,,,,,,,,,,,,,,,,,,,,,,,,,,,,,,,
45,,2199,,,,,,,,,,,,,,,,,,,,,,,,,,,,,,,,,,,,,,,,,,,,,,,,,,,3.383829355239868,,,,,,,,,,,,,,,,,,,,,,,,,,,,,,,,,,,,,,,,,,,,,,,,,
45,,2207,,,,,,,,,,,,,,,,,,,,,,,,,,,,,,,,,,,,,,,,,,,,,,,,,,,,0.8589363694190979,0.6742873787879944,0.03486238420009613,0.17614679038524628,0.26055046916007996,0.0990825667977333,0.020254313945770264,0.016575461253523827,0.017278730869293213,0.04388048127293587,0.055672261863946915,0.03138262405991554,0.0,0.0,0.0,0.0,0.0,0.0,0.0,0.0,0.13857616484165192,0.43112584948539734,0.5458609461784363,0.3245033025741577,0.06508374959230423,0.06282435357570648,0.07218309491872787,0.12999506294727325,0.14605633914470673,0.1127040684223175,0.8772500157356262,0.14886260032653809,0.4564149081707001,0.5741583108901978,0.34686076641082764,0.06952997297048569,0.06741136312484741,0.07762856781482697,0.1385359913110733,0.15502071380615234,0.12076961249113083,0.03473491966724396,0.175502747297287,0.2595978081226349,0.09872029721736908,0.017215555533766747,0.04372004419565201,0.05546870455145836,0.03126788139343262
45,,2207,,,,,,,,,,,,,,,,,,,,,,,,,,,,,,,,,,,,,,,,,,,,,,,,,,3.24393367767334,,,,,,,,,,,,,,,,,,,,,,,,,,,,,,,,,,,,,,,,,,,,,,,,,,
,0.001,2249,,,,,,,,,,,,,,,,,,,,,,,,,,,,,,,,,,,,,,,,,,,,,,,,,,,,,,,,,,,,,,,,,,,,,,,,,,,,,,,,,,,,,,,,,,,,,,,,,,,,
46,,2249,,,,,,,,,,,,,,,,,,,,,,,,,,,,,,,,,,,,,,,,,,,,,,,,,,,3.2779650688171387,,,,,,,,,,,,,,,,,,,,,,,,,,,,,,,,,,,,,,,,,,,,,,,,,
46,,2255,,,,,,,,,,,,,,,,,,,,,,,,,,,,,,,,,,,,,,,,,,,,,,,,,,,,0.8589962124824524,0.6717343330383301,0.03486238420009613,0.1779816597700119,0.2623853087425232,0.10825688391923904,0.02118731662631035,0.01751759462058544,0.01774638146162033,0.04504702612757683,0.05680891126394272,0.03385167941451073,0.0,0.0,0.0,0.0,0.0,0.0,0.0,0.0,0.13675497472286224,0.43228477239608765,0.5473510026931763,0.3264900743961334,0.06415750831365585,0.061905525624752045,0.07094632834196091,0.12944801151752472,0.1455165147781372,0.11233191192150116,0.8775690197944641,0.1468607783317566,0.45750680565834045,0.5756141543388367,0.3481346666812897,0.06841934472322464,0.06630796939134598,0.0762227475643158,0.13781899213790894,0.15431462228298187,0.12011565268039703,0.03473491966724396,0.1773308962583542,0.2614259719848633,0.10786106437444687,0.01768149621784687,0.044882312417030334,0.056601207703351974,0.03372791036963463
46,,2255,,,,,,,,,,,,,,,,,,,,,,,,,,,,,,,,,,,,,,,,,,,,,,,,,,3.2434065341949463,,,,,,,,,,,,,,,,,,,,,,,,,,,,,,,,,,,,,,,,,,,,,,,,,,
,0.001,2299,,,,,,,,,,,,,,,,,,,,,,,,,,,,,,,,,,,,,,,,,,,,,,,,,,,,,,,,,,,,,,,,,,,,,,,,,,,,,,,,,,,,,,,,,,,,,,,,,,,,
47,,2299,,,,,,,,,,,,,,,,,,,,,,,,,,,,,,,,,,,,,,,,,,,,,,,,,,,3.148775815963745,,,,,,,,,,,,,,,,,,,,,,,,,,,,,,,,,,,,,,,,,,,,,,,,,
47,,2303,,,,,,,,,,,,,,,,,,,,,,,,,,,,,,,,,,,,,,,,,,,,,,,,,,,,0.8589884042739868,0.6811093688011169,0.038532111793756485,0.17431192100048065,0.26605504751205444,0.10825688391923904,0.022349422797560692,0.018697958439588547,0.01959974318742752,0.04534291476011276,0.05815441906452179,0.03470136970281601,0.0,0.0,0.0,0.0,0.0,0.0,0.0,0.0,0.13725166022777557,0.4341059625148773,0.5503311157226562,0.32764899730682373,0.06341475993394852,0.06117760017514229,0.07042074203491211,0.129099041223526,0.14532049000263214,0.11187200993299484,0.8766307234764099,0.14704276621341705,0.45987260341644287,0.5785259008407593,0.3494085371494293,0.06748766452074051,0.06539078056812286,0.07546122372150421,0.13740606606006622,0.15396571159362793,0.11952587962150574,0.038391225039958954,0.1736745983362198,0.2650822699069977,0.10786106437444687,0.019528081640601158,0.04517712444067001,0.05794178694486618,0.034574493765830994
47,,2303,,,,,,,,,,,,,,,,,,,,,,,,,,,,,,,,,,,,,,,,,,,,,,,,,,3.239398717880249,,,,,,,,,,,,,,,,,,,,,,,,,,,,,,,,,,,,,,,,,,,,,,,,,,
,0.001,2349,,,,,,,,,,,,,,,,,,,,,,,,,,,,,,,,,,,,,,,,,,,,,,,,,,,,,,,,,,,,,,,,,,,,,,,,,,,,,,,,,,,,,,,,,,,,,,,,,,,,
48,,2349,,,,,,,,,,,,,,,,,,,,,,,,,,,,,,,,,,,,,,,,,,,,,,,,,,,3.2889058589935303,,,,,,,,,,,,,,,,,,,,,,,,,,,,,,,,,,,,,,,,,,,,,,,,,
48,,2351,,,,,,,,,,,,,,,,,,,,,,,,,,,,,,,,,,,,,,,,,,,,,,,,,,,,0.8588109612464905,0.6777520775794983,0.03669724613428116,0.16880734264850616,0.26788991689682007,0.11376146972179413,0.0226383525878191,0.018996013328433037,0.019505713135004044,0.0448717325925827,0.058661337941884995,0.035959579050540924,0.0,0.0,0.0,0.0,0.0,0.0,0.0,0.0,0.1377483457326889,0.4362582862377167,0.5468543171882629,0.33013245463371277,0.0640355795621872,0.06178111955523491,0.07100126147270203,0.1300414651632309,0.14551426470279694,0.11284934729337692,0.8767686486244202,0.1477707028388977,0.4627843499183655,0.5745222568511963,0.35159236192703247,0.0681413933634758,0.06602459400892258,0.07610864192247391,0.13848869502544403,0.15412841737270355,0.12047535181045532,0.036563072353601456,0.168190136551857,0.2669104337692261,0.11334552615880966,0.01943439245223999,0.04470766708254814,0.05844685435295105,0.03582810238003731
48,,2351,,,,,,,,,,,,,,,,,,,,,,,,,,,,,,,,,,,,,,,,,,,,,,,,,,3.2369143962860107,,,,,,,,,,,,,,,,,,,,,,,,,,,,,,,,,,,,,,,,,,,,,,,,,,
,0.001,2399,,,,,,,,,,,,,,,,,,,,,,,,,,,,,,,,,,,,,,,,,,,,,,,,,,,,,,,,,,,,,,,,,,,,,,,,,,,,,,,,,,,,,,,,,,,,,,,,,,,,
49,,2399,,,,,,,,,,,,,,,,,,,,,,,,,,,,,,,,,,,,,,,,,,,,,,,,,,,3.0711708068847656,,,,,,,,,,,,,,,,,,,,,,,,,,,,,,,,,,,,,,,,,,,,,,,,,
49,,2399,,,,,,,,,,,,,,,,,,,,,,,,,,,,,,,,,,,,,,,,,,,,,,,,,,,,0.8589349985122681,0.6734620332717896,0.029357798397541046,0.17614679038524628,0.2697247862815857,0.11559633165597916,0.02641352079808712,0.022780312225222588,0.020058108493685722,0.048898469656705856,0.06188690662384033,0.03909694775938988,0.0,0.0,0.0,0.0,0.0,0.0,0.0,0.0,0.1389072835445404,0.43741723895072937,0.5480132699012756,0.33162251114845276,0.06583932042121887,0.0635906383395195,0.07262086123228073,0.1317155659198761,0.14717230200767517,0.114542156457901,0.8773303031921387,0.1497725248336792,0.46333029866218567,0.5756141543388367,0.3530482053756714,0.069749616086483,0.06763824075460434,0.07783408463001251,0.13992945849895477,0.15563099086284637,0.12202487885951996,0.029250457882881165,0.175502747297287,0.2687385678291321,0.11517367511987686,0.019984770566225052,0.048719678074121475,0.06166062876582146,0.038953997194767
49,,2399,,,,,,,,,,,,,,,,,,,,,,,,,,,,,,,,,,,,,,,,,,,,,,,,,,3.2377774715423584,,,,,,,,,,,,,,,,,,,,,,,,,,,,,,,,,,,,,,,,,,,,,,,,,,
50,,2447,,,,,,,,,,,,,,,,,,,,,,,,,,,,,,,,,,,,,,,,,,,,,,,,,,,,0.8585583567619324,0.6852017045021057,0.03669724613428116,0.18532110750675201,0.26605504751205444,0.11009174585342407,0.0197055172175169,0.016054052859544754,0.01721993274986744,0.04507438465952873,0.05631173029541969,0.033074960112571716,0.0,0.0,0.0,0.0,0.0,0.0,0.0,0.0,0.13675497472286224,0.43261590600013733,0.5437086224555969,0.3271523118019104,0.06439846754074097,0.06212836876511574,0.07107192277908325,0.1298598200082779,0.14541509747505188,0.11276356130838394,0.8757519125938416,0.14667879045009613,0.4571428596973419,0.5712465643882751,0.34868061542510986,0.06883116811513901,0.06669805943965912,0.07641302049160004,0.13826891779899597,0.15425246953964233,0.12066715955734253,0.036563072353601456,0.18464352190494537,0.2650822699069977,0.10968922078609467,0.017156971618533134,0.044909581542015076,0.056105837225914,0.03295402601361275
50,,2447,,,,,,,,,,,,,,,,,,,,,,,,,,,,,,,,,,,,,,,,,,,,,,,,,,3.2360424995422363,,,,,,,,,,,,,,,,,,,,,,,,,,,,,,,,,,,,,,,,,,,,,,,,,,
,0.001,2449,,,,,,,,,,,,,,,,,,,,,,,,,,,,,,,,,,,,,,,,,,,,,,,,,,,,,,,,,,,,,,,,,,,,,,,,,,,,,,,,,,,,,,,,,,,,,,,,,,,,
51,,2449,,,,,,,,,,,,,,,,,,,,,,,,,,,,,,,,,,,,,,,,,,,,,,,,,,,3.29593825340271,,,,,,,,,,,,,,,,,,,,,,,,,,,,,,,,,,,,,,,,,,,,,,,,,
51,,2495,,,,,,,,,,,,,,,,,,,,,,,,,,,,,,,,,,,,,,,,,,,,,,,,,,,,0.8578231930732727,0.6850759387016296,0.04036697372794151,0.1834862381219864,0.27155962586402893,0.11926605552434921,0.02083824947476387,0.01721416786313057,0.019024621695280075,0.04608866199851036,0.05836131423711777,0.035772472620010376,0.0,0.0,0.0,0.0,0.0,0.0,0.0,0.0,0.13990066945552826,0.4347682297229767,0.5466887354850769,0.3289735019207001,0.06509415805339813,0.06283887475728989,0.0724838450551033,0.1305888593196869,0.1462416648864746,0.11346612870693207,0.8749564290046692,0.1497725248336792,0.4596906304359436,0.5739763379096985,0.34977251291275024,0.06948349624872208,0.06736397743225098,0.07778598368167877,0.13896968960762024,0.15495774149894714,0.12117186933755875,0.04021938145160675,0.18281535804271698,0.2705667316913605,0.11882998794317245,0.018955063074827194,0.045920148491859436,0.05814792588353157,0.03564167767763138
51,,2495,,,,,,,,,,,,,,,,,,,,,,,,,,,,,,,,,,,,,,,,,,,,,,,,,,3.235506057739258,,,,,,,,,,,,,,,,,,,,,,,,,,,,,,,,,,,,,,,,,,,,,,,,,,
,0.001,2499,,,,,,,,,,,,,,,,,,,,,,,,,,,,,,,,,,,,,,,,,,,,,,,,,,,,,,,,,,,,,,,,,,,,,,,,,,,,,,,,,,,,,,,,,,,,,,,,,,,,
52,,2499,,,,,,,,,,,,,,,,,,,,,,,,,,,,,,,,,,,,,,,,,,,,,,,,,,,3.302670478820801,,,,,,,,,,,,,,,,,,,,,,,,,,,,,,,,,,,,,,,,,,,,,,,,,
52,,2543,,,,,,,,,,,,,,,,,,,,,,,,,,,,,,,,,,,,,,,,,,,,,,,,,,,,0.8593505024909973,0.6812611818313599,0.03486238420009613,0.1834862381219864,0.26788991689682007,0.10825688391923904,0.018445944413542747,0.014803607016801834,0.015702873468399048,0.04359801113605499,0.05537233129143715,0.031508076936006546,0.0,0.0,0.0,0.0,0.0,0.0,0.0,0.0,0.13758277893066406,0.439072847366333,0.548509955406189,0.3283112645149231,0.06606625020503998,0.06382003426551819,0.07252351194620132,0.13208705186843872,0.147395059466362,0.1141829565167427,0.8770135045051575,0.1477707028388977,0.46442219614982605,0.5763421058654785,0.35013648867607117,0.07078928500413895,0.06868153065443039,0.07815903425216675,0.14086347818374634,0.15652194619178772,0.122382752597332,0.03473491966724396,0.18281535804271698,0.2669104337692261,0.10786106437444687,0.015645459294319153,0.04343860596418381,0.05516987293958664,0.03139287605881691
52,,2543,,,,,,,,,,,,,,,,,,,,,,,,,,,,,,,,,,,,,,,,,,,,,,,,,,3.234384298324585,,,,,,,,,,,,,,,,,,,,,,,,,,,,,,,,,,,,,,,,,,,,,,,,,,
,0.001,2549,,,,,,,,,,,,,,,,,,,,,,,,,,,,,,,,,,,,,,,,,,,,,,,,,,,,,,,,,,,,,,,,,,,,,,,,,,,,,,,,,,,,,,,,,,,,,,,,,,,,
53,,2549,,,,,,,,,,,,,,,,,,,,,,,,,,,,,,,,,,,,,,,,,,,,,,,,,,,3.2567574977874756,,,,,,,,,,,,,,,,,,,,,,,,,,,,,,,,,,,,,,,,,,,,,,,,,
53,,2591,,,,,,,,,,,,,,,,,,,,,,,,,,,,,,,,,,,,,,,,,,,,,,,,,,,,0.8596031665802002,0.6804272532463074,0.038532111793756485,0.17981651425361633,0.2568807303905487,0.11009174585342407,0.020815718919038773,0.017118610441684723,0.018530862405896187,0.044930581003427505,0.05576316639780998,0.03362094238400459,0.0,0.0,0.0,0.0,0.0,0.0,0.0,0.0,0.14519867300987244,0.43658941984176636,0.5480132699012756,0.3306291401386261,0.06667187809944153,0.06442319601774216,0.075019970536232,0.1324571818113327,0.14807838201522827,0.11525807529687881,0.8773739337921143,0.1557779759168625,0.46205639839172363,0.5768880844116211,0.3525022566318512,0.07121994346380234,0.06911490857601166,0.08062262088060379,0.14113816618919373,0.1572342813014984,0.12335492670536041,0.038391225039958954,0.17915906012058258,0.2559415102005005,0.10968922078609467,0.01846310682594776,0.044766299426555634,0.05555927753448486,0.03349801152944565
53,,2591,,,,,,,,,,,,,,,,,,,,,,,,,,,,,,,,,,,,,,,,,,,,,,,,,,3.2335219383239746,,,,,,,,,,,,,,,,,,,,,,,,,,,,,,,,,,,,,,,,,,,,,,,,,,
,0.001,2599,,,,,,,,,,,,,,,,,,,,,,,,,,,,,,,,,,,,,,,,,,,,,,,,,,,,,,,,,,,,,,,,,,,,,,,,,,,,,,,,,,,,,,,,,,,,,,,,,,,,
54,,2599,,,,,,,,,,,,,,,,,,,,,,,,,,,,,,,,,,,,,,,,,,,,,,,,,,,3.2882816791534424,,,,,,,,,,,,,,,,,,,,,,,,,,,,,,,,,,,,,,,,,,,,,,,,,
54,,2639,,,,,,,,,,,,,,,,,,,,,,,,,,,,,,,,,,,,,,,,,,,,,,,,,,,,0.8588095903396606,0.6846462488174438,0.03669724613428116,0.1706421971321106,0.2623853087425232,0.1119266077876091,0.024040047079324722,0.020370325073599815,0.02046365663409233,0.04622155427932739,0.05909588187932968,0.03668008744716644,0.0,0.0,0.0,0.0,0.0,0.0,0.0,0.0,0.14288079738616943,0.4293046295642853,0.5465232133865356,0.33162251114845276,0.06741040199995041,0.0651542991399765,0.07492879033088684,0.13182450830936432,0.1482095718383789,0.11598200350999832,0.876083254814148,0.15341219305992126,0.45495903491973877,0.5747042894363403,0.3534121811389923,0.07171191275119781,0.06959601491689682,0.08033069968223572,0.14031469821929932,0.15704795718193054,0.12384724617004395,0.036563072353601456,0.1700182855129242,0.2614259719848633,0.11151736974716187,0.020388837903738022,0.04605255275964737,0.05887981131672859,0.036545976996421814
54,,2639,,,,,,,,,,,,,,,,,,,,,,,,,,,,,,,,,,,,,,,,,,,,,,,,,,3.2319679260253906,,,,,,,,,,,,,,,,,,,,,,,,,,,,,,,,,,,,,,,,,,,,,,,,,,
,0.001,2649,,,,,,,,,,,,,,,,,,,,,,,,,,,,,,,,,,,,,,,,,,,,,,,,,,,,,,,,,,,,,,,,,,,,,,,,,,,,,,,,,,,,,,,,,,,,,,,,,,,,
55,,2649,,,,,,,,,,,,,,,,,,,,,,,,,,,,,,,,,,,,,,,,,,,,,,,,,,,3.1347923278808594,,,,,,,,,,,,,,,,,,,,,,,,,,,,,,,,,,,,,,,,,,,,,,,,,
55,,2687,,,,,,,,,,,,,,,,,,,,,,,,,,,,,,,,,,,,,,,,,,,,,,,,,,,,0.8587099313735962,0.6822165846824646,0.03486238420009613,0.1779816597700119,0.26055046916007996,0.11743119359016418,0.022827379405498505,0.01914852485060692,0.01905469223856926,0.0465281642973423,0.0580100491642952,0.036865390837192535,0.0,0.0,0.0,0.0,0.0,0.0,0.0,0.0,0.13940396904945374,0.43824502825737,0.5518211722373962,0.33129140734672546,0.06737038493156433,0.06514064222574234,0.0739528015255928,0.13305486738681793,0.14891155064105988,0.11579030007123947,0.8762146830558777,0.1497725248336792,0.4640582203865051,0.58070969581604,0.3525022566318512,0.07178820669651031,0.06970219314098358,0.07939764857292175,0.1416366547346115,0.1579272300004959,0.12361814826726913,0.03473491966724396,0.1773308962583542,0.2595978081226349,0.11700183153152466,0.018985023722052574,0.04635804519057274,0.05779794603586197,0.03673059865832329
55,,2687,,,,,,,,,,,,,,,,,,,,,,,,,,,,,,,,,,,,,,,,,,,,,,,,,,3.2300965785980225,,,,,,,,,,,,,,,,,,,,,,,,,,,,,,,,,,,,,,,,,,,,,,,,,,
,0.001,2699,,,,,,,,,,,,,,,,,,,,,,,,,,,,,,,,,,,,,,,,,,,,,,,,,,,,,,,,,,,,,,,,,,,,,,,,,,,,,,,,,,,,,,,,,,,,,,,,,,,,
56,,2699,,,,,,,,,,,,,,,,,,,,,,,,,,,,,,,,,,,,,,,,,,,,,,,,,,,3.1881654262542725,,,,,,,,,,,,,,,,,,,,,,,,,,,,,,,,,,,,,,,,,,,,,,,,,
56,,2735,,,,,,,,,,,,,,,,,,,,,,,,,,,,,,,,,,,,,,,,,,,,,,,,,,,,0.8570535182952881,0.6769298911094666,0.03486238420009613,0.17431192100048065,0.26788991689682007,0.10825688391923904,0.023248275741934776,0.019605936482548714,0.019489837810397148,0.045986372977495193,0.059018541127443314,0.03542180359363556,0.0,0.0,0.0,0.0,0.0,0.0,0.0,0.0,0.13940396904945374,0.44122517108917236,0.550165593624115,0.3329470157623291,0.06593228876590729,0.0636943131685257,0.07277169078588486,0.13252820074558258,0.1477912962436676,0.11500288546085358,0.8749182224273682,0.1497725248336792,0.4676978886127472,0.5781619548797607,0.35523203015327454,0.0701657384634018,0.0680670365691185,0.07805623859167099,0.14111150801181793,0.1565958708524704,0.12289582192897797,0.03473491966724396,0.1736745983362198,0.2669104337692261,0.10786106437444687,0.01941857673227787,0.045818231999874115,0.05880274251103401,0.03529229015111923
56,,2735,,,,,,,,,,,,,,,,,,,,,,,,,,,,,,,,,,,,,,,,,,,,,,,,,,3.228933095932007,,,,,,,,,,,,,,,,,,,,,,,,,,,,,,,,,,,,,,,,,,,,,,,,,,
,0.001,2749,,,,,,,,,,,,,,,,,,,,,,,,,,,,,,,,,,,,,,,,,,,,,,,,,,,,,,,,,,,,,,,,,,,,,,,,,,,,,,,,,,,,,,,,,,,,,,,,,,,,
57,,2749,,,,,,,,,,,,,,,,,,,,,,,,,,,,,,,,,,,,,,,,,,,,,,,,,,,3.241603374481201,,,,,,,,,,,,,,,,,,,,,,,,,,,,,,,,,,,,,,,,,,,,,,,,,
57,,2783,,,,,,,,,,,,,,,,,,,,,,,,,,,,,,,,,,,,,,,,,,,,,,,,,,,,0.8593526482582092,0.6777610182762146,0.038532111793756485,0.18715596199035645,0.27155962586402893,0.11009174585342407,0.021791988983750343,0.018167907372117043,0.019367219880223274,0.046867769211530685,0.05853630602359772,0.0345907025039196,0.0,0.0,0.0,0.0,0.0,0.0,0.0,0.0,0.1438741683959961,0.4420529901981354,0.5539734959602356,0.3344371020793915,0.06703521311283112,0.0648161768913269,0.07472319155931473,0.1337442547082901,0.14934580028057098,0.11634719371795654,0.8773630261421204,0.15432210266590118,0.46733394265174866,0.5819836258888245,0.35668790340423584,0.07152248173952103,0.06944280117750168,0.08021344989538193,0.14236074686050415,0.15835238993167877,0.12445587664842606,0.038391225039958954,0.18647167086601257,0.2705667316913605,0.10968922078609467,0.01929640769958496,0.046696409583091736,0.05832228064537048,0.03446422889828682
57,,2783,,,,,,,,,,,,,,,,,,,,,,,,,,,,,,,,,,,,,,,,,,,,,,,,,,3.2272565364837646,,,,,,,,,,,,,,,,,,,,,,,,,,,,,,,,,,,,,,,,,,,,,,,,,,
,0.001,2799,,,,,,,,,,,,,,,,,,,,,,,,,,,,,,,,,,,,,,,,,,,,,,,,,,,,,,,,,,,,,,,,,,,,,,,,,,,,,,,,,,,,,,,,,,,,,,,,,,,,
58,,2799,,,,,,,,,,,,,,,,,,,,,,,,,,,,,,,,,,,,,,,,,,,,,,,,,,,3.24933123588562,,,,,,,,,,,,,,,,,,,,,,,,,,,,,,,,,,,,,,,,,,,,,,,,,
58,,2831,,,,,,,,,,,,,,,,,,,,,,,,,,,,,,,,,,,,,,,,,,,,,,,,,,,,0.8583686947822571,0.6823875904083252,0.031192660331726074,0.17431192100048065,0.2623853087425232,0.11926605552434921,0.024630337953567505,0.02096061408519745,0.01962270401418209,0.04709136113524437,0.05940474197268486,0.03840332105755806,0.0,0.0,0.0,0.0,0.0,0.0,0.0,0.0,0.13725166022777557,0.4324503242969513,0.5498344302177429,0.3286423981189728,0.06588666141033173,0.06364702433347702,0.07218615710735321,0.1308744102716446,0.1472807079553604,0.11408507823944092,0.8758227229118347,0.1477707028388977,0.45805275440216064,0.57834392786026,0.3494085371494293,0.0699784979224205,0.06788071244955063,0.07739945501089096,0.1391841024160385,0.15599632263183594,0.12159126996994019,0.031078610569238663,0.1736745983362198,0.2614259719848633,0.11882998794317245,0.019550958648324013,0.04691918194293976,0.05918753892183304,0.03826290741562843
58,,2831,,,,,,,,,,,,,,,,,,,,,,,,,,,,,,,,,,,,,,,,,,,,,,,,,,3.2254104614257812,,,,,,,,,,,,,,,,,,,,,,,,,,,,,,,,,,,,,,,,,,,,,,,,,,
,0.001,2849,,,,,,,,,,,,,,,,,,,,,,,,,,,,,,,,,,,,,,,,,,,,,,,,,,,,,,,,,,,,,,,,,,,,,,,,,,,,,,,,,,,,,,,,,,,,,,,,,,,,
59,,2849,,,,,,,,,,,,,,,,,,,,,,,,,,,,,,,,,,,,,,,,,,,,,,,,,,,3.284048080444336,,,,,,,,,,,,,,,,,,,,,,,,,,,,,,,,,,,,,,,,,,,,,,,,,
59,,2879,,,,,,,,,,,,,,,,,,,,,,,,,,,,,,,,,,,,,,,,,,,,,,,,,,,,0.8598201274871826,0.677090048789978,0.03486238420009613,0.1779816597700119,0.26788991689682007,0.10275229811668396,0.02306014485657215,0.019417807459831238,0.01921301893889904,0.04644573852419853,0.058986321091651917,0.0343027226626873,0.0,0.0,0.0,0.0,0.0,0.0,0.0,0.0,0.1450331211090088,0.43658941984176636,0.5509933829307556,0.3337748348712921,0.06763223558664322,0.06539837270975113,0.07555950433015823,0.1333286464214325,0.14935316145420074,0.11661798506975174,0.8779434561729431,0.15595996379852295,0.4622384011745453,0.5790718793869019,0.35668790340423584,0.07205294072628021,0.06995876878499985,0.08114800602197647,0.14194579422473907,0.15831582248210907,0.12478210031986237,0.03473491966724396,0.1773308962583542,0.2669104337692261,0.10237660259008408,0.019142771139740944,0.046275921165943146,0.05877064913511276,0.03417730703949928
59,,2879,,,,,,,,,,,,,,,,,,,,,,,,,,,,,,,,,,,,,,,,,,,,,,,,,,3.2261548042297363,,,,,,,,,,,,,,,,,,,,,,,,,,,,,,,,,,,,,,,,,,,,,,,,,,
,0.001,2899,,,,,,,,,,,,,,,,,,,,,,,,,,,,,,,,,,,,,,,,,,,,,,,,,,,,,,,,,,,,,,,,,,,,,,,,,,,,,,,,,,,,,,,,,,,,,,,,,,,,
60,,2899,,,,,,,,,,,,,,,,,,,,,,,,,,,,,,,,,,,,,,,,,,,,,,,,,,,3.248488187789917,,,,,,,,,,,,,,,,,,,,,,,,,,,,,,,,,,,,,,,,,,,,,,,,,
60,,2927,,,,,,,,,,,,,,,,,,,,,,,,,,,,,,,,,,,,,,,,,,,,,,,,,,,,0.8560091257095337,0.6878730058670044,0.04036697372794151,0.18899083137512207,0.27155962586402893,0.12110091745853424,0.025190914049744606,0.021566836163401604,0.021932335570454597,0.05032693222165108,0.06179334968328476,0.03948250785470009,0.0,0.0,0.0,0.0,0.0,0.0,0.0,0.0,0.1412251740694046,0.435099333524704,0.5435430407524109,0.32698675990104675,0.06650377064943314,0.06423284113407135,0.07389993965625763,0.13186411559581757,0.1470268964767456,0.1143476590514183,0.8726849555969238,0.1512283831834793,0.45950862765312195,0.5705186128616333,0.3474067151546478,0.0706012174487114,0.068464495241642,0.07905413210391998,0.13995106518268585,0.15548045933246613,0.12177285552024841,0.04021938145160675,0.18829981982707977,0.2705667316913605,0.12065813690423965,0.021852144971489906,0.05014292895793915,0.06156741455197334,0.03933814913034439
60,,2927,,,,,,,,,,,,,,,,,,,,,,,,,,,,,,,,,,,,,,,,,,,,,,,,,,3.224884271621704,,,,,,,,,,,,,,,,,,,,,,,,,,,,,,,,,,,,,,,,,,,,,,,,,,
,0.001,2949,,,,,,,,,,,,,,,,,,,,,,,,,,,,,,,,,,,,,,,,,,,,,,,,,,,,,,,,,,,,,,,,,,,,,,,,,,,,,,,,,,,,,,,,,,,,,,,,,,,,
61,,2949,,,,,,,,,,,,,,,,,,,,,,,,,,,,,,,,,,,,,,,,,,,,,,,,,,,3.192410469055176,,,,,,,,,,,,,,,,,,,,,,,,,,,,,,,,,,,,,,,,,,,,,,,,,
61,,2975,,,,,,,,,,,,,,,,,,,,,,,,,,,,,,,,,,,,,,,,,,,,,,,,,,,,0.8593255281448364,0.6820086240768433,0.03669724613428116,0.1706421971321106,0.2623853087425232,0.1119266077876091,0.024223439395427704,0.020553715527057648,0.020570384338498116,0.046299345791339874,0.05915439873933792,0.03692002594470978,0.0,0.0,0.0,0.0,0.0,0.0,0.0,0.0,0.14552980661392212,0.4408940374851227,0.550000011920929,0.3346026539802551,0.06802487373352051,0.06578606367111206,0.07600487023591995,0.13429607450962067,0.14955773949623108,0.11707994341850281,0.8769119381904602,0.15632392466068268,0.4676978886127472,0.5785259008407593,0.35668790340423584,0.07236914336681366,0.07027225941419601,0.08150291442871094,0.14302368462085724,0.1585240364074707,0.1250302940607071,0.036563072353601456,0.1700182855129242,0.2614259719848633,0.11151736974716187,0.02049517259001732,0.04613006114959717,0.05893810838460922,0.03678503632545471
61,,2975,,,,,,,,,,,,,,,,,,,,,,,,,,,,,,,,,,,,,,,,,,,,,,,,,,3.2228496074676514,,,,,,,,,,,,,,,,,,,,,,,,,,,,,,,,,,,,,,,,,,,,,,,,,,
,0.001,2999,,,,,,,,,,,,,,,,,,,,,,,,,,,,,,,,,,,,,,,,,,,,,,,,,,,,,,,,,,,,,,,,,,,,,,,,,,,,,,,,,,,,,,,,,,,,,,,,,,,,
62,,2999,,,,,,,,,,,,,,,,,,,,,,,,,,,,,,,,,,,,,,,,,,,,,,,,,,,3.162276029586792,,,,,,,,,,,,,,,,,,,,,,,,,,,,,,,,,,,,,,,,,,,,,,,,,
62,,3023,,,,,,,,,,,,,,,,,,,,,,,,,,,,,,,,,,,,,,,,,,,,,,,,,,,,0.8589842319488525,0.6750600934028625,0.03486238420009613,0.18715596199035645,0.2642201781272888,0.11009174585342407,0.0226031094789505,0.018942514434456825,0.018715182319283485,0.04775824770331383,0.05851002782583237,0.0353408083319664,0.0,0.0,0.0,0.0,0.0,0.0,0.0,0.0,0.14172185957431793,0.44155630469322205,0.5509933829307556,0.3294702172279358,0.0683189183473587,0.06608504801988602,0.0752132385969162,0.13452540338039398,0.14982271194458008,0.11635859310626984,0.877225935459137,0.15232029557228088,0.46678799390792847,0.5794358253479004,0.35122838616371155,0.07285305112600327,0.07076068967580795,0.08081677556037903,0.1431310474872589,0.15887920558452606,0.1243940219283104,0.03473491966724396,0.18647167086601257,0.2632541060447693,0.10968922078609467,0.01864675246179104,0.047583628445863724,0.05829609930515289,0.03521159663796425
62,,3023,,,,,,,,,,,,,,,,,,,,,,,,,,,,,,,,,,,,,,,,,,,,,,,,,,3.2229738235473633,,,,,,,,,,,,,,,,,,,,,,,,,,,,,,,,,,,,,,,,,,,,,,,,,,
,0.001,3049,,,,,,,,,,,,,,,,,,,,,,,,,,,,,,,,,,,,,,,,,,,,,,,,,,,,,,,,,,,,,,,,,,,,,,,,,,,,,,,,,,,,,,,,,,,,,,,,,,,,
63,,3049,,,,,,,,,,,,,,,,,,,,,,,,,,,,,,,,,,,,,,,,,,,,,,,,,,,3.3810174465179443,,,,,,,,,,,,,,,,,,,,,,,,,,,,,,,,,,,,,,,,,,,,,,,,,
63,,3071,,,,,,,,,,,,,,,,,,,,,,,,,,,,,,,,,,,,,,,,,,,,,,,,,,,,0.8600146174430847,0.6778071522712708,0.029357798397541046,0.1779816597700119,0.26788991689682007,0.10458716005086899,0.022423407062888145,0.018781069666147232,0.017241137102246284,0.04569045454263687,0.05823734402656555,0.03382076695561409,0.0,0.0,0.0,0.0,0.0,0.0,0.0,0.0,0.1473509967327118,0.44304636120796204,0.5538079738616943,0.33592715859413147,0.06721673905849457,0.0649968832731247,0.075733482837677,0.1342320293188095,0.1496802419424057,0.1169053465127945,0.8780860900878906,0.15905368328094482,0.46933576464653015,0.5821655988693237,0.3588716983795166,0.0716593861579895,0.06958060711622238,0.08153481781482697,0.14301367104053497,0.15874963998794556,0.12514576315879822,0.029250457882881165,0.1773308962583542,0.2669104337692261,0.10420475900173187,0.017178097739815712,0.045523397624492645,0.05802441015839577,0.033697109669446945
63,,3071,,,,,,,,,,,,,,,,,,,,,,,,,,,,,,,,,,,,,,,,,,,,,,,,,,3.2224254608154297,,,,,,,,,,,,,,,,,,,,,,,,,,,,,,,,,,,,,,,,,,,,,,,,,,
,0.001,3099,,,,,,,,,,,,,,,,,,,,,,,,,,,,,,,,,,,,,,,,,,,,,,,,,,,,,,,,,,,,,,,,,,,,,,,,,,,,,,,,,,,,,,,,,,,,,,,,,,,,
64,,3099,,,,,,,,,,,,,,,,,,,,,,,,,,,,,,,,,,,,,,,,,,,,,,,,,,,3.194859027862549,,,,,,,,,,,,,,,,,,,,,,,,,,,,,,,,,,,,,,,,,,,,,,,,,
64,,3119,,,,,,,,,,,,,,,,,,,,,,,,,,,,,,,,,,,,,,,,,,,,,,,,,,,,0.8585588932037354,0.6760563254356384,0.04220183566212654,0.17431192100048065,0.2550458610057831,0.1119266077876091,0.02213163860142231,0.01842540130019188,0.02035261131823063,0.0453764833509922,0.056662388145923615,0.03531195595860481,0.0,0.0,0.0,0.0,0.0,0.0,0.0,0.0,0.14221854507923126,0.43725165724754333,0.554635763168335,0.33394041657447815,0.06693542003631592,0.06471967697143555,0.0742105022072792,0.1328628808259964,0.14926907420158386,0.11611529439687729,0.8766596913337708,0.15213830769062042,0.46333029866218567,0.5843493938446045,0.355959951877594,0.07137911021709442,0.06931118667125702,0.07955218851566315,0.14153987169265747,0.15845391154289246,0.12412944436073303,0.04204753413796425,0.1736745983362198,0.2541133463382721,0.11151736974716187,0.020278194919228554,0.045210570096969604,0.05645521357655525,0.03518284112215042
64,,3119,,,,,,,,,,,,,,,,,,,,,,,,,,,,,,,,,,,,,,,,,,,,,,,,,,3.2197186946868896,,,,,,,,,,,,,,,,,,,,,,,,,,,,,,,,,,,,,,,,,,,,,,,,,,
,0.001,3149,,,,,,,,,,,,,,,,,,,,,,,,,,,,,,,,,,,,,,,,,,,,,,,,,,,,,,,,,,,,,,,,,,,,,,,,,,,,,,,,,,,,,,,,,,,,,,,,,,,,
65,,3149,,,,,,,,,,,,,,,,,,,,,,,,,,,,,,,,,,,,,,,,,,,,,,,,,,,3.2000043392181396,,,,,,,,,,,,,,,,,,,,,,,,,,,,,,,,,,,,,,,,,,,,,,,,,
65,,3167,,,,,,,,,,,,,,,,,,,,,,,,,,,,,,,,,,,,,,,,,,,,,,,,,,,,0.8585758209228516,0.6752225160598755,0.03669724613428116,0.17981651425361633,0.2642201781272888,0.10458716005086899,0.02026078850030899,0.016600191593170166,0.017496686428785324,0.04459488391876221,0.05632529780268669,0.032543331384658813,0.0,0.0,0.0,0.0,0.0,0.0,0.0,0.0,0.14370861649513245,0.43923842906951904,0.5534768104553223,0.3326159119606018,0.06777741760015488,0.06555591523647308,0.07521845400333405,0.13386791944503784,0.14985600113868713,0.11658216267824173,0.8767610192298889,0.15432210266590118,0.46496814489364624,0.5821655988693237,0.35523203015327454,0.07249017059803009,0.07041139155626297,0.08094335347414017,0.14272210001945496,0.1591324806213379,0.12491720169782639,0.036563072353601456,0.17915906012058258,0.2632541060447693,0.10420475900173187,0.017432713881134987,0.04443182796239853,0.05611935630440712,0.03242434933781624
65,,3167,,,,,,,,,,,,,,,,,,,,,,,,,,,,,,,,,,,,,,,,,,,,,,,,,,3.2224974632263184,,,,,,,,,,,,,,,,,,,,,,,,,,,,,,,,,,,,,,,,,,,,,,,,,,
,0.001,3199,,,,,,,,,,,,,,,,,,,,,,,,,,,,,,,,,,,,,,,,,,,,,,,,,,,,,,,,,,,,,,,,,,,,,,,,,,,,,,,,,,,,,,,,,,,,,,,,,,,,
66,,3199,,,,,,,,,,,,,,,,,,,,,,,,,,,,,,,,,,,,,,,,,,,,,,,,,,,3.153414726257324,,,,,,,,,,,,,,,,,,,,,,,,,,,,,,,,,,,,,,,,,,,,,,,,,
66,,3215,,,,,,,,,,,,,,,,,,,,,,,,,,,,,,,,,,,,,,,,,,,,,,,,,,,,0.8583238124847412,0.6781760454177856,0.038532111793756485,0.1779816597700119,0.26605504751205444,0.10825688391923904,0.020204761996865273,0.01655329205095768,0.018100788816809654,0.04419708251953125,0.05655137449502945,0.03294273093342781,0.0,0.0,0.0,0.0,0.0,0.0,0.0,0.0,0.14205297827720642,0.4385761618614197,0.5496689081192017,0.3346026539802551,0.06517855823040009,0.06293810158967972,0.07283500581979752,0.13165222108364105,0.14718443155288696,0.11480272561311722,0.8761910796165466,0.15232029557228088,0.46442219614982605,0.5777980089187622,0.3570518493652344,0.06963910162448883,0.06753858923912048,0.07826360315084457,0.1403261125087738,0.15617351233959198,0.12292169034481049,0.038391225039958954,0.1773308962583542,0.2650822699069977,0.10786106437444687,0.01803460717201233,0.04403548687696457,0.05634460598230362,0.03282228484749794
66,,3215,,,,,,,,,,,,,,,,,,,,,,,,,,,,,,,,,,,,,,,,,,,,,,,,,,3.2189738750457764,,,,,,,,,,,,,,,,,,,,,,,,,,,,,,,,,,,,,,,,,,,,,,,,,,
,0.001,3249,,,,,,,,,,,,,,,,,,,,,,,,,,,,,,,,,,,,,,,,,,,,,,,,,,,,,,,,,,,,,,,,,,,,,,,,,,,,,,,,,,,,,,,,,,,,,,,,,,,,
67,,3249,,,,,,,,,,,,,,,,,,,,,,,,,,,,,,,,,,,,,,,,,,,,,,,,,,,3.214839220046997,,,,,,,,,,,,,,,,,,,,,,,,,,,,,,,,,,,,,,,,,,,,,,,,,
67,,3263,,,,,,,,,,,,,,,,,,,,,,,,,,,,,,,,,,,,,,,,,,,,,,,,,,,,0.8596875667572021,0.6772074699401855,0.031192660331726074,0.18899083137512207,0.2623853087425232,0.11009174585342407,0.02285136468708515,0.019181640818715096,0.017946841195225716,0.04779685661196709,0.058032408356666565,0.03515585511922836,0.0,0.0,0.0,0.0,0.0,0.0,0.0,0.0,0.14437086880207062,0.4387417435646057,0.5528146028518677,0.3341059684753418,0.06890157610177994,0.06667677313089371,0.07636340707540512,0.1346844583749771,0.15064013004302979,0.11771491914987564,0.8777860999107361,0.15559598803520203,0.46351227164268494,0.5816196203231812,0.3563239276409149,0.073468878865242,0.0713873878121376,0.08215722441673279,0.1433020532131195,0.15982504189014435,0.12590321898460388,0.031078610569238663,0.18829981982707977,0.2614259719848633,0.10968922078609467,0.017881223931908607,0.04762209579348564,0.05782022699713707,0.035027313977479935
67,,3263,,,,,,,,,,,,,,,,,,,,,,,,,,,,,,,,,,,,,,,,,,,,,,,,,,3.2195351123809814,,,,,,,,,,,,,,,,,,,,,,,,,,,,,,,,,,,,,,,,,,,,,,,,,,
,0.001,3299,,,,,,,,,,,,,,,,,,,,,,,,,,,,,,,,,,,,,,,,,,,,,,,,,,,,,,,,,,,,,,,,,,,,,,,,,,,,,,,,,,,,,,,,,,,,,,,,,,,,
68,,3299,,,,,,,,,,,,,,,,,,,,,,,,,,,,,,,,,,,,,,,,,,,,,,,,,,,3.19448184967041,,,,,,,,,,,,,,,,,,,,,,,,,,,,,,,,,,,,,,,,,,,,,,,,,
68,,3311,,,,,,,,,,,,,,,,,,,,,,,,,,,,,,,,,,,,,,,,,,,,,,,,,,,,0.8592426180839539,0.6743093729019165,0.03669724613428116,0.18165138363838196,0.2550458610057831,0.11559633165597916,0.021128613501787186,0.017422374337911606,0.018116746097803116,0.045719120651483536,0.05601794272661209,0.035133205354213715,0.0,0.0,0.0,0.0,0.0,0.0,0.0,0.0,0.14569537341594696,0.43741723895072937,0.5508278012275696,0.3294702172279358,0.06801585108041763,0.06578116863965988,0.07611460983753204,0.13364894688129425,0.14951060712337494,0.11609756201505661,0.8775845170021057,0.15650591254234314,0.4627843499183655,0.5801637768745422,0.35068243741989136,0.07266617566347122,0.07057744264602661,0.08186689764261246,0.14236991107463837,0.15878331661224365,0.12412768602371216,0.036563072353601456,0.18098720908164978,0.2541133463382721,0.11517367511987686,0.018050506711006165,0.045551955699920654,0.055813129991292953,0.03500474616885185
68,,3311,,,,,,,,,,,,,,,,,,,,,,,,,,,,,,,,,,,,,,,,,,,,,,,,,,3.217362880706787,,,,,,,,,,,,,,,,,,,,,,,,,,,,,,,,,,,,,,,,,,,,,,,,,,
,0.001,3349,,,,,,,,,,,,,,,,,,,,,,,,,,,,,,,,,,,,,,,,,,,,,,,,,,,,,,,,,,,,,,,,,,,,,,,,,,,,,,,,,,,,,,,,,,,,,,,,,,,,
69,,3349,,,,,,,,,,,,,,,,,,,,,,,,,,,,,,,,,,,,,,,,,,,,,,,,,,,3.154628038406372,,,,,,,,,,,,,,,,,,,,,,,,,,,,,,,,,,,,,,,,,,,,,,,,,
69,,3359,,,,,,,,,,,,,,,,,,,,,,,,,,,,,,,,,,,,,,,,,,,,,,,,,,,,0.8593629598617554,0.6751219630241394,0.031192660331726074,0.1779816597700119,0.2642201781272888,0.10642202198505402,0.02022409997880459,0.016563506796956062,0.01641903445124626,0.04379653185606003,0.05585601553320885,0.032288555055856705,0.0,0.0,0.0,0.0,0.0,0.0,0.0,0.0,0.14635762572288513,0.43824502825737,0.5539734959602356,0.3314569592475891,0.06719568371772766,0.06497665494680405,0.0757250115275383,0.13315951824188232,0.14931662380695343,0.11582928895950317,0.8776360750198364,0.15777979791164398,0.4640582203865051,0.5827115178108215,0.35377615690231323,0.0718543753027916,0.06977831572294235,0.08160703629255295,0.14202262461185455,0.15858614444732666,0.12411493808031082,0.031078610569238663,0.1773308962583542,0.2632541060447693,0.10603290796279907,0.016359001398086548,0.04363640025258064,0.05565179884433746,0.03217049688100815
69,,3359,,,,,,,,,,,,,,,,,,,,,,,,,,,,,,,,,,,,,,,,,,,,,,,,,,3.218517541885376,,,,,,,,,,,,,,,,,,,,,,,,,,,,,,,,,,,,,,,,,,,,,,,,,,
,0.001,3399,,,,,,,,,,,,,,,,,,,,,,,,,,,,,,,,,,,,,,,,,,,,,,,,,,,,,,,,,,,,,,,,,,,,,,,,,,,,,,,,,,,,,,,,,,,,,,,,,,,,
70,,3399,,,,,,,,,,,,,,,,,,,,,,,,,,,,,,,,,,,,,,,,,,,,,,,,,,,3.219256639480591,,,,,,,,,,,,,,,,,,,,,,,,,,,,,,,,,,,,,,,,,,,,,,,,,
70,,3407,,,,,,,,,,,,,,,,,,,,,,,,,,,,,,,,,,,,,,,,,,,,,,,,,,,,0.8594312071800232,0.6731439828872681,0.031192660331726074,0.1779816597700119,0.27155962586402893,0.10458716005086899,0.02352803386747837,0.01990395225584507,0.018650425598025322,0.04665039852261543,0.05961694195866585,0.034865736961364746,0.0,0.0,0.0,0.0,0.0,0.0,0.0,0.0,0.14403973519802094,0.444536417722702,0.5551324486732483,0.3337748348712921,0.06820071488618851,0.06598745286464691,0.07576534152030945,0.13504236936569214,0.15044352412223816,0.11708618700504303,0.877907395362854,0.1552320271730423,0.4709736108779907,0.5832574963569641,0.3565059006214142,0.07263140380382538,0.07055806368589401,0.08143006265163422,0.14380915462970734,0.15945179760456085,0.12524090707302094,0.031078610569238663,0.1773308962583542,0.2705667316913605,0.10420475900173187,0.018582232296466827,0.046479832381010056,0.05939896032214165,0.03473825752735138
70,,3407,,,,,,,,,,,,,,,,,,,,,,,,,,,,,,,,,,,,,,,,,,,,,,,,,,3.2142512798309326,,,,,,,,,,,,,,,,,,,,,,,,,,,,,,,,,,,,,,,,,,,,,,,,,,
,0.001,3449,,,,,,,,,,,,,,,,,,,,,,,,,,,,,,,,,,,,,,,,,,,,,,,,,,,,,,,,,,,,,,,,,,,,,,,,,,,,,,,,,,,,,,,,,,,,,,,,,,,,
71,,3449,,,,,,,,,,,,,,,,,,,,,,,,,,,,,,,,,,,,,,,,,,,,,,,,,,,3.1877548694610596,,,,,,,,,,,,,,,,,,,,,,,,,,,,,,,,,,,,,,,,,,,,,,,,,
71,,3455,,,,,,,,,,,,,,,,,,,,,,,,,,,,,,,,,,,,,,,,,,,,,,,,,,,,0.8596968650817871,0.6754353046417236,0.038532111793756485,0.1779816597700119,0.2697247862815857,0.10642202198505402,0.022940928116440773,0.01930771768093109,0.020290449261665344,0.04622415080666542,0.05896374210715294,0.03481556102633476,0.0,0.0,0.0,0.0,0.0,0.0,0.0,0.0,0.14536423981189728,0.4417218565940857,0.5549668669700623,0.3372516632080078,0.06843550503253937,0.06622141599655151,0.07613910734653473,0.13498464226722717,0.1508176326751709,0.1180645078420639,0.8779719471931458,0.15595996379852295,0.46787989139556885,0.5832574963569641,0.36014556884765625,0.07294770330190659,0.07087436318397522,0.08167822659015656,0.14378800988197327,0.15992778539657593,0.1263212263584137,0.038391225039958954,0.1773308962583542,0.2687385678291321,0.10603290796279907,0.020216260105371475,0.0460551455616951,0.05874815210700035,0.03468826413154602
71,,3455,,,,,,,,,,,,,,,,,,,,,,,,,,,,,,,,,,,,,,,,,,,,,,,,,,3.2152702808380127,,,,,,,,,,,,,,,,,,,,,,,,,,,,,,,,,,,,,,,,,,,,,,,,,,
,0.001,3499,,,,,,,,,,,,,,,,,,,,,,,,,,,,,,,,,,,,,,,,,,,,,,,,,,,,,,,,,,,,,,,,,,,,,,,,,,,,,,,,,,,,,,,,,,,,,,,,,,,,
72,,3499,,,,,,,,,,,,,,,,,,,,,,,,,,,,,,,,,,,,,,,,,,,,,,,,,,,3.161689281463623,,,,,,,,,,,,,,,,,,,,,,,,,,,,,,,,,,,,,,,,,,,,,,,,,
72,,3503,,,,,,,,,,,,,,,,,,,,,,,,,,,,,,,,,,,,,,,,,,,,,,,,,,,,0.8593317866325378,0.6842791438102722,0.03486238420009613,0.18165138363838196,0.2697247862815857,0.11009174585342407,0.02265479415655136,0.01902158372104168,0.01895179972052574,0.04650041088461876,0.058751512318849564,0.03509877249598503,0.0,0.0,0.0,0.0,0.0,0.0,0.0,0.0,0.14668874442577362,0.444536417722702,0.5551324486732483,0.3341059684753418,0.0694270208477974,0.0672137439250946,0.07732442021369934,0.13622142374515533,0.15167920291423798,0.11831264197826385,0.8766936659812927,0.15777979791164398,0.4706096351146698,0.5834394693374634,0.3563239276409149,0.07406593859195709,0.07199349999427795,0.08311387896537781,0.1451200395822525,0.16089586913585663,0.1265658736228943,0.03473491966724396,0.18098720908164978,0.2687385678291321,0.10968922078609467,0.01888250559568405,0.046330392360687256,0.058536697179079056,0.03497043997049332
72,,3503,,,,,,,,,,,,,,,,,,,,,,,,,,,,,,,,,,,,,,,,,,,,,,,,,,3.2145869731903076,,,,,,,,,,,,,,,,,,,,,,,,,,,,,,,,,,,,,,,,,,,,,,,,,,
,0.001,3549,,,,,,,,,,,,,,,,,,,,,,,,,,,,,,,,,,,,,,,,,,,,,,,,,,,,,,,,,,,,,,,,,,,,,,,,,,,,,,,,,,,,,,,,,,,,,,,,,,,,
73,,3549,,,,,,,,,,,,,,,,,,,,,,,,,,,,,,,,,,,,,,,,,,,,,,,,,,,3.353214979171753,,,,,,,,,,,,,,,,,,,,,,,,,,,,,,,,,,,,,,,,,,,,,,,,,
73,,3551,,,,,,,,,,,,,,,,,,,,,,,,,,,,,,,,,,,,,,,,,,,,,,,,,,,,0.8589673042297363,0.6788606643676758,0.03486238420009613,0.17981651425361633,0.26605504751205444,0.1119266077876091,0.02447054162621498,0.020819073542952538,0.02041596919298172,0.04792536422610283,0.05987926945090294,0.03710847347974777,0.0,0.0,0.0,0.0,0.0,0.0,0.0,0.0,0.14304636418819427,0.4428808093070984,0.556291401386261,0.33311259746551514,0.06800221651792526,0.06579471379518509,0.07519401609897614,0.13462069630622864,0.15044990181922913,0.11682630330324173,0.8768304586410522,0.153776153922081,0.46897178888320923,0.5850773453712463,0.3550500273704529,0.07231973111629486,0.07025544345378876,0.0806269645690918,0.1432192325592041,0.1594328135251999,0.12473279982805252,0.03473491966724396,0.17915906012058258,0.2650822699069977,0.11151736974716187,0.02034132368862629,0.047750137746334076,0.05966033414006233,0.03697279468178749
73,,3551,,,,,,,,,,,,,,,,,,,,,,,,,,,,,,,,,,,,,,,,,,,,,,,,,,3.214050531387329,,,,,,,,,,,,,,,,,,,,,,,,,,,,,,,,,,,,,,,,,,,,,,,,,,
,0.001,3599,,,,,,,,,,,,,,,,,,,,,,,,,,,,,,,,,,,,,,,,,,,,,,,,,,,,,,,,,,,,,,,,,,,,,,,,,,,,,,,,,,,,,,,,,,,,,,,,,,,,
74,,3599,,,,,,,,,,,,,,,,,,,,,,,,,,,,,,,,,,,,,,,,,,,,,,,,,,,3.301542282104492,,,,,,,,,,,,,,,,,,,,,,,,,,,,,,,,,,,,,,,,,,,,,,,,,
74,,3599,,,,,,,,,,,,,,,,,,,,,,,,,,,,,,,,,,,,,,,,,,,,,,,,,,,,0.8602856397628784,0.6803886294364929,0.03669724613428116,0.17981651425361633,0.2623853087425232,0.10825688391923904,0.022836709395051003,0.019166985526680946,0.019499486312270164,0.04655373468995094,0.058108385652303696,0.035067230463027954,0.0,0.0,0.0,0.0,0.0,0.0,0.0,0.0,0.1435430496931076,0.44072848558425903,0.5536423921585083,0.3367549777030945,0.06939373910427094,0.0671730563044548,0.07648200541734695,0.1354164332151413,0.15120211243629456,0.11859297752380371,0.878127932548523,0.15414012968540192,0.4666059911251068,0.5825295448303223,0.3594176471233368,0.07401131093502045,0.07193434238433838,0.08213358372449875,0.144229918718338,0.1604352593421936,0.12687714397907257,0.036563072353601456,0.17915906012058258,0.2614259719848633,0.10786106437444687,0.0194281917065382,0.04638352245092392,0.057895924896001816,0.03493901714682579
74,,3599,,,,,,,,,,,,,,,,,,,,,,,,,,,,,,,,,,,,,,,,,,,,,,,,,,3.2151033878326416,,,,,,,,,,,,,,,,,,,,,,,,,,,,,,,,,,,,,,,,,,,,,,,,,,
75,,3647,,,,,,,,,,,,,,,,,,,,,,,,,,,,,,,,,,,,,,,,,,,,,,,,,,,,0.8604576587677002,0.6764468550682068,0.0330275222659111,0.17431192100048065,0.26788991689682007,0.10275229811668396,0.021342607215046883,0.01770026981830597,0.01776823401451111,0.044282734394073486,0.057342529296875,0.032747406512498856,0.0,0.0,0.0,0.0,0.0,0.0,0.0,0.0,0.1470198631286621,0.4440397322177887,0.5571191906929016,0.3367549777030945,0.06676431000232697,0.0645609200000763,0.07541105896234512,0.13397759199142456,0.14976359903812408,0.11664849519729614,0.8787080645561218,0.15832574665546417,0.47079160809516907,0.5858052372932434,0.359963595867157,0.07126927375793457,0.06920859962701797,0.08112812787294388,0.142873615026474,0.15893001854419708,0.12496988475322723,0.03290676325559616,0.1736745983362198,0.2669104337692261,0.10237660259008408,0.01770326867699623,0.044120825827121735,0.05713287368416786,0.03262767568230629
75,,3647,,,,,,,,,,,,,,,,,,,,,,,,,,,,,,,,,,,,,,,,,,,,,,,,,,3.2135534286499023,,,,,,,,,,,,,,,,,,,,,,,,,,,,,,,,,,,,,,,,,,,,,,,,,,
,0.001,3649,,,,,,,,,,,,,,,,,,,,,,,,,,,,,,,,,,,,,,,,,,,,,,,,,,,,,,,,,,,,,,,,,,,,,,,,,,,,,,,,,,,,,,,,,,,,,,,,,,,,
76,,3649,,,,,,,,,,,,,,,,,,,,,,,,,,,,,,,,,,,,,,,,,,,,,,,,,,,3.1177916526794434,,,,,,,,,,,,,,,,,,,,,,,,,,,,,,,,,,,,,,,,,,,,,,,,,
76,,3695,,,,,,,,,,,,,,,,,,,,,,,,,,,,,,,,,,,,,,,,,,,,,,,,,,,,0.8605061173439026,0.6796203851699829,0.031192660331726074,0.17981651425361633,0.26788991689682007,0.11376146972179413,0.01918097771704197,0.015538637526333332,0.015277325175702572,0.04370727017521858,0.05599316582083702,0.033069901168346405,0.0,0.0,0.0,0.0,0.0,0.0,0.0,0.0,0.1438741683959961,0.4408940374851227,0.5528146028518677,0.3349337875843048,0.06843044608831406,0.06620563566684723,0.07572473585605621,0.13483460247516632,0.15047216415405273,0.11762230843305588,0.8784465789794922,0.15505003929138184,0.46678799390792847,0.5810737013816833,0.3568698763847351,0.07331505417823792,0.07123084366321564,0.08171997219324112,0.1438726931810379,0.15984268486499786,0.1260082870721817,0.031078610569238663,0.17915906012058258,0.2669104337692261,0.11334552615880966,0.01522146724164486,0.043547458946704865,0.055788442492485046,0.03294898942112923
76,,3695,,,,,,,,,,,,,,,,,,,,,,,,,,,,,,,,,,,,,,,,,,,,,,,,,,3.211839437484741,,,,,,,,,,,,,,,,,,,,,,,,,,,,,,,,,,,,,,,,,,,,,,,,,,
,0.001,3699,,,,,,,,,,,,,,,,,,,,,,,,,,,,,,,,,,,,,,,,,,,,,,,,,,,,,,,,,,,,,,,,,,,,,,,,,,,,,,,,,,,,,,,,,,,,,,,,,,,,
77,,3699,,,,,,,,,,,,,,,,,,,,,,,,,,,,,,,,,,,,,,,,,,,,,,,,,,,3.1752569675445557,,,,,,,,,,,,,,,,,,,,,,,,,,,,,,,,,,,,,,,,,,,,,,,,,
77,,3743,,,,,,,,,,,,,,,,,,,,,,,,,,,,,,,,,,,,,,,,,,,,,,,,,,,,0.8595324158668518,0.6777311563491821,0.03669724613428116,0.18532110750675201,0.2623853087425232,0.11009174585342407,0.01945558376610279,0.015785859897732735,0.016868462786078453,0.044941991567611694,0.055763114243745804,0.03284553065896034,0.0,0.0,0.0,0.0,0.0,0.0,0.0,0.0,0.14552980661392212,0.4417218565940857,0.5526490211486816,0.3344371020793915,0.06988763809204102,0.06766200810670853,0.07734330743551254,0.13608747720718384,0.15162323415279388,0.11866014450788498,0.8775635957717896,0.15632392466068268,0.467151939868927,0.5814376473426819,0.35668790340423584,0.07488953322172165,0.07280714064836502,0.08334126323461533,0.14512737095355988,0.16113072633743286,0.1271713227033615,0.036563072353601456,0.18464352190494537,0.2614259719848633,0.10968922078609467,0.016806786879897118,0.04477767273783684,0.05555922910571098,0.032725438475608826
77,,3743,,,,,,,,,,,,,,,,,,,,,,,,,,,,,,,,,,,,,,,,,,,,,,,,,,3.2133824825286865,,,,,,,,,,,,,,,,,,,,,,,,,,,,,,,,,,,,,,,,,,,,,,,,,,
,0.001,3749,,,,,,,,,,,,,,,,,,,,,,,,,,,,,,,,,,,,,,,,,,,,,,,,,,,,,,,,,,,,,,,,,,,,,,,,,,,,,,,,,,,,,,,,,,,,,,,,,,,,
78,,3749,,,,,,,,,,,,,,,,,,,,,,,,,,,,,,,,,,,,,,,,,,,,,,,,,,,3.3620643615722656,,,,,,,,,,,,,,,,,,,,,,,,,,,,,,,,,,,,,,,,,,,,,,,,,
78,,3791,,,,,,,,,,,,,,,,,,,,,,,,,,,,,,,,,,,,,,,,,,,,,,,,,,,,0.859663188457489,0.6807469129562378,0.03486238420009613,0.18715596199035645,0.2642201781272888,0.10825688391923904,0.019331052899360657,0.01567045785486698,0.01631906069815159,0.044907841831445694,0.055687181651592255,0.0322442352771759,0.0,0.0,0.0,0.0,0.0,0.0,0.0,0.0,0.14072847366333008,0.43890729546546936,0.5551324486732483,0.33162251114845276,0.0675119087100029,0.0652986392378807,0.07430259138345718,0.13350428640842438,0.1497688740491867,0.1161026731133461,0.8774082660675049,0.1512283831834793,0.46387624740600586,0.583985447883606,0.35377615690231323,0.07229053974151611,0.07022082060575485,0.08005345612764359,0.1422913670539856,0.1590999960899353,0.12441982328891754,0.03473491966724396,0.18647167086601257,0.2632541060447693,0.10786106437444687,0.016259392723441124,0.04474364593625069,0.05548357218503952,0.03212633728981018
78,,3791,,,,,,,,,,,,,,,,,,,,,,,,,,,,,,,,,,,,,,,,,,,,,,,,,,3.2105956077575684,,,,,,,,,,,,,,,,,,,,,,,,,,,,,,,,,,,,,,,,,,,,,,,,,,
,0.001,3799,,,,,,,,,,,,,,,,,,,,,,,,,,,,,,,,,,,,,,,,,,,,,,,,,,,,,,,,,,,,,,,,,,,,,,,,,,,,,,,,,,,,,,,,,,,,,,,,,,,,
79,,3799,,,,,,,,,,,,,,,,,,,,,,,,,,,,,,,,,,,,,,,,,,,,,,,,,,,3.1914868354797363,,,,,,,,,,,,,,,,,,,,,,,,,,,,,,,,,,,,,,,,,,,,,,,,,
79,,3839,,,,,,,,,,,,,,,,,,,,,,,,,,,,,,,,,,,,,,,,,,,,,,,,,,,,0.8591480851173401,0.6686363816261292,0.029357798397541046,0.16697247326374054,0.2623853087425232,0.10458716005086899,0.02178667113184929,0.018116945400834084,0.017171461135149002,0.04339370131492615,0.05682390555739403,0.03332696110010147,0.0,0.0,0.0,0.0,0.0,0.0,0.0,0.0,0.151986762881279,0.4408940374851227,0.5572847723960876,0.3367549777030945,0.06977172195911407,0.06756915897130966,0.07909391075372696,0.13599397242069244,0.15226876735687256,0.11910752207040787,0.8780432343482971,0.1641492247581482,0.4680618643760681,0.5865331888198853,0.3597816228866577,0.07453092932701111,0.07247387617826462,0.08523543924093246,0.1451781690120697,0.16173507273197174,0.1276153177022934,0.029250457882881165,0.1663619726896286,0.2614259719848633,0.10420475900173187,0.017108676955103874,0.043235041201114655,0.05661614239215851,0.03320510685443878
79,,3839,,,,,,,,,,,,,,,,,,,,,,,,,,,,,,,,,,,,,,,,,,,,,,,,,,3.2087440490722656,,,,,,,,,,,,,,,,,,,,,,,,,,,,,,,,,,,,,,,,,,,,,,,,,,
,0.001,3849,,,,,,,,,,,,,,,,,,,,,,,,,,,,,,,,,,,,,,,,,,,,,,,,,,,,,,,,,,,,,,,,,,,,,,,,,,,,,,,,,,,,,,,,,,,,,,,,,,,,
80,,3849,,,,,,,,,,,,,,,,,,,,,,,,,,,,,,,,,,,,,,,,,,,,,,,,,,,3.1645967960357666,,,,,,,,,,,,,,,,,,,,,,,,,,,,,,,,,,,,,,,,,,,,,,,,,
80,,3887,,,,,,,,,,,,,,,,,,,,,,,,,,,,,,,,,,,,,,,,,,,,,,,,,,,,0.8600245714187622,0.6806054711341858,0.031192660331726074,0.18715596199035645,0.26605504751205444,0.10458716005086899,0.024415938183665276,0.02076447196304798,0.01912042498588562,0.048691440373659134,0.059745363891124725,0.03539832681417465,0.0,0.0,0.0,0.0,0.0,0.0,0.0,0.0,0.14221854507923126,0.44354304671287537,0.5552980303764343,0.33625829219818115,0.06841340661048889,0.06620095670223236,0.07535118609666824,0.13504809141159058,0.1506614238023758,0.11766497790813446,0.8778194785118103,0.1532302051782608,0.46897178888320923,0.583985447883606,0.3592356741428375,0.07277712225914001,0.07070740312337875,0.08092821389436722,0.1436130404472351,0.15967857837677002,0.12582427263259888,0.031078610569238663,0.18647167086601257,0.2650822699069977,0.10420475900173187,0.019050514325499535,0.04851340875029564,0.059526924043893814,0.03526889905333519
80,,3887,,,,,,,,,,,,,,,,,,,,,,,,,,,,,,,,,,,,,,,,,,,,,,,,,,3.2086148262023926,,,,,,,,,,,,,,,,,,,,,,,,,,,,,,,,,,,,,,,,,,,,,,,,,,
,0.001,3899,,,,,,,,,,,,,,,,,,,,,,,,,,,,,,,,,,,,,,,,,,,,,,,,,,,,,,,,,,,,,,,,,,,,,,,,,,,,,,,,,,,,,,,,,,,,,,,,,,,,
81,,3899,,,,,,,,,,,,,,,,,,,,,,,,,,,,,,,,,,,,,,,,,,,,,,,,,,,3.1091983318328857,,,,,,,,,,,,,,,,,,,,,,,,,,,,,,,,,,,,,,,,,,,,,,,,,
81,,3935,,,,,,,,,,,,,,,,,,,,,,,,,,,,,,,,,,,,,,,,,,,,,,,,,,,,0.8599233627319336,0.6727728843688965,0.029357798397541046,0.17431192100048065,0.26788991689682007,0.1119266077876091,0.020229550078511238,0.016587210819125175,0.01569611392915249,0.04340937361121178,0.05643690004944801,0.033384066075086594,0.0,0.0,0.0,0.0,0.0,0.0,0.0,0.0,0.14304636418819427,0.4428808093070984,0.5576158761978149,0.3415563106536865,0.0680847093462944,0.06588380038738251,0.07507454603910446,0.13489967584609985,0.15093563497066498,0.1184881404042244,0.8784850239753723,0.15432210266590118,0.4695177376270294,0.586351215839386,0.3643312156200409,0.07283103466033936,0.07077307999134064,0.08096376061439514,0.14397378265857697,0.1603081077337265,0.12692883610725403,0.029250457882881165,0.1736745983362198,0.2669104337692261,0.11151736974716187,0.015638725832104683,0.04325065389275551,0.05623055249452591,0.03326200693845749
81,,3935,,,,,,,,,,,,,,,,,,,,,,,,,,,,,,,,,,,,,,,,,,,,,,,,,,3.209561586380005,,,,,,,,,,,,,,,,,,,,,,,,,,,,,,,,,,,,,,,,,,,,,,,,,,
,0.001,3949,,,,,,,,,,,,,,,,,,,,,,,,,,,,,,,,,,,,,,,,,,,,,,,,,,,,,,,,,,,,,,,,,,,,,,,,,,,,,,,,,,,,,,,,,,,,,,,,,,,,
82,,3949,,,,,,,,,,,,,,,,,,,,,,,,,,,,,,,,,,,,,,,,,,,,,,,,,,,3.2061145305633545,,,,,,,,,,,,,,,,,,,,,,,,,,,,,,,,,,,,,,,,,,,,,,,,,
82,,3983,,,,,,,,,,,,,,,,,,,,,,,,,,,,,,,,,,,,,,,,,,,,,,,,,,,,0.8595245480537415,0.6752186417579651,0.031192660331726074,0.17981651425361633,0.25871559977531433,0.10825688391923904,0.024044319987297058,0.02035634033381939,0.01913837157189846,0.047141365706920624,0.058241069316864014,0.035579975694417953,0.0,0.0,0.0,0.0,0.0,0.0,0.0,0.0,0.14602649211883545,0.43543046712875366,0.5493377447128296,0.33195364475250244,0.06863663345575333,0.06639453023672104,0.07669500261545181,0.13397903740406036,0.14993329346179962,0.11722555011510849,0.8778042197227478,0.15741582214832306,0.460782527923584,0.5781619548797607,0.35414013266563416,0.07305935025215149,0.0709606483578682,0.0824035257101059,0.1425916999578476,0.15902739763259888,0.12532323598861694,0.031078610569238663,0.17915906012058258,0.2577696740627289,0.10786106437444687,0.019068395718932152,0.04696900025010109,0.058028120547533035,0.035449884831905365
82,,3983,,,,,,,,,,,,,,,,,,,,,,,,,,,,,,,,,,,,,,,,,,,,,,,,,,3.208224058151245,,,,,,,,,,,,,,,,,,,,,,,,,,,,,,,,,,,,,,,,,,,,,,,,,,
,0.001,3999,,,,,,,,,,,,,,,,,,,,,,,,,,,,,,,,,,,,,,,,,,,,,,,,,,,,,,,,,,,,,,,,,,,,,,,,,,,,,,,,,,,,,,,,,,,,,,,,,,,,
83,,3999,,,,,,,,,,,,,,,,,,,,,,,,,,,,,,,,,,,,,,,,,,,,,,,,,,,3.1827926635742188,,,,,,,,,,,,,,,,,,,,,,,,,,,,,,,,,,,,,,,,,,,,,,,,,
83,,4031,,,,,,,,,,,,,,,,,,,,,,,,,,,,,,,,,,,,,,,,,,,,,,,,,,,,0.8591362237930298,0.6785587072372437,0.03669724613428116,0.18715596199035645,0.26605504751205444,0.10275229811668396,0.023469999432563782,0.01981852948665619,0.020386911928653717,0.04807998239994049,0.05902145802974701,0.034425362944602966,0.0,0.0,0.0,0.0,0.0,0.0,0.0,0.0,0.15000000596046448,0.4440397322177887,0.5566225051879883,0.34122517704963684,0.07116688042879105,0.0689610168337822,0.0793745145201683,0.1376606822013855,0.1533925086259842,0.12100323289632797,0.8770460486412048,0.16123747825622559,0.4695177376270294,0.5854412913322449,0.3648771643638611,0.07589749991893768,0.07383502274751663,0.08522496372461319,0.1465453952550888,0.16275231540203094,0.12959012389183044,0.036563072353601456,0.18647167086601257,0.2650822699069977,0.10237660259008408,0.020312370732426643,0.04790418595075607,0.05880565941333771,0.034299492835998535
83,,4031,,,,,,,,,,,,,,,,,,,,,,,,,,,,,,,,,,,,,,,,,,,,,,,,,,3.2080469131469727,,,,,,,,,,,,,,,,,,,,,,,,,,,,,,,,,,,,,,,,,,,,,,,,,,
,0.001,4049,,,,,,,,,,,,,,,,,,,,,,,,,,,,,,,,,,,,,,,,,,,,,,,,,,,,,,,,,,,,,,,,,,,,,,,,,,,,,,,,,,,,,,,,,,,,,,,,,,,,
84,,4049,,,,,,,,,,,,,,,,,,,,,,,,,,,,,,,,,,,,,,,,,,,,,,,,,,,3.150217056274414,,,,,,,,,,,,,,,,,,,,,,,,,,,,,,,,,,,,,,,,,,,,,,,,,
84,,4079,,,,,,,,,,,,,,,,,,,,,,,,,,,,,,,,,,,,,,,,,,,,,,,,,,,,0.859408974647522,0.6753184199333191,0.038532111793756485,0.18532110750675201,0.26605504751205444,0.10825688391923904,0.02180086262524128,0.018149394541978836,0.019313586875796318,0.04681248962879181,0.05805236101150513,0.03438730537891388,0.0,0.0,0.0,0.0,0.0,0.0,0.0,0.0,0.15066225826740265,0.44619205594062805,0.5556291341781616,0.34238409996032715,0.06961777806282043,0.06740698218345642,0.07826384902000427,0.13702145218849182,0.15234722197055817,0.1201801672577858,0.8776671886444092,0.16178344190120697,0.4720655083656311,0.5843493938446045,0.36560508608818054,0.07436031103134155,0.07229239493608475,0.08411058783531189,0.1459684520959854,0.16169948875904083,0.12868918478488922,0.038391225039958954,0.18464352190494537,0.2650822699069977,0.10786106437444687,0.019242972135543823,0.04664132744073868,0.057840101420879364,0.03426157683134079
84,,4079,,,,,,,,,,,,,,,,,,,,,,,,,,,,,,,,,,,,,,,,,,,,,,,,,,3.2064292430877686,,,,,,,,,,,,,,,,,,,,,,,,,,,,,,,,,,,,,,,,,,,,,,,,,,
,0.001,4099,,,,,,,,,,,,,,,,,,,,,,,,,,,,,,,,,,,,,,,,,,,,,,,,,,,,,,,,,,,,,,,,,,,,,,,,,,,,,,,,,,,,,,,,,,,,,,,,,,,,
85,,4099,,,,,,,,,,,,,,,,,,,,,,,,,,,,,,,,,,,,,,,,,,,,,,,,,,,3.2435219287872314,,,,,,,,,,,,,,,,,,,,,,,,,,,,,,,,,,,,,,,,,,,,,,,,,
85,,4127,,,,,,,,,,,,,,,,,,,,,,,,,,,,,,,,,,,,,,,,,,,,,,,,,,,,0.8597323894500732,0.6803684234619141,0.04403669759631157,0.18899083137512207,0.26788991689682007,0.10642202198505402,0.02472051978111267,0.02107818052172661,0.023102452978491783,0.049709949642419815,0.06063418835401535,0.03635959327220917,0.0,0.0,0.0,0.0,0.0,0.0,0.0,0.0,0.14519867300987244,0.4420529901981354,0.5559602975845337,0.33543047308921814,0.06932239979505539,0.0671132355928421,0.07678284496068954,0.13560821115970612,0.15155640244483948,0.11834188550710678,0.8775218725204468,0.1552320271730423,0.467151939868927,0.5845313668251038,0.35814374685287476,0.07374605536460876,0.07167904824018478,0.08210691809654236,0.14412768185138702,0.16057415306568146,0.12647296488285065,0.04387568682432175,0.18829981982707977,0.2669104337692261,0.10603290796279907,0.02301798388361931,0.04952819645404816,0.06041249632835388,0.036226652562618256
85,,4127,,,,,,,,,,,,,,,,,,,,,,,,,,,,,,,,,,,,,,,,,,,,,,,,,,3.2081711292266846,,,,,,,,,,,,,,,,,,,,,,,,,,,,,,,,,,,,,,,,,,,,,,,,,,
,0.001,4149,,,,,,,,,,,,,,,,,,,,,,,,,,,,,,,,,,,,,,,,,,,,,,,,,,,,,,,,,,,,,,,,,,,,,,,,,,,,,,,,,,,,,,,,,,,,,,,,,,,,
86,,4149,,,,,,,,,,,,,,,,,,,,,,,,,,,,,,,,,,,,,,,,,,,,,,,,,,,3.123589277267456,,,,,,,,,,,,,,,,,,,,,,,,,,,,,,,,,,,,,,,,,,,,,,,,,
86,,4175,,,,,,,,,,,,,,,,,,,,,,,,,,,,,,,,,,,,,,,,,,,,,,,,,,,,0.8593346476554871,0.6723310351371765,0.03669724613428116,0.18715596199035645,0.25871559977531433,0.11376146972179413,0.022676464170217514,0.018988482654094696,0.01950836554169655,0.04748519882559776,0.05756597965955734,0.035717710852622986,0.0,0.0,0.0,0.0,0.0,0.0,0.0,0.0,0.14983443915843964,0.4440397322177887,0.5556291341781616,0.33592715859413147,0.0684160441160202,0.06620524078607559,0.07741853594779968,0.13534805178642273,0.15096551179885864,0.11785446107387543,0.8778818845748901,0.16105550527572632,0.4695177376270294,0.5850773453712463,0.3579617738723755,0.07295253872871399,0.07088825106620789,0.08316212892532349,0.14406238496303558,0.16022898256778717,0.12600086629390717,0.036563072353601456,0.18647167086601257,0.2577696740627289,0.11334552615880966,0.019437037408351898,0.04731157794594765,0.057355500757694244,0.035587117075920105
86,,4175,,,,,,,,,,,,,,,,,,,,,,,,,,,,,,,,,,,,,,,,,,,,,,,,,,3.2065086364746094,,,,,,,,,,,,,,,,,,,,,,,,,,,,,,,,,,,,,,,,,,,,,,,,,,
,0.001,4199,,,,,,,,,,,,,,,,,,,,,,,,,,,,,,,,,,,,,,,,,,,,,,,,,,,,,,,,,,,,,,,,,,,,,,,,,,,,,,,,,,,,,,,,,,,,,,,,,,,,
87,,4199,,,,,,,,,,,,,,,,,,,,,,,,,,,,,,,,,,,,,,,,,,,,,,,,,,,3.214874267578125,,,,,,,,,,,,,,,,,,,,,,,,,,,,,,,,,,,,,,,,,,,,,,,,,
87,,4223,,,,,,,,,,,,,,,,,,,,,,,,,,,,,,,,,,,,,,,,,,,,,,,,,,,,0.8595737218856812,0.6753177046775818,0.04403669759631157,0.1834862381219864,0.2623853087425232,0.11376146972179413,0.027530312538146973,0.023860588669776917,0.025143938139081,0.0510212667286396,0.062060870230197906,0.03982294350862503,0.0,0.0,0.0,0.0,0.0,0.0,0.0,0.0,0.15066225826740265,0.441390722990036,0.558112621307373,0.3372516632080078,0.07058797776699066,0.06838953495025635,0.07926860451698303,0.1367647796869278,0.15309324860572815,0.11990546435117722,0.8778484463691711,0.16123747825622559,0.46696996688842773,0.5874431133270264,0.3594176471233368,0.07485847920179367,0.07280595600605011,0.08463674783706665,0.14526891708374023,0.16212192177772522,0.12784813344478607,0.04387568682432175,0.18281535804271698,0.2614259719848633,0.11334552615880966,0.025052007287740707,0.050834719091653824,0.06183396279811859,0.03967733681201935
87,,4223,,,,,,,,,,,,,,,,,,,,,,,,,,,,,,,,,,,,,,,,,,,,,,,,,,3.202253818511963,,,,,,,,,,,,,,,,,,,,,,,,,,,,,,,,,,,,,,,,,,,,,,,,,,
,0.001,4249,,,,,,,,,,,,,,,,,,,,,,,,,,,,,,,,,,,,,,,,,,,,,,,,,,,,,,,,,,,,,,,,,,,,,,,,,,,,,,,,,,,,,,,,,,,,,,,,,,,,
88,,4249,,,,,,,,,,,,,,,,,,,,,,,,,,,,,,,,,,,,,,,,,,,,,,,,,,,3.2020938396453857,,,,,,,,,,,,,,,,,,,,,,,,,,,,,,,,,,,,,,,,,,,,,,,,,
88,,4271,,,,,,,,,,,,,,,,,,,,,,,,,,,,,,,,,,,,,,,,,,,,,,,,,,,,0.8604262471199036,0.6682002544403076,0.03669724613428116,0.17981651425361633,0.2568807303905487,0.10825688391923904,0.023741748183965683,0.020044637843966484,0.020630134269595146,0.04700625687837601,0.05774669721722603,0.0355195477604866,0.0,0.0,0.0,0.0,0.0,0.0,0.0,0.0,0.14917218685150146,0.44470199942588806,0.5554636120796204,0.3360927104949951,0.07023739069700241,0.06802576780319214,0.07866782695055008,0.1368761509656906,0.15233324468135834,0.11930438876152039,0.8794914484024048,0.16032756865024567,0.4709736108779907,0.5850773453712463,0.35868972539901733,0.07484886795282364,0.07278458029031754,0.08442407101392746,0.14578953385353088,0.16171443462371826,0.12761425971984863,0.036563072353601456,0.17915906012058258,0.2559415102005005,0.10786106437444687,0.02055470459163189,0.04683439061045647,0.0575355589389801,0.03538968041539192
88,,4271,,,,,,,,,,,,,,,,,,,,,,,,,,,,,,,,,,,,,,,,,,,,,,,,,,3.204455614089966,,,,,,,,,,,,,,,,,,,,,,,,,,,,,,,,,,,,,,,,,,,,,,,,,,
,0.001,4299,,,,,,,,,,,,,,,,,,,,,,,,,,,,,,,,,,,,,,,,,,,,,,,,,,,,,,,,,,,,,,,,,,,,,,,,,,,,,,,,,,,,,,,,,,,,,,,,,,,,
89,,4299,,,,,,,,,,,,,,,,,,,,,,,,,,,,,,,,,,,,,,,,,,,,,,,,,,,3.225961685180664,,,,,,,,,,,,,,,,,,,,,,,,,,,,,,,,,,,,,,,,,,,,,,,,,
89,,4319,,,,,,,,,,,,,,,,,,,,,,,,,,,,,,,,,,,,,,,,,,,,,,,,,,,,0.8600348234176636,0.6789235472679138,0.04036697372794151,0.18899083137512207,0.2623853087425232,0.11376146972179413,0.020217325538396835,0.01654759980738163,0.018524618819355965,0.046103689819574356,0.05627783015370369,0.034082502126693726,0.0,0.0,0.0,0.0,0.0,0.0,0.0,0.0,0.14652317762374878,0.4478476941585541,0.5584437251091003,0.3352648913860321,0.0703420415520668,0.06814524531364441,0.07787983119487762,0.1374317854642868,0.15286731719970703,0.11923138797283173,0.877997636795044,0.15705186128616333,0.4735213816165924,0.5878070592880249,0.35723385214805603,0.07531346380710602,0.07326275110244751,0.08376674354076385,0.14648979902267456,0.16244715452194214,0.12767654657363892,0.04021938145160675,0.18829981982707977,0.2614259719848633,0.11334552615880966,0.01845688745379448,0.045935120433568954,0.056072067469358444,0.033957887440919876
89,,4319,,,,,,,,,,,,,,,,,,,,,,,,,,,,,,,,,,,,,,,,,,,,,,,,,,3.203160524368286,,,,,,,,,,,,,,,,,,,,,,,,,,,,,,,,,,,,,,,,,,,,,,,,,,
,0.001,4349,,,,,,,,,,,,,,,,,,,,,,,,,,,,,,,,,,,,,,,,,,,,,,,,,,,,,,,,,,,,,,,,,,,,,,,,,,,,,,,,,,,,,,,,,,,,,,,,,,,,
90,,4349,,,,,,,,,,,,,,,,,,,,,,,,,,,,,,,,,,,,,,,,,,,,,,,,,,,3.1425154209136963,,,,,,,,,,,,,,,,,,,,,,,,,,,,,,,,,,,,,,,,,,,,,,,,,
90,,4367,,,,,,,,,,,,,,,,,,,,,,,,,,,,,,,,,,,,,,,,,,,,,,,,,,,,0.8593963384628296,0.6741933226585388,0.023853210732340813,0.17981651425361633,0.2568807303905487,0.10825688391923904,0.018475735560059547,0.014778625220060349,0.012752669863402843,0.04258349910378456,0.053412098437547684,0.031064661219716072,0.0,0.0,0.0,0.0,0.0,0.0,0.0,0.0,0.14884106814861298,0.44701987504959106,0.5586093068122864,0.3405629098415375,0.0702076181769371,0.06801164895296097,0.0783964991569519,0.13731256127357483,0.1529131680727005,0.12007404118776321,0.8777649998664856,0.16123747825622559,0.4735213816165924,0.5885350108146667,0.36360326409339905,0.0753384456038475,0.0732913613319397,0.08490712195634842,0.14670789241790771,0.16278178989887238,0.12890207767486572,0.02376599609851837,0.17915906012058258,0.2559415102005005,0.10786106437444687,0.012706042267382145,0.042427804321050644,0.053216807544231415,0.03095107711851597
90,,4367,,,,,,,,,,,,,,,,,,,,,,,,,,,,,,,,,,,,,,,,,,,,,,,,,,3.204000949859619,,,,,,,,,,,,,,,,,,,,,,,,,,,,,,,,,,,,,,,,,,,,,,,,,,
,0.001,4399,,,,,,,,,,,,,,,,,,,,,,,,,,,,,,,,,,,,,,,,,,,,,,,,,,,,,,,,,,,,,,,,,,,,,,,,,,,,,,,,,,,,,,,,,,,,,,,,,,,,
91,,4399,,,,,,,,,,,,,,,,,,,,,,,,,,,,,,,,,,,,,,,,,,,,,,,,,,,3.2401108741760254,,,,,,,,,,,,,,,,,,,,,,,,,,,,,,,,,,,,,,,,,,,,,,,,,
91,,4415,,,,,,,,,,,,,,,,,,,,,,,,,,,,,,,,,,,,,,,,,,,,,,,,,,,,0.8597118258476257,0.6681920886039734,0.03669724613428116,0.18715596199035645,0.25871559977531433,0.10458716005086899,0.023471234366297722,0.019783252850174904,0.02025817707180977,0.047887321561574936,0.05783578008413315,0.034682296216487885,0.0,0.0,0.0,0.0,0.0,0.0,0.0,0.0,0.1516556292772293,0.4428808093070984,0.5518211722373962,0.3379139006137848,0.07264697551727295,0.07041723281145096,0.08090505003929138,0.13876569271087646,0.15399283170700073,0.12177160382270813,0.8787068128585815,0.1630573272705078,0.4682438373565674,0.5808917284011841,0.36105549335479736,0.07752427458763123,0.07543916255235672,0.08692007511854172,0.14777912199497223,0.16352978348731995,0.13040921092033386,0.036563072353601456,0.18647167086601257,0.2577696740627289,0.10420475900173187,0.02018410712480545,0.047712232917547226,0.057624321430921555,0.03455548733472824
91,,4415,,,,,,,,,,,,,,,,,,,,,,,,,,,,,,,,,,,,,,,,,,,,,,,,,,3.2024948596954346,,,,,,,,,,,,,,,,,,,,,,,,,,,,,,,,,,,,,,,,,,,,,,,,,,
,0.001,4449,,,,,,,,,,,,,,,,,,,,,,,,,,,,,,,,,,,,,,,,,,,,,,,,,,,,,,,,,,,,,,,,,,,,,,,,,,,,,,,,,,,,,,,,,,,,,,,,,,,,
92,,4449,,,,,,,,,,,,,,,,,,,,,,,,,,,,,,,,,,,,,,,,,,,,,,,,,,,3.265058994293213,,,,,,,,,,,,,,,,,,,,,,,,,,,,,,,,,,,,,,,,,,,,,,,,,
92,,4463,,,,,,,,,,,,,,,,,,,,,,,,,,,,,,,,,,,,,,,,,,,,,,,,,,,,0.859686553478241,0.6750876903533936,0.03669724613428116,0.17981651425361633,0.26055046916007996,0.10275229811668396,0.026914093643426895,0.023235244676470757,0.02282833121716976,0.049473121762275696,0.06079815700650215,0.037091612815856934,0.0,0.0,0.0,0.0,0.0,0.0,0.0,0.0,0.15099337697029114,0.44652318954467773,0.559271514415741,0.33592715859413147,0.07046768814325333,0.06827501207590103,0.07925540208816528,0.13752883672714233,0.15325768291950226,0.11959569156169891,0.8779953122138977,0.16232939064502716,0.4729754328727722,0.5888990163803101,0.35905367136001587,0.07478737831115723,0.07274209707975388,0.08485189080238342,0.1462622880935669,0.16242791712284088,0.1277785301208496,0.036563072353601456,0.17915906012058258,0.2595978081226349,0.10237660259008408,0.022744864225387573,0.04929223656654358,0.06057586148381233,0.03695599362254143
92,,4463,,,,,,,,,,,,,,,,,,,,,,,,,,,,,,,,,,,,,,,,,,,,,,,,,,3.2046821117401123,,,,,,,,,,,,,,,,,,,,,,,,,,,,,,,,,,,,,,,,,,,,,,,,,,
,0.001,4499,,,,,,,,,,,,,,,,,,,,,,,,,,,,,,,,,,,,,,,,,,,,,,,,,,,,,,,,,,,,,,,,,,,,,,,,,,,,,,,,,,,,,,,,,,,,,,,,,,,,
93,,4499,,,,,,,,,,,,,,,,,,,,,,,,,,,,,,,,,,,,,,,,,,,,,,,,,,,3.3648128509521484,,,,,,,,,,,,,,,,,,,,,,,,,,,,,,,,,,,,,,,,,,,,,,,,,
93,,4511,,,,,,,,,,,,,,,,,,,,,,,,,,,,,,,,,,,,,,,,,,,,,,,,,,,,0.8589563965797424,0.6754331588745117,0.0330275222659111,0.1834862381219864,0.2642201781272888,0.1119266077876091,0.020390968769788742,0.016730373725295067,0.01682293601334095,0.045224275439977646,0.056488946080207825,0.03365034982562065,0.0,0.0,0.0,0.0,0.0,0.0,0.0,0.0,0.14768211543560028,0.4455298185348511,0.5600993633270264,0.33890730142593384,0.07008407264947891,0.06789550930261612,0.07797853648662567,0.13700753450393677,0.15304185450077057,0.11971128731966019,0.8771584630012512,0.15905368328094482,0.4715195596218109,0.5894449353218079,0.3614194691181183,0.0750126838684082,0.07297012209892273,0.08404400944709778,0.14611069858074188,0.16261807084083557,0.12824688851833344,0.03290676325559616,0.18281535804271698,0.2632541060447693,0.11151736974716187,0.016761425882577896,0.04505892097949982,0.0562824048101902,0.03352731838822365
93,,4511,,,,,,,,,,,,,,,,,,,,,,,,,,,,,,,,,,,,,,,,,,,,,,,,,,3.2021520137786865,,,,,,,,,,,,,,,,,,,,,,,,,,,,,,,,,,,,,,,,,,,,,,,,,,
,0.001,4549,,,,,,,,,,,,,,,,,,,,,,,,,,,,,,,,,,,,,,,,,,,,,,,,,,,,,,,,,,,,,,,,,,,,,,,,,,,,,,,,,,,,,,,,,,,,,,,,,,,,
94,,4549,,,,,,,,,,,,,,,,,,,,,,,,,,,,,,,,,,,,,,,,,,,,,,,,,,,3.266003131866455,,,,,,,,,,,,,,,,,,,,,,,,,,,,,,,,,,,,,,,,,,,,,,,,,
94,,4559,,,,,,,,,,,,,,,,,,,,,,,,,,,,,,,,,,,,,,,,,,,,,,,,,,,,0.8607676029205322,0.6749427914619446,0.031192660331726074,0.1981651335954666,0.26605504751205444,0.11743119359016418,0.021351540461182594,0.01770007237792015,0.016732238233089447,0.04822421073913574,0.05768904834985733,0.035256125032901764,0.0,0.0,0.0,0.0,0.0,0.0,0.0,0.0,0.15066225826740265,0.4506622552871704,0.5589404106140137,0.33592715859413147,0.06945282220840454,0.06725849956274033,0.07842356711626053,0.13735361397266388,0.1524558663368225,0.11876966804265976,0.879197895526886,0.16251136362552643,0.47570517659187317,0.587989091873169,0.35759779810905457,0.07422355562448502,0.07217375934123993,0.0845421776175499,0.14619354903697968,0.16185493767261505,0.12705262005329132,0.031078610569238663,0.19744059443473816,0.2650822699069977,0.11700183153152466,0.016671061515808105,0.04804788902401924,0.05747811868786812,0.035127218812704086
94,,4559,,,,,,,,,,,,,,,,,,,,,,,,,,,,,,,,,,,,,,,,,,,,,,,,,,3.202991485595703,,,,,,,,,,,,,,,,,,,,,,,,,,,,,,,,,,,,,,,,,,,,,,,,,,
,0.001,4599,,,,,,,,,,,,,,,,,,,,,,,,,,,,,,,,,,,,,,,,,,,,,,,,,,,,,,,,,,,,,,,,,,,,,,,,,,,,,,,,,,,,,,,,,,,,,,,,,,,,
95,,4599,,,,,,,,,,,,,,,,,,,,,,,,,,,,,,,,,,,,,,,,,,,,,,,,,,,3.150170087814331,,,,,,,,,,,,,,,,,,,,,,,,,,,,,,,,,,,,,,,,,,,,,,,,,
95,,4607,,,,,,,,,,,,,,,,,,,,,,,,,,,,,,,,,,,,,,,,,,,,,,,,,,,,0.8594666123390198,0.6706159114837646,0.04036697372794151,0.19449540972709656,0.2550458610057831,0.1119266077876091,0.019446315243840218,0.015740076079964638,0.01803121343255043,0.04606291651725769,0.05456869304180145,0.03292437642812729,0.0,0.0,0.0,0.0,0.0,0.0,0.0,0.0,0.15000000596046448,0.4440397322177887,0.559437096118927,0.3379139006137848,0.07108171284198761,0.06888985633850098,0.0793595165014267,0.1375182867050171,0.15367549657821655,0.12034372985363007,0.8781969547271729,0.16087351739406586,0.4687897861003876,0.5896269083023071,0.3603275716304779,0.07620296627283096,0.07416130602359772,0.08544211834669113,0.14658892154693604,0.16350498795509338,0.1290140599012375,0.04021938145160675,0.19378428161144257,0.2541133463382721,0.11151736974716187,0.0179652851074934,0.04589449614286423,0.05436917394399643,0.03280399367213249
95,,4607,,,,,,,,,,,,,,,,,,,,,,,,,,,,,,,,,,,,,,,,,,,,,,,,,,3.2009761333465576,,,,,,,,,,,,,,,,,,,,,,,,,,,,,,,,,,,,,,,,,,,,,,,,,,
,0.001,4649,,,,,,,,,,,,,,,,,,,,,,,,,,,,,,,,,,,,,,,,,,,,,,,,,,,,,,,,,,,,,,,,,,,,,,,,,,,,,,,,,,,,,,,,,,,,,,,,,,,,
96,,4649,,,,,,,,,,,,,,,,,,,,,,,,,,,,,,,,,,,,,,,,,,,,,,,,,,,3.2075984477996826,,,,,,,,,,,,,,,,,,,,,,,,,,,,,,,,,,,,,,,,,,,,,,,,,
96,,4655,,,,,,,,,,,,,,,,,,,,,,,,,,,,,,,,,,,,,,,,,,,,,,,,,,,,0.860438346862793,0.6701024174690247,0.0330275222659111,0.17614679038524628,0.26055046916007996,0.11009174585342407,0.02342299371957779,0.019744141027331352,0.019093822687864304,0.04615305736660957,0.057974882423877716,0.03547051176428795,0.0,0.0,0.0,0.0,0.0,0.0,0.0,0.0,0.15000000596046448,0.44420531392097473,0.5587748289108276,0.33592715859413147,0.07019677013158798,0.06800162047147751,0.07882046699523926,0.1369442194700241,0.15295736491680145,0.11935322731733322,0.879315972328186,0.1616014540195465,0.47079160809516907,0.5883530378341675,0.3583257496356964,0.07483584433794022,0.07278785109519958,0.08474420756101608,0.14594897627830505,0.16237781941890717,0.12767280638217926,0.03290676325559616,0.175502747297287,0.2595978081226349,0.10968922078609467,0.019024010747671127,0.045984309166669846,0.057762905955314636,0.035340819507837296
96,,4655,,,,,,,,,,,,,,,,,,,,,,,,,,,,,,,,,,,,,,,,,,,,,,,,,,3.2014849185943604,,,,,,,,,,,,,,,,,,,,,,,,,,,,,,,,,,,,,,,,,,,,,,,,,,
,0.001,4699,,,,,,,,,,,,,,,,,,,,,,,,,,,,,,,,,,,,,,,,,,,,,,,,,,,,,,,,,,,,,,,,,,,,,,,,,,,,,,,,,,,,,,,,,,,,,,,,,,,,
97,,4699,,,,,,,,,,,,,,,,,,,,,,,,,,,,,,,,,,,,,,,,,,,,,,,,,,,3.2147157192230225,,,,,,,,,,,,,,,,,,,,,,,,,,,,,,,,,,,,,,,,,,,,,,,,,
97,,4703,,,,,,,,,,,,,,,,,,,,,,,,,,,,,,,,,,,,,,,,,,,,,,,,,,,,0.8597124218940735,0.6735583543777466,0.038532111793756485,0.18715596199035645,0.25871559977531433,0.11743119359016418,0.025363130494952202,0.021675148978829384,0.021950626745820045,0.04976829141378403,0.05982709303498268,0.038555972278118134,0.0,0.0,0.0,0.0,0.0,0.0,0.0,0.0,0.1496688723564148,0.4455298185348511,0.559271514415741,0.3445364236831665,0.07158391177654266,0.06939123570919037,0.07976603507995605,0.13815709948539734,0.15405651926994324,0.12184114754199982,0.8781754374504089,0.1606915295124054,0.47115558385849,0.5890809893608093,0.36706095933914185,0.07616814225912094,0.07412376254796982,0.08550023287534714,0.14692360162734985,0.16340228915214539,0.13010145723819733,0.038391225039958954,0.18647167086601257,0.2577696740627289,0.11700183153152466,0.021870369091629982,0.04958632215857506,0.059608351439237595,0.03841499984264374
97,,4703,,,,,,,,,,,,,,,,,,,,,,,,,,,,,,,,,,,,,,,,,,,,,,,,,,3.201103925704956,,,,,,,,,,,,,,,,,,,,,,,,,,,,,,,,,,,,,,,,,,,,,,,,,,
,0.001,4749,,,,,,,,,,,,,,,,,,,,,,,,,,,,,,,,,,,,,,,,,,,,,,,,,,,,,,,,,,,,,,,,,,,,,,,,,,,,,,,,,,,,,,,,,,,,,,,,,,,,
98,,4749,,,,,,,,,,,,,,,,,,,,,,,,,,,,,,,,,,,,,,,,,,,,,,,,,,,3.2737579345703125,,,,,,,,,,,,,,,,,,,,,,,,,,,,,,,,,,,,,,,,,,,,,,,,,
98,,4751,,,,,,,,,,,,,,,,,,,,,,,,,,,,,,,,,,,,,,,,,,,,,,,,,,,,0.8594744205474854,0.677627444267273,0.03669724613428116,0.18165138363838196,0.2513761520385742,0.12110091745853424,0.0187552347779274,0.015030737034976482,0.01636757142841816,0.04374406859278679,0.053522344678640366,0.034106045961380005,0.0,0.0,0.0,0.0,0.0,0.0,0.0,0.0,0.15000000596046448,0.4432119131088257,0.553145706653595,0.3364238440990448,0.0697656199336052,0.06754246354103088,0.07841513305902481,0.13633859157562256,0.15174971520900726,0.11902311444282532,0.8775101900100708,0.16123747825622559,0.4691537618637085,0.5830755233764648,0.3577798008918762,0.07482488453388214,0.07275063544511795,0.08456907421350479,0.14552222192287445,0.1614920049905777,0.1274452656507492,0.036563072353601456,0.18098720908164978,0.2504570484161377,0.12065813690423965,0.016307726502418518,0.043584126979112625,0.05332665145397186,0.03398134559392929
98,,4751,,,,,,,,,,,,,,,,,,,,,,,,,,,,,,,,,,,,,,,,,,,,,,,,,,3.2005982398986816,,,,,,,,,,,,,,,,,,,,,,,,,,,,,,,,,,,,,,,,,,,,,,,,,,
,0.001,4799,,,,,,,,,,,,,,,,,,,,,,,,,,,,,,,,,,,,,,,,,,,,,,,,,,,,,,,,,,,,,,,,,,,,,,,,,,,,,,,,,,,,,,,,,,,,,,,,,,,,
99,,4799,,,,,,,,,,,,,,,,,,,,,,,,,,,,,,,,,,,,,,,,,,,,,,,,,,,3.2551443576812744,,,,,,,,,,,,,,,,,,,,,,,,,,,,,,,,,,,,,,,,,,,,,,,,,
99,,4799,,,,,,,,,,,,,,,,,,,,,,,,,,,,,,,,,,,,,,,,,,,,,,,,,,,,0.860034167766571,0.6737300157546997,0.03486238420009613,0.18532110750675201,0.2550458610057831,0.11559633165597916,0.025963274762034416,0.022257037460803986,0.02135246805846691,0.04970848560333252,0.05942167341709137,0.038543932139873505,0.0,0.0,0.0,0.0,0.0,0.0,0.0,0.0,0.15000000596046448,0.44503313302993774,0.5549668669700623,0.33973509073257446,0.07200805842876434,0.06979396194219589,0.08005163073539734,0.1385953426361084,0.15398801863193512,0.12153930962085724,0.8785119652748108,0.16141946613788605,0.47079160809516907,0.584713339805603,0.3619654178619385,0.07657482475042343,0.07450872659683228,0.08587347716093063,0.14741122722625732,0.16336719691753387,0.12977087497711182,0.03473491966724396,0.18464352190494537,0.2541133463382721,0.11517367511987686,0.021274397149682045,0.04952673241496086,0.05920441076159477,0.03840300440788269
99,,4799,,,,,,,,,,,,,,,,,,,,,,,,,,,,,,,,,,,,,,,,,,,,,,,,,,3.200228691101074,,,,,,,,,,,,,,,,,,,,,,,,,,,,,,,,,,,,,,,,,,,,,,,,,,
100,,4847,,,,,,,,,,,,,,,,,,,,,,,,,,,,,,,,,,,,,,,,,,,,,,,,,,,,0.8601565957069397,0.6776701211929321,0.03669724613428116,0.18165138363838196,0.27339449524879456,0.11926605552434921,0.02049349620938301,0.01687854342162609,0.017676208168268204,0.0452473945915699,0.05802002176642418,0.035181425511837006,0.0,0.0,0.0,0.0,0.0,0.0,0.0,0.0,0.14917218685150146,0.44420531392097473,0.5551324486732483,0.34039735794067383,0.07099001109600067,0.06877674162387848,0.07910572737455368,0.13751520216464996,0.15306039154529572,0.12071260809898376,0.8782557845115662,0.16032756865024567,0.4702456593513489,0.5830755233764648,0.3623293936252594,0.07599830627441406,0.07392405718564987,0.08519837260246277,0.14666642248630524,0.16248658299446106,0.1291956901550293,0.036563072353601456,0.18098720908164978,0.27239489555358887,0.11882998794317245,0.017611579969525337,0.04508195444941521,0.057807885110378265,0.03505278751254082
100,,4847,,,,,,,,,,,,,,,,,,,,,,,,,,,,,,,,,,,,,,,,,,,,,,,,,,3.1996047496795654,,,,,,,,,,,,,,,,,,,,,,,,,,,,,,,,,,,,,,,,,,,,,,,,,,
,0.001,4849,,,,,,,,,,,,,,,,,,,,,,,,,,,,,,,,,,,,,,,,,,,,,,,,,,,,,,,,,,,,,,,,,,,,,,,,,,,,,,,,,,,,,,,,,,,,,,,,,,,,
101,,4849,,,,,,,,,,,,,,,,,,,,,,,,,,,,,,,,,,,,,,,,,,,,,,,,,,,3.2474117279052734,,,,,,,,,,,,,,,,,,,,,,,,,,,,,,,,,,,,,,,,,,,,,,,,,
101,,4895,,,,,,,,,,,,,,,,,,,,,,,,,,,,,,,,,,,,,,,,,,,,,,,,,,,,0.8604311347007751,0.6744962334632874,0.03669724613428116,0.18532110750675201,0.26055046916007996,0.11009174585342407,0.022564886137843132,0.018886033445596695,0.019227109849452972,0.0470433235168457,0.05752525106072426,0.03496155887842178,0.0,0.0,0.0,0.0,0.0,0.0,0.0,0.0,0.15215231478214264,0.44652318954467773,0.5629138946533203,0.3430463671684265,0.07322434335947037,0.07104978710412979,0.08142582327127457,0.13995413482189178,0.1562384068965912,0.12317175418138504,0.8788723945617676,0.163603276014328,0.472429484128952,0.5929026007652283,0.36615103483200073,0.07824879884719849,0.0762234479188919,0.08759474754333496,0.14916911721229553,0.16602885723114014,0.13192053139209747,0.036563072353601456,0.18464352190494537,0.2595978081226349,0.10968922078609467,0.019156809896230698,0.04687131941318512,0.0573149211704731,0.03483373299241066
101,,4895,,,,,,,,,,,,,,,,,,,,,,,,,,,,,,,,,,,,,,,,,,,,,,,,,,3.1991806030273438,,,,,,,,,,,,,,,,,,,,,,,,,,,,,,,,,,,,,,,,,,,,,,,,,,
,0.001,4899,,,,,,,,,,,,,,,,,,,,,,,,,,,,,,,,,,,,,,,,,,,,,,,,,,,,,,,,,,,,,,,,,,,,,,,,,,,,,,,,,,,,,,,,,,,,,,,,,,,,
102,,4899,,,,,,,,,,,,,,,,,,,,,,,,,,,,,,,,,,,,,,,,,,,,,,,,,,,3.225562572479248,,,,,,,,,,,,,,,,,,,,,,,,,,,,,,,,,,,,,,,,,,,,,,,,,
102,,4943,,,,,,,,,,,,,,,,,,,,,,,,,,,,,,,,,,,,,,,,,,,,,,,,,,,,0.8600478768348694,0.6751538515090942,0.04403669759631157,0.18715596199035645,0.26055046916007996,0.11376146972179413,0.026131898164749146,0.02245304547250271,0.02399854175746441,0.05063251778483391,0.060901347547769547,0.03886901214718819,0.0,0.0,0.0,0.0,0.0,0.0,0.0,0.0,0.14784768223762512,0.4480132460594177,0.5612583160400391,0.34172186255455017,0.07105767726898193,0.06887488067150116,0.07871886342763901,0.13821062445640564,0.15404774248600006,0.1210024431347847,0.8783859014511108,0.1581437587738037,0.47388532757759094,0.5910828113555908,0.3643312156200409,0.07551345229148865,0.07347904145717621,0.08414608240127563,0.14689670503139496,0.16328610479831696,0.12914852797985077,0.04387568682432175,0.18647167086601257,0.2595978081226349,0.11334552615880966,0.023910796269774437,0.05044739320874214,0.06067868322134018,0.03872689604759216
102,,4943,,,,,,,,,,,,,,,,,,,,,,,,,,,,,,,,,,,,,,,,,,,,,,,,,,3.1999826431274414,,,,,,,,,,,,,,,,,,,,,,,,,,,,,,,,,,,,,,,,,,,,,,,,,,
,0.001,4949,,,,,,,,,,,,,,,,,,,,,,,,,,,,,,,,,,,,,,,,,,,,,,,,,,,,,,,,,,,,,,,,,,,,,,,,,,,,,,,,,,,,,,,,,,,,,,,,,,,,
103,,4949,,,,,,,,,,,,,,,,,,,,,,,,,,,,,,,,,,,,,,,,,,,,,,,,,,,3.2502634525299072,,,,,,,,,,,,,,,,,,,,,,,,,,,,,,,,,,,,,,,,,,,,,,,,,
103,,4991,,,,,,,,,,,,,,,,,,,,,,,,,,,,,,,,,,,,,,,,,,,,,,,,,,,,0.8603041768074036,0.6747791767120361,0.04036697372794151,0.17981651425361633,0.26055046916007996,0.10275229811668396,0.022488126531243324,0.018809275701642036,0.020560143515467644,0.04620906338095665,0.05749428644776344,0.03382174298167229,0.0,0.0,0.0,0.0,0.0,0.0,0.0,0.0,0.14917218685150146,0.44884106516838074,0.5617550015449524,0.3425496816635132,0.06767777353525162,0.06549745053052902,0.07660078257322311,0.1356947422027588,0.1514422744512558,0.11852569878101349,0.8787049055099487,0.15996359288692474,0.4755232036113739,0.5916287302970886,0.3663330376148224,0.07215972989797592,0.07012803107500076,0.08215895295143127,0.1445700079202652,0.16076013445854187,0.1269267201423645,0.04021938145160675,0.17915906012058258,0.2595978081226349,0.10237660259008408,0.02048496901988983,0.04604010656476021,0.05728406459093094,0.033698081970214844
103,,4991,,,,,,,,,,,,,,,,,,,,,,,,,,,,,,,,,,,,,,,,,,,,,,,,,,3.197897434234619,,,,,,,,,,,,,,,,,,,,,,,,,,,,,,,,,,,,,,,,,,,,,,,,,,
,0.001,4999,,,,,,,,,,,,,,,,,,,,,,,,,,,,,,,,,,,,,,,,,,,,,,,,,,,,,,,,,,,,,,,,,,,,,,,,,,,,,,,,,,,,,,,,,,,,,,,,,,,,
104,,4999,,,,,,,,,,,,,,,,,,,,,,,,,,,,,,,,,,,,,,,,,,,,,,,,,,,3.142916679382324,,,,,,,,,,,,,,,,,,,,,,,,,,,,,,,,,,,,,,,,,,,,,,,,,
104,,5039,,,,,,,,,,,,,,,,,,,,,,,,,,,,,,,,,,,,,,,,,,,,,,,,,,,,0.8591172099113464,0.6717254519462585,0.04036697372794151,0.17981651425361633,0.2697247862815857,0.11376146972179413,0.02173624373972416,0.018103035166859627,0.019842244684696198,0.045694392174482346,0.05830610916018486,0.035118214786052704,0.0,0.0,0.0,0.0,0.0,0.0,0.0,0.0,0.15347681939601898,0.4455298185348511,0.5617550015449524,0.33890730142593384,0.07348772138357162,0.07130739837884903,0.08230508118867874,0.13981252908706665,0.15608111023902893,0.12250292301177979,0.8777028918266296,0.16469517350196838,0.47188353538513184,0.5907188057899475,0.361237496137619,0.07862048596143723,0.07658426463603973,0.08850020915269852,0.14914725720882416,0.1657785177230835,0.13116982579231262,0.04021938145160675,0.17915906012058258,0.2687385678291321,0.11334552615880966,0.01976969465613365,0.04552731662988663,0.05809292569756508,0.03498981148004532
104,,5039,,,,,,,,,,,,,,,,,,,,,,,,,,,,,,,,,,,,,,,,,,,,,,,,,,3.1973371505737305,,,,,,,,,,,,,,,,,,,,,,,,,,,,,,,,,,,,,,,,,,,,,,,,,,
,0.001,5049,,,,,,,,,,,,,,,,,,,,,,,,,,,,,,,,,,,,,,,,,,,,,,,,,,,,,,,,,,,,,,,,,,,,,,,,,,,,,,,,,,,,,,,,,,,,,,,,,,,,
105,,5049,,,,,,,,,,,,,,,,,,,,,,,,,,,,,,,,,,,,,,,,,,,,,,,,,,,3.1467461585998535,,,,,,,,,,,,,,,,,,,,,,,,,,,,,,,,,,,,,,,,,,,,,,,,,
105,,5087,,,,,,,,,,,,,,,,,,,,,,,,,,,,,,,,,,,,,,,,,,,,,,,,,,,,0.8595582246780396,0.6716561317443848,0.03669724613428116,0.18715596199035645,0.26055046916007996,0.11559633165597916,0.021415261551737785,0.0177364069968462,0.01870178058743477,0.04659702256321907,0.05680541321635246,0.03509298339486122,0.0,0.0,0.0,0.0,0.0,0.0,0.0,0.0,0.1528145670890808,0.4460265040397644,0.557781457901001,0.3355960249900818,0.0695309266448021,0.06733083724975586,0.07911431789398193,0.13667631149291992,0.15230818092823029,0.1187489926815033,0.8781944513320923,0.16433121263980865,0.4717015326023102,0.5872611403465271,0.3574158251285553,0.07430309057235718,0.07224966585636139,0.08510609716176987,0.14561045169830322,0.1617802530527115,0.12704606354236603,0.036563072353601456,0.18647167086601257,0.2595978081226349,0.11517367511987686,0.01863340102136135,0.04642665013670921,0.056597717106342316,0.0349646732211113
105,,5087,,,,,,,,,,,,,,,,,,,,,,,,,,,,,,,,,,,,,,,,,,,,,,,,,,3.196840286254883,,,,,,,,,,,,,,,,,,,,,,,,,,,,,,,,,,,,,,,,,,,,,,,,,,
,0.001,5099,,,,,,,,,,,,,,,,,,,,,,,,,,,,,,,,,,,,,,,,,,,,,,,,,,,,,,,,,,,,,,,,,,,,,,,,,,,,,,,,,,,,,,,,,,,,,,,,,,,,
106,,5099,,,,,,,,,,,,,,,,,,,,,,,,,,,,,,,,,,,,,,,,,,,,,,,,,,,3.1328184604644775,,,,,,,,,,,,,,,,,,,,,,,,,,,,,,,,,,,,,,,,,,,,,,,,,
106,,5135,,,,,,,,,,,,,,,,,,,,,,,,,,,,,,,,,,,,,,,,,,,,,,,,,,,,0.8596408367156982,0.6722103953361511,0.031192660331726074,0.1834862381219864,0.25871559977531433,0.11926605552434921,0.01954544521868229,0.01585746556520462,0.015446439385414124,0.04462703689932823,0.055171724408864975,0.034357950091362,0.0,0.0,0.0,0.0,0.0,0.0,0.0,0.0,0.1504966914653778,0.4432119131088257,0.558112621307373,0.34122517704963684,0.07274948805570602,0.07055104523897171,0.08080409467220306,0.13885945081710815,0.15494157373905182,0.12229938805103302,0.8782303929328918,0.16232939064502716,0.46897178888320923,0.5878070592880249,0.3632392883300781,0.07802631705999374,0.07597561925649643,0.0872863307595253,0.14820553362369537,0.1648368537425995,0.13102151453495026,0.031078610569238663,0.18281535804271698,0.2577696740627289,0.11882998794317245,0.015389962121844292,0.0444638691842556,0.05496999993920326,0.03423232585191727
106,,5135,,,,,,,,,,,,,,,,,,,,,,,,,,,,,,,,,,,,,,,,,,,,,,,,,,3.1962873935699463,,,,,,,,,,,,,,,,,,,,,,,,,,,,,,,,,,,,,,,,,,,,,,,,,,
,0.001,5149,,,,,,,,,,,,,,,,,,,,,,,,,,,,,,,,,,,,,,,,,,,,,,,,,,,,,,,,,,,,,,,,,,,,,,,,,,,,,,,,,,,,,,,,,,,,,,,,,,,,
107,,5149,,,,,,,,,,,,,,,,,,,,,,,,,,,,,,,,,,,,,,,,,,,,,,,,,,,3.1503608226776123,,,,,,,,,,,,,,,,,,,,,,,,,,,,,,,,,,,,,,,,,,,,,,,,,
107,,5183,,,,,,,,,,,,,,,,,,,,,,,,,,,,,,,,,,,,,,,,,,,,,,,,,,,,0.8609657287597656,0.6750330328941345,0.03486238420009613,0.18899083137512207,0.2568807303905487,0.11559633165597916,0.025112895295023918,0.02141578681766987,0.020795300602912903,0.049703679978847504,0.05923625826835632,0.03780198469758034,0.0,0.0,0.0,0.0,0.0,0.0,0.0,0.0,0.15248344838619232,0.4513245224952698,0.5574503540992737,0.3425496816635132,0.07150711119174957,0.06930536776781082,0.08042619377374649,0.1391935795545578,0.1540290266275406,0.12159013748168945,0.8794066905975342,0.1641492247581482,0.47734302282333374,0.5872611403465271,0.36505913734436035,0.07610853761434555,0.07405511289834976,0.08634044229984283,0.14806929230690002,0.16343066096305847,0.12990033626556396,0.03473491966724396,0.18829981982707977,0.2559415102005005,0.11517367511987686,0.020719267427921295,0.049521949142217636,0.059019673615694046,0.037663768976926804
107,,5183,,,,,,,,,,,,,,,,,,,,,,,,,,,,,,,,,,,,,,,,,,,,,,,,,,3.19758677482605,,,,,,,,,,,,,,,,,,,,,,,,,,,,,,,,,,,,,,,,,,,,,,,,,,
,0.001,5199,,,,,,,,,,,,,,,,,,,,,,,,,,,,,,,,,,,,,,,,,,,,,,,,,,,,,,,,,,,,,,,,,,,,,,,,,,,,,,,,,,,,,,,,,,,,,,,,,,,,
108,,5199,,,,,,,,,,,,,,,,,,,,,,,,,,,,,,,,,,,,,,,,,,,,,,,,,,,3.139346122741699,,,,,,,,,,,,,,,,,,,,,,,,,,,,,,,,,,,,,,,,,,,,,,,,,
108,,5231,,,,,,,,,,,,,,,,,,,,,,,,,,,,,,,,,,,,,,,,,,,,,,,,,,,,0.8598005771636963,0.6756382584571838,0.03669724613428116,0.18532110750675201,0.26788991689682007,0.12110091745853424,0.028416795656085014,0.02477445639669895,0.023613078519701958,0.05195377767086029,0.06359145045280457,0.04168694093823433,0.0,0.0,0.0,0.0,0.0,0.0,0.0,0.0,0.15016557276248932,0.45049670338630676,0.5576158761978149,0.3415563106536865,0.07172845304012299,0.0695275291800499,0.07984653860330582,0.13933737576007843,0.15435539186000824,0.1216922402381897,0.878065824508667,0.16141946613788605,0.47679707407951355,0.586351215839386,0.3634212911128998,0.0760241448879242,0.07396619021892548,0.08542383462190628,0.1480041742324829,0.1633574366569519,0.12962724268436432,0.036563072353601456,0.18464352190494537,0.2669104337692261,0.12065813690423965,0.023526741191744804,0.05176381766796112,0.06335894018411636,0.04153452441096306
108,,5231,,,,,,,,,,,,,,,,,,,,,,,,,,,,,,,,,,,,,,,,,,,,,,,,,,3.1959285736083984,,,,,,,,,,,,,,,,,,,,,,,,,,,,,,,,,,,,,,,,,,,,,,,,,,
,0.001,5249,,,,,,,,,,,,,,,,,,,,,,,,,,,,,,,,,,,,,,,,,,,,,,,,,,,,,,,,,,,,,,,,,,,,,,,,,,,,,,,,,,,,,,,,,,,,,,,,,,,,
109,,5249,,,,,,,,,,,,,,,,,,,,,,,,,,,,,,,,,,,,,,,,,,,,,,,,,,,3.2517573833465576,,,,,,,,,,,,,,,,,,,,,,,,,,,,,,,,,,,,,,,,,,,,,,,,,
109,,5279,,,,,,,,,,,,,,,,,,,,,,,,,,,,,,,,,,,,,,,,,,,,,,,,,,,,0.8606089949607849,0.67462557554245,0.04220183566212654,0.17981651425361633,0.2550458610057831,0.11743119359016418,0.02233433537185192,0.01862809807062149,0.020801186561584473,0.04619507119059563,0.05671291798353195,0.03610388934612274,0.0,0.0,0.0,0.0,0.0,0.0,0.0,0.0,0.15298013389110565,0.44817882776260376,0.5597681999206543,0.3395695388317108,0.07228504121303558,0.07009482383728027,0.08111094683408737,0.13925455510616302,0.1548488587141037,0.1216336265206337,0.8790550827980042,0.16396723687648773,0.47479525208473206,0.5899909138679504,0.36160144209861755,0.07723919302225113,0.07519934326410294,0.08709252625703812,0.1484842747449875,0.16458207368850708,0.1301165670156479,0.04204753413796425,0.17915906012058258,0.2541133463382721,0.11700183153152466,0.020725131034851074,0.04602617025375366,0.056505560874938965,0.035971883684396744
109,,5279,,,,,,,,,,,,,,,,,,,,,,,,,,,,,,,,,,,,,,,,,,,,,,,,,,3.1956005096435547,,,,,,,,,,,,,,,,,,,,,,,,,,,,,,,,,,,,,,,,,,,,,,,,,,
,0.001,5299,,,,,,,,,,,,,,,,,,,,,,,,,,,,,,,,,,,,,,,,,,,,,,,,,,,,,,,,,,,,,,,,,,,,,,,,,,,,,,,,,,,,,,,,,,,,,,,,,,,,
110,,5299,,,,,,,,,,,,,,,,,,,,,,,,,,,,,,,,,,,,,,,,,,,,,,,,,,,3.3064420223236084,,,,,,,,,,,,,,,,,,,,,,,,,,,,,,,,,,,,,,,,,,,,,,,,,
110,,5327,,,,,,,,,,,,,,,,,,,,,,,,,,,,,,,,,,,,,,,,,,,,,,,,,,,,0.8606595993041992,0.6759751439094543,0.04036697372794151,0.18532110750675201,0.27339449524879456,0.11743119359016418,0.024292534217238426,0.020677583292126656,0.02167113870382309,0.04844531789422035,0.06074347719550133,0.037658948451280594,0.0,0.0,0.0,0.0,0.0,0.0,0.0,0.0,0.15099337697029114,0.4501655697822571,0.5587748289108276,0.3440397381782532,0.07182393223047256,0.06962878257036209,0.08018651604652405,0.13931460678577423,0.1544940024614334,0.12212180346250534,0.878976583480835,0.16196541488170624,0.4764330983161926,0.5870791673660278,0.36651501059532166,0.07653813809156418,0.07448380440473557,0.08599013090133667,0.14832709729671478,0.16379229724407196,0.13049891591072083,0.04021938145160675,0.18464352190494537,0.27239489555358887,0.11700183153152466,0.021591899916529655,0.048268191516399384,0.06052137911319733,0.037521254271268845
110,,5327,,,,,,,,,,,,,,,,,,,,,,,,,,,,,,,,,,,,,,,,,,,,,,,,,,3.1970906257629395,,,,,,,,,,,,,,,,,,,,,,,,,,,,,,,,,,,,,,,,,,,,,,,,,,
,0.001,5349,,,,,,,,,,,,,,,,,,,,,,,,,,,,,,,,,,,,,,,,,,,,,,,,,,,,,,,,,,,,,,,,,,,,,,,,,,,,,,,,,,,,,,,,,,,,,,,,,,,,
111,,5349,,,,,,,,,,,,,,,,,,,,,,,,,,,,,,,,,,,,,,,,,,,,,,,,,,,3.1880369186401367,,,,,,,,,,,,,,,,,,,,,,,,,,,,,,,,,,,,,,,,,,,,,,,,,
111,,5375,,,,,,,,,,,,,,,,,,,,,,,,,,,,,,,,,,,,,,,,,,,,,,,,,,,,0.8601294159889221,0.673191249370575,0.031192660331726074,0.18165138363838196,0.26055046916007996,0.11926605552434921,0.02169921062886715,0.018020357936620712,0.017214177176356316,0.04590179771184921,0.056827131658792496,0.035954780876636505,0.0,0.0,0.0,0.0,0.0,0.0,0.0,0.0,0.1516556292772293,0.4466887414455414,0.5543046593666077,0.34122517704963684,0.07187078893184662,0.06965339183807373,0.08034548163414001,0.13879409432411194,0.15387926995754242,0.12168152630329132,0.8786700367927551,0.163603276014328,0.4729754328727722,0.5834394693374634,0.3632392883300781,0.07684686034917831,0.07477441430091858,0.08660690486431122,0.14800724387168884,0.16350500285625458,0.13018399477005005,0.031078610569238663,0.18098720908164978,0.2595978081226349,0.11882998794317245,0.0171512383967638,0.04573396220803261,0.05661935731768608,0.03582331910729408
111,,5375,,,,,,,,,,,,,,,,,,,,,,,,,,,,,,,,,,,,,,,,,,,,,,,,,,3.194791555404663,,,,,,,,,,,,,,,,,,,,,,,,,,,,,,,,,,,,,,,,,,,,,,,,,,
,0.001,5399,,,,,,,,,,,,,,,,,,,,,,,,,,,,,,,,,,,,,,,,,,,,,,,,,,,,,,,,,,,,,,,,,,,,,,,,,,,,,,,,,,,,,,,,,,,,,,,,,,,,
112,,5399,,,,,,,,,,,,,,,,,,,,,,,,,,,,,,,,,,,,,,,,,,,,,,,,,,,3.0888752937316895,,,,,,,,,,,,,,,,,,,,,,,,,,,,,,,,,,,,,,,,,,,,,,,,,
112,,5423,,,,,,,,,,,,,,,,,,,,,,,,,,,,,,,,,,,,,,,,,,,,,,,,,,,,0.8605028986930847,0.6764054894447327,0.03486238420009613,0.19266055524349213,0.2697247862815857,0.12844036519527435,0.020636003464460373,0.017002791166305542,0.017139937728643417,0.04694513976573944,0.05776555463671684,0.036687903106212616,0.0,0.0,0.0,0.0,0.0,0.0,0.0,0.0,0.1470198631286621,0.44536423683166504,0.5571191906929016,0.34321191906929016,0.07038269191980362,0.06817930936813354,0.07796447724103928,0.1372135430574417,0.15289205312728882,0.12064574658870697,0.8787620067596436,0.1581437587738037,0.47042766213417053,0.5856232643127441,0.36451318860054016,0.07531662285327911,0.07325504720211029,0.08399712294340134,0.14616644382476807,0.16232679784297943,0.12897278368473053,0.03473491966724396,0.19195613265037537,0.2687385678291321,0.12797075510025024,0.017077269032597542,0.04677349328994751,0.05755435302853584,0.0365537628531456
112,,5423,,,,,,,,,,,,,,,,,,,,,,,,,,,,,,,,,,,,,,,,,,,,,,,,,,3.1965177059173584,,,,,,,,,,,,,,,,,,,,,,,,,,,,,,,,,,,,,,,,,,,,,,,,,,
,0.0001,5449,,,,,,,,,,,,,,,,,,,,,,,,,,,,,,,,,,,,,,,,,,,,,,,,,,,,,,,,,,,,,,,,,,,,,,,,,,,,,,,,,,,,,,,,,,,,,,,,,,,,
113,,5449,,,,,,,,,,,,,,,,,,,,,,,,,,,,,,,,,,,,,,,,,,,,,,,,,,,3.4056785106658936,,,,,,,,,,,,,,,,,,,,,,,,,,,,,,,,,,,,,,,,,,,,,,,,,
113,,5471,,,,,,,,,,,,,,,,,,,,,,,,,,,,,,,,,,,,,,,,,,,,,,,,,,,,0.8610299825668335,0.6758017539978027,0.03486238420009613,0.1908256858587265,0.26605504751205444,0.1247706413269043,0.02316795103251934,0.019516484811902046,0.018863802775740623,0.04872354492545128,0.05932825058698654,0.03812725469470024,0.0,0.0,0.0,0.0,0.0,0.0,0.0,0.0,0.15298013389110565,0.4518212080001831,0.5600993633270264,0.3456953763961792,0.0723491981625557,0.0701606348156929,0.08096625655889511,0.14014287292957306,0.15531018376350403,0.1229061558842659,0.8794012069702148,0.16469517350196838,0.47770699858665466,0.5892629623413086,0.36760690808296204,0.07722704112529755,0.07518357038497925,0.08712564408779144,0.14920993149280548,0.16482976078987122,0.13131460547447205,0.03473491966724396,0.19012796878814697,0.2650822699069977,0.12431444227695465,0.0187948290258646,0.04854539409279823,0.0591113306581974,0.0379878431558609
113,,5471,,,,,,,,,,,,,,,,,,,,,,,,,,,,,,,,,,,,,,,,,,,,,,,,,,3.1850342750549316,,,,,,,,,,,,,,,,,,,,,,,,,,,,,,,,,,,,,,,,,,,,,,,,,,
,0.0001,5499,,,,,,,,,,,,,,,,,,,,,,,,,,,,,,,,,,,,,,,,,,,,,,,,,,,,,,,,,,,,,,,,,,,,,,,,,,,,,,,,,,,,,,,,,,,,,,,,,,,,
114,,5499,,,,,,,,,,,,,,,,,,,,,,,,,,,,,,,,,,,,,,,,,,,,,,,,,,,3.1825551986694336,,,,,,,,,,,,,,,,,,,,,,,,,,,,,,,,,,,,,,,,,,,,,,,,,
114,,5519,,,,,,,,,,,,,,,,,,,,,,,,,,,,,,,,,,,,,,,,,,,,,,,,,,,,0.8610658645629883,0.6743814945220947,0.03669724613428116,0.18899083137512207,0.2642201781272888,0.12110091745853424,0.02250591479241848,0.018845317885279655,0.01917910948395729,0.04774204269051552,0.05826878547668457,0.036899134516716,0.0,0.0,0.0,0.0,0.0,0.0,0.0,0.0,0.15182119607925415,0.4533112645149231,0.5617550015449524,0.34552979469299316,0.07352566719055176,0.07134533673524857,0.08152181655168533,0.1413073092699051,0.15648682415485382,0.1238287165760994,0.8795814514160156,0.16323930025100708,0.4795268476009369,0.5912647843360901,0.3677888810634613,0.07858584821224213,0.07655234634876251,0.08770503103733063,0.15058721601963043,0.16622819006443024,0.13245049118995667,0.036563072353601456,0.18829981982707977,0.2632541060447693,0.12065813690423965,0.019108984619379044,0.04756748303771019,0.05805573984980583,0.03676421940326691
114,,5519,,,,,,,,,,,,,,,,,,,,,,,,,,,,,,,,,,,,,,,,,,,,,,,,,,3.180509090423584,,,,,,,,,,,,,,,,,,,,,,,,,,,,,,,,,,,,,,,,,,,,,,,,,,
,0.0001,5549,,,,,,,,,,,,,,,,,,,,,,,,,,,,,,,,,,,,,,,,,,,,,,,,,,,,,,,,,,,,,,,,,,,,,,,,,,,,,,,,,,,,,,,,,,,,,,,,,,,,
115,,5549,,,,,,,,,,,,,,,,,,,,,,,,,,,,,,,,,,,,,,,,,,,,,,,,,,,3.1227662563323975,,,,,,,,,,,,,,,,,,,,,,,,,,,,,,,,,,,,,,,,,,,,,,,,,
115,,5567,,,,,,,,,,,,,,,,,,,,,,,,,,,,,,,,,,,,,,,,,,,,,,,,,,,,0.8613346219062805,0.673780083656311,0.0330275222659111,0.1908256858587265,0.26788991689682007,0.11926605552434921,0.022408954799175262,0.0187666155397892,0.01810523308813572,0.04791802167892456,0.05871289223432541,0.03651679307222366,0.0,0.0,0.0,0.0,0.0,0.0,0.0,0.0,0.1516556292772293,0.4529801309108734,0.560927152633667,0.3448675572872162,0.0732586607336998,0.0710742175579071,0.08132471889257431,0.14109006524085999,0.15619486570358276,0.12352509051561356,0.8799364566802979,0.16342128813266754,0.4789808690547943,0.5899909138679504,0.3672429323196411,0.07830198109149933,0.07626213878393173,0.0875948965549469,0.15033097565174103,0.16586320102214813,0.1321546733379364,0.03290676325559616,0.19012796878814697,0.2669104337692261,0.11882998794317245,0.01803903467953205,0.0477428212761879,0.05849821865558624,0.03638327494263649
115,,5567,,,,,,,,,,,,,,,,,,,,,,,,,,,,,,,,,,,,,,,,,,,,,,,,,,3.1783649921417236,,,,,,,,,,,,,,,,,,,,,,,,,,,,,,,,,,,,,,,,,,,,,,,,,,
,0.0001,5599,,,,,,,,,,,,,,,,,,,,,,,,,,,,,,,,,,,,,,,,,,,,,,,,,,,,,,,,,,,,,,,,,,,,,,,,,,,,,,,,,,,,,,,,,,,,,,,,,,,,
116,,5599,,,,,,,,,,,,,,,,,,,,,,,,,,,,,,,,,,,,,,,,,,,,,,,,,,,3.1744251251220703,,,,,,,,,,,,,,,,,,,,,,,,,,,,,,,,,,,,,,,,,,,,,,,,,
116,,5615,,,,,,,,,,,,,,,,,,,,,,,,,,,,,,,,,,,,,,,,,,,,,,,,,,,,0.8613101243972778,0.6741431951522827,0.0330275222659111,0.1908256858587265,0.2642201781272888,0.11743119359016418,0.021533316001296043,0.017872720956802368,0.01741361990571022,0.047246113419532776,0.05755109339952469,0.03559010475873947,0.0,0.0,0.0,0.0,0.0,0.0,0.0,0.0,0.15215231478214264,0.45314571261405945,0.560927152633667,0.34354305267333984,0.07290245592594147,0.07071801275014877,0.08120821416378021,0.14077885448932648,0.15586280822753906,0.1230129823088646,0.8798734545707703,0.16396723687648773,0.47916287183761597,0.590354859828949,0.36596906185150146,0.07799729704856873,0.07595926523208618,0.08753543347120285,0.15005552768707275,0.16561347246170044,0.13168366253376007,0.03290676325559616,0.19012796878814697,0.2632541060447693,0.11700183153152466,0.017349950969219208,0.0470733717083931,0.057340674102306366,0.0354599766433239
116,,5615,,,,,,,,,,,,,,,,,,,,,,,,,,,,,,,,,,,,,,,,,,,,,,,,,,3.1787447929382324,,,,,,,,,,,,,,,,,,,,,,,,,,,,,,,,,,,,,,,,,,,,,,,,,,
,0.0001,5649,,,,,,,,,,,,,,,,,,,,,,,,,,,,,,,,,,,,,,,,,,,,,,,,,,,,,,,,,,,,,,,,,,,,,,,,,,,,,,,,,,,,,,,,,,,,,,,,,,,,
117,,5649,,,,,,,,,,,,,,,,,,,,,,,,,,,,,,,,,,,,,,,,,,,,,,,,,,,3.182293653488159,,,,,,,,,,,,,,,,,,,,,,,,,,,,,,,,,,,,,,,,,,,,,,,,,
117,,5663,,,,,,,,,,,,,,,,,,,,,,,,,,,,,,,,,,,,,,,,,,,,,,,,,,,,0.8612691164016724,0.6740487813949585,0.0330275222659111,0.19266055524349213,0.2623853087425232,0.11743119359016418,0.0222467090934515,0.018576985225081444,0.01802561804652214,0.04812464863061905,0.057869803160429,0.03617735579609871,0.0,0.0,0.0,0.0,0.0,0.0,0.0,0.0,0.1528145670890808,0.45347681641578674,0.560761570930481,0.34503310918807983,0.07301273941993713,0.07082747668027878,0.08141867816448212,0.1410231590270996,0.15603573620319366,0.12344527244567871,0.8798378109931946,0.16469517350196838,0.47934484481811523,0.590354859828949,0.36760690808296204,0.07804776728153229,0.07600973546504974,0.0877060741186142,0.15023693442344666,0.16577191650867462,0.13210059702396393,0.03290676325559616,0.19195613265037537,0.2614259719848633,0.11700183153152466,0.017959710210561752,0.047948695719242096,0.05765822157263756,0.03604508191347122
117,,5663,,,,,,,,,,,,,,,,,,,,,,,,,,,,,,,,,,,,,,,,,,,,,,,,,,3.1780295372009277,,,,,,,,,,,,,,,,,,,,,,,,,,,,,,,,,,,,,,,,,,,,,,,,,,
,0.0001,5699,,,,,,,,,,,,,,,,,,,,,,,,,,,,,,,,,,,,,,,,,,,,,,,,,,,,,,,,,,,,,,,,,,,,,,,,,,,,,,,,,,,,,,,,,,,,,,,,,,,,
118,,5699,,,,,,,,,,,,,,,,,,,,,,,,,,,,,,,,,,,,,,,,,,,,,,,,,,,3.1952946186065674,,,,,,,,,,,,,,,,,,,,,,,,,,,,,,,,,,,,,,,,,,,,,,,,,
118,,5711,,,,,,,,,,,,,,,,,,,,,,,,,,,,,,,,,,,,,,,,,,,,,,,,,,,,0.861237108707428,0.6744949817657471,0.03486238420009613,0.19266055524349213,0.2623853087425232,0.11926605552434921,0.024087168276309967,0.020417440682649612,0.019875384867191315,0.0495060496032238,0.05923144891858101,0.037832796573638916,0.0,0.0,0.0,0.0,0.0,0.0,0.0,0.0,0.15215231478214264,0.4521523118019104,0.5587748289108276,0.3430463671684265,0.07328792661428452,0.07109278440475464,0.08143198490142822,0.14095079898834229,0.15589290857315063,0.12322478741407394,0.8797584176063538,0.16378524899482727,0.47788897156715393,0.5881710648536682,0.3652411103248596,0.07816771417856216,0.07611881196498871,0.08753722906112671,0.15002039074897766,0.1654798835515976,0.13169407844543457,0.03473491966724396,0.19195613265037537,0.2614259719848633,0.11882998794317245,0.019802715629339218,0.049325037747621536,0.059014882892370224,0.03769446909427643
118,,5711,,,,,,,,,,,,,,,,,,,,,,,,,,,,,,,,,,,,,,,,,,,,,,,,,,3.178948402404785,,,,,,,,,,,,,,,,,,,,,,,,,,,,,,,,,,,,,,,,,,,,,,,,,,
,0.0001,5749,,,,,,,,,,,,,,,,,,,,,,,,,,,,,,,,,,,,,,,,,,,,,,,,,,,,,,,,,,,,,,,,,,,,,,,,,,,,,,,,,,,,,,,,,,,,,,,,,,,,
119,,5749,,,,,,,,,,,,,,,,,,,,,,,,,,,,,,,,,,,,,,,,,,,,,,,,,,,3.1957597732543945,,,,,,,,,,,,,,,,,,,,,,,,,,,,,,,,,,,,,,,,,,,,,,,,,
119,,5759,,,,,,,,,,,,,,,,,,,,,,,,,,,,,,,,,,,,,,,,,,,,,,,,,,,,0.8611846566200256,0.6723730564117432,0.0330275222659111,0.18715596199035645,0.2623853087425232,0.11743119359016418,0.02172171324491501,0.018051987513899803,0.01769866980612278,0.04678547754883766,0.057335611432790756,0.035678666085004807,0.0,0.0,0.0,0.0,0.0,0.0,0.0,0.0,0.1531457006931305,0.4513245224952698,0.5584437251091003,0.3442052900791168,0.07389453053474426,0.07169773429632187,0.0821891725063324,0.14133428037166595,0.15634414553642273,0.12393057346343994,0.8799111247062683,0.1650591343641281,0.4775250256061554,0.5878070592880249,0.3666969835758209,0.07906908541917801,0.0770183727145195,0.08858541399240494,0.15071173012256622,0.16616390645503998,0.13268348574638367,0.03290676325559616,0.18647167086601257,0.2614259719848633,0.11700183153152466,0.017633957788348198,0.04661441594362259,0.05712597072124481,0.035548217594623566
119,,5759,,,,,,,,,,,,,,,,,,,,,,,,,,,,,,,,,,,,,,,,,,,,,,,,,,3.1765618324279785,,,,,,,,,,,,,,,,,,,,,,,,,,,,,,,,,,,,,,,,,,,,,,,,,,
,0.0001,5799,,,,,,,,,,,,,,,,,,,,,,,,,,,,,,,,,,,,,,,,,,,,,,,,,,,,,,,,,,,,,,,,,,,,,,,,,,,,,,,,,,,,,,,,,,,,,,,,,,,,
120,,5799,,,,,,,,,,,,,,,,,,,,,,,,,,,,,,,,,,,,,,,,,,,,,,,,,,,3.18475604057312,,,,,,,,,,,,,,,,,,,,,,,,,,,,,,,,,,,,,,,,,,,,,,,,,
120,,5807,,,,,,,,,,,,,,,,,,,,,,,,,,,,,,,,,,,,,,,,,,,,,,,,,,,,0.8613467216491699,0.6735540628433228,0.03486238420009613,0.1908256858587265,0.26605504751205444,0.11376146972179413,0.022775379940867424,0.01912391372025013,0.018992966040968895,0.04813162237405777,0.05860604718327522,0.035860542207956314,0.0,0.0,0.0,0.0,0.0,0.0,0.0,0.0,0.1539735198020935,0.45463576912879944,0.5612583160400391,0.3437086045742035,0.07331115752458572,0.07112835347652435,0.08198264241218567,0.14144431054592133,0.15634381771087646,0.12344060093164444,0.8799721598625183,0.16578707098960876,0.48080071806907654,0.5905368328094482,0.36651501059532166,0.07832334190607071,0.0762862116098404,0.08823002129793167,0.15069913864135742,0.16603754460811615,0.13212688267230988,0.03473491966724396,0.19012796878814697,0.2650822699069977,0.11334552615880966,0.018923522904515266,0.04795564338564873,0.058391764760017395,0.03572942689061165
120,,5807,,,,,,,,,,,,,,,,,,,,,,,,,,,,,,,,,,,,,,,,,,,,,,,,,,3.1783716678619385,,,,,,,,,,,,,,,,,,,,,,,,,,,,,,,,,,,,,,,,,,,,,,,,,,
,0.0001,5849,,,,,,,,,,,,,,,,,,,,,,,,,,,,,,,,,,,,,,,,,,,,,,,,,,,,,,,,,,,,,,,,,,,,,,,,,,,,,,,,,,,,,,,,,,,,,,,,,,,,
121,,5849,,,,,,,,,,,,,,,,,,,,,,,,,,,,,,,,,,,,,,,,,,,,,,,,,,,3.2001168727874756,,,,,,,,,,,,,,,,,,,,,,,,,,,,,,,,,,,,,,,,,,,,,,,,,
121,,5855,,,,,,,,,,,,,,,,,,,,,,,,,,,,,,,,,,,,,,,,,,,,,,,,,,,,0.8613122701644897,0.6744113564491272,0.03669724613428116,0.18899083137512207,0.2642201781272888,0.11926605552434921,0.0215902216732502,0.017929624766111374,0.018505344167351723,0.04704743251204491,0.057513706386089325,0.03597399964928627,0.0,0.0,0.0,0.0,0.0,0.0,0.0,0.0,0.1539735198020935,0.45397353172302246,0.5612583160400391,0.3463576138019562,0.07341723144054413,0.07123444229364395,0.08202555030584335,0.14136989414691925,0.15635791420936584,0.12395252287387848,0.879849374294281,0.1656050980091095,0.48025476932525635,0.5907188057899475,0.3688808083534241,0.07855749130249023,0.07652126997709274,0.08832555264234543,0.1507248878479004,0.16616138815879822,0.1326783150434494,0.036563072353601456,0.18829981982707977,0.2632541060447693,0.11882998794317245,0.018437683582305908,0.04687541723251343,0.05730341374874115,0.035842470824718475
121,,5855,,,,,,,,,,,,,,,,,,,,,,,,,,,,,,,,,,,,,,,,,,,,,,,,,,3.1785647869110107,,,,,,,,,,,,,,,,,,,,,,,,,,,,,,,,,,,,,,,,,,,,,,,,,,
,0.0001,5899,,,,,,,,,,,,,,,,,,,,,,,,,,,,,,,,,,,,,,,,,,,,,,,,,,,,,,,,,,,,,,,,,,,,,,,,,,,,,,,,,,,,,,,,,,,,,,,,,,,,
122,,5899,,,,,,,,,,,,,,,,,,,,,,,,,,,,,,,,,,,,,,,,,,,,,,,,,,,3.1879096031188965,,,,,,,,,,,,,,,,,,,,,,,,,,,,,,,,,,,,,,,,,,,,,,,,,
122,,5903,,,,,,,,,,,,,,,,,,,,,,,,,,,,,,,,,,,,,,,,,,,,,,,,,,,,0.8611520528793335,0.6747705936431885,0.03669724613428116,0.18899083137512207,0.2623853087425232,0.11926605552434921,0.02388291247189045,0.020213188603520393,0.020142771303653717,0.048855822533369064,0.059146054089069366,0.03771546483039856,0.0,0.0,0.0,0.0,0.0,0.0,0.0,0.0,0.15099337697029114,0.45314571261405945,0.5615894198417664,0.34519869089126587,0.07467833161354065,0.07249718904495239,0.08214538544416428,0.14222295582294464,0.157387375831604,0.12470415234565735,0.8796375393867493,0.16232939064502716,0.47934484481811523,0.5912647843360901,0.36760690808296204,0.0797162652015686,0.07768276333808899,0.0882948637008667,0.1514832079410553,0.16713103652000427,0.1333317756652832,0.036563072353601456,0.18829981982707977,0.2614259719848633,0.11882998794317245,0.020069122314453125,0.04867719113826752,0.05892980098724365,0.037577562034130096
122,,5903,,,,,,,,,,,,,,,,,,,,,,,,,,,,,,,,,,,,,,,,,,,,,,,,,,3.1776065826416016,,,,,,,,,,,,,,,,,,,,,,,,,,,,,,,,,,,,,,,,,,,,,,,,,,
,0.0001,5949,,,,,,,,,,,,,,,,,,,,,,,,,,,,,,,,,,,,,,,,,,,,,,,,,,,,,,,,,,,,,,,,,,,,,,,,,,,,,,,,,,,,,,,,,,,,,,,,,,,,
123,,5949,,,,,,,,,,,,,,,,,,,,,,,,,,,,,,,,,,,,,,,,,,,,,,,,,,,3.2267372608184814,,,,,,,,,,,,,,,,,,,,,,,,,,,,,,,,,,,,,,,,,,,,,,,,,
123,,5951,,,,,,,,,,,,,,,,,,,,,,,,,,,,,,,,,,,,,,,,,,,,,,,,,,,,0.8608526587486267,0.6741605997085571,0.03486238420009613,0.1908256858587265,0.2642201781272888,0.12110091745853424,0.02283010631799698,0.019169507548213005,0.018923386931419373,0.04834369942545891,0.05856139957904816,0.03726229816675186,0.0,0.0,0.0,0.0,0.0,0.0,0.0,0.0,0.15463575720787048,0.4521523118019104,0.5586093068122864,0.34519869089126587,0.07304529845714569,0.07084932923316956,0.08201592415571213,0.14080896973609924,0.1557265967130661,0.12344394624233246,0.8793688416481018,0.16651500761508942,0.4780709743499756,0.5878070592880249,0.36742493510246277,0.0780256986618042,0.07597498595714569,0.08827350288629532,0.14997975528240204,0.16536353528499603,0.13199152052402496,0.03473491966724396,0.19012796878814697,0.2632541060447693,0.12065813690423965,0.01885419711470604,0.04816694185137749,0.05834728106856346,0.03712606057524681
123,,5951,,,,,,,,,,,,,,,,,,,,,,,,,,,,,,,,,,,,,,,,,,,,,,,,,,3.178284168243408,,,,,,,,,,,,,,,,,,,,,,,,,,,,,,,,,,,,,,,,,,,,,,,,,,
,0.0001,5999,,,,,,,,,,,,,,,,,,,,,,,,,,,,,,,,,,,,,,,,,,,,,,,,,,,,,,,,,,,,,,,,,,,,,,,,,,,,,,,,,,,,,,,,,,,,,,,,,,,,
124,,5999,,,,,,,,,,,,,,,,,,,,,,,,,,,,,,,,,,,,,,,,,,,,,,,,,,,3.073726177215576,,,,,,,,,,,,,,,,,,,,,,,,,,,,,,,,,,,,,,,,,,,,,,,,,
124,,5999,,,,,,,,,,,,,,,,,,,,,,,,,,,,,,,,,,,,,,,,,,,,,,,,,,,,0.8614853024482727,0.674107015132904,0.03486238420009613,0.18899083137512207,0.2623853087425232,0.11926605552434921,0.023982668295502663,0.020312944427132607,0.01988951675593853,0.04886480048298836,0.05910276249051094,0.03776673600077629,0.0,0.0,0.0,0.0,0.0,0.0,0.0,0.0,0.15248344838619232,0.45430463552474976,0.5612583160400391,0.3465231955051422,0.07453019917011261,0.07234741002321243,0.08247306197881699,0.14223769307136536,0.1572086662054062,0.12480322271585464,0.8800697326660156,0.1641492247581482,0.48061874508857727,0.5909007787704468,0.36906278133392334,0.07954356074333191,0.07750824093818665,0.08868016302585602,0.15149851143360138,0.166938915848732,0.13343560695648193,0.03473491966724396,0.18829981982707977,0.2614259719848633,0.11882998794317245,0.019816795364022255,0.048686135560274124,0.05888666585087776,0.037628646939992905
124,,5999,,,,,,,,,,,,,,,,,,,,,,,,,,,,,,,,,,,,,,,,,,,,,,,,,,3.17655611038208,,,,,,,,,,,,,,,,,,,,,,,,,,,,,,,,,,,,,,,,,,,,,,,,,,
125,,6047,,,,,,,,,,,,,,,,,,,,,,,,,,,,,,,,,,,,,,,,,,,,,,,,,,,,0.8612291216850281,0.6730307340621948,0.03486238420009613,0.18899083137512207,0.2642201781272888,0.11926605552434921,0.023818952962756157,0.020158354192972183,0.01966860704123974,0.04871627688407898,0.05921917036175728,0.037631284445524216,0.0,0.0,0.0,0.0,0.0,0.0,0.0,0.0,0.1554635763168335,0.45314571261405945,0.5617550015449524,0.34503310918807983,0.0733870193362236,0.07120669633150101,0.08240754902362823,0.1412857472896576,0.15647129714488983,0.12374433875083923,0.8798947930335999,0.16742493212223053,0.47934484481811523,0.5912647843360901,0.36742493510246277,0.07830322533845901,0.0762697160243988,0.0886300653219223,0.1504668891429901,0.1661168485879898,0.13228510320186615,0.03473491966724396,0.18829981982707977,0.2632541060447693,0.11882998794317245,0.01959669403731823,0.04853815212845802,0.059002649039030075,0.03749369829893112
125,,6047,,,,,,,,,,,,,,,,,,,,,,,,,,,,,,,,,,,,,,,,,,,,,,,,,,3.177021026611328,,,,,,,,,,,,,,,,,,,,,,,,,,,,,,,,,,,,,,,,,,,,,,,,,,
,0.0001,6049,,,,,,,,,,,,,,,,,,,,,,,,,,,,,,,,,,,,,,,,,,,,,,,,,,,,,,,,,,,,,,,,,,,,,,,,,,,,,,,,,,,,,,,,,,,,,,,,,,,,
126,,6049,,,,,,,,,,,,,,,,,,,,,,,,,,,,,,,,,,,,,,,,,,,,,,,,,,,3.2474920749664307,,,,,,,,,,,,,,,,,,,,,,,,,,,,,,,,,,,,,,,,,,,,,,,,,
126,,6095,,,,,,,,,,,,,,,,,,,,,,,,,,,,,,,,,,,,,,,,,,,,,,,,,,,,0.8614932894706726,0.6740410327911377,0.0330275222659111,0.18532110750675201,0.2642201781272888,0.11926605552434921,0.023102471604943275,0.01944187842309475,0.01859617419540882,0.04768160730600357,0.05873233824968338,0.03718595579266548,0.0,0.0,0.0,0.0,0.0,0.0,0.0,0.0,0.15347681939601898,0.4538079500198364,0.5599337816238403,0.3440397381782532,0.07476303726434708,0.07257365435361862,0.0829540342092514,0.1423967033624649,0.15725119411945343,0.12458249926567078,0.8800850510597229,0.16542311012744904,0.4804367423057556,0.5892629623413086,0.3663330376148224,0.0798867866396904,0.0778433233499527,0.08933711051940918,0.15179064869880676,0.16702239215373993,0.13325056433677673,0.03290676325559616,0.18464352190494537,0.2632541060447693,0.11882998794317245,0.018528180196881294,0.04750727117061615,0.05851759761571884,0.03704999387264252
126,,6095,,,,,,,,,,,,,,,,,,,,,,,,,,,,,,,,,,,,,,,,,,,,,,,,,,3.178044080734253,,,,,,,,,,,,,,,,,,,,,,,,,,,,,,,,,,,,,,,,,,,,,,,,,,
,0.0001,6099,,,,,,,,,,,,,,,,,,,,,,,,,,,,,,,,,,,,,,,,,,,,,,,,,,,,,,,,,,,,,,,,,,,,,,,,,,,,,,,,,,,,,,,,,,,,,,,,,,,,
127,,6099,,,,,,,,,,,,,,,,,,,,,,,,,,,,,,,,,,,,,,,,,,,,,,,,,,,3.162243604660034,,,,,,,,,,,,,,,,,,,,,,,,,,,,,,,,,,,,,,,,,,,,,,,,,
127,,6143,,,,,,,,,,,,,,,,,,,,,,,,,,,,,,,,,,,,,,,,,,,,,,,,,,,,0.8613114953041077,0.673311173915863,0.0330275222659111,0.1908256858587265,0.2623853087425232,0.11743119359016418,0.023730281740427017,0.02006055787205696,0.01913902908563614,0.0488763153553009,0.05887412652373314,0.03724830597639084,0.0,0.0,0.0,0.0,0.0,0.0,0.0,0.0,0.15364238619804382,0.4541390836238861,0.5619205236434937,0.3445364236831665,0.07380940020084381,0.07162990421056747,0.08229351043701172,0.14173190295696259,0.1568024456501007,0.12396276742219925,0.8799574375152588,0.1656050980091095,0.48025476932525635,0.5916287302970886,0.36706095933914185,0.0787762999534607,0.07674460113048553,0.08855723589658737,0.1509414166212082,0.16651508212089539,0.13256320357322693,0.03290676325559616,0.19012796878814697,0.2614259719848633,0.11700183153152466,0.01906905137002468,0.04869760572910309,0.05865887179970741,0.037112120538949966
127,,6143,,,,,,,,,,,,,,,,,,,,,,,,,,,,,,,,,,,,,,,,,,,,,,,,,,3.177171468734741,,,,,,,,,,,,,,,,,,,,,,,,,,,,,,,,,,,,,,,,,,,,,,,,,,
,0.0001,6149,,,,,,,,,,,,,,,,,,,,,,,,,,,,,,,,,,,,,,,,,,,,,,,,,,,,,,,,,,,,,,,,,,,,,,,,,,,,,,,,,,,,,,,,,,,,,,,,,,,,
128,,6149,,,,,,,,,,,,,,,,,,,,,,,,,,,,,,,,,,,,,,,,,,,,,,,,,,,3.17676043510437,,,,,,,,,,,,,,,,,,,,,,,,,,,,,,,,,,,,,,,,,,,,,,,,,
128,,6191,,,,,,,,,,,,,,,,,,,,,,,,,,,,,,,,,,,,,,,,,,,,,,,,,,,,0.8614487648010254,0.6753717064857483,0.04220183566212654,0.18715596199035645,0.2623853087425232,0.11743119359016418,0.02470008097589016,0.021030357107520103,0.022473106160759926,0.04923757165670395,0.05978767201304436,0.03808905929327011,0.0,0.0,0.0,0.0,0.0,0.0,0.0,0.0,0.15496689081192017,0.45579472184181213,0.5622516870498657,0.3456953763961792,0.07425729930400848,0.07207944989204407,0.08299127221107483,0.14235860109329224,0.1572217047214508,0.12453392893075943,0.8799041509628296,0.1661510467529297,0.4824385643005371,0.5919927358627319,0.3683348298072815,0.07917243987321854,0.07714255154132843,0.08899351954460144,0.15159444510936737,0.16688530147075653,0.13310763239860535,0.04204753413796425,0.18647167086601257,0.2614259719848633,0.11700183153152466,0.02239093743264675,0.04905754700303078,0.05956907197833061,0.03794979676604271
128,,6191,,,,,,,,,,,,,,,,,,,,,,,,,,,,,,,,,,,,,,,,,,,,,,,,,,3.175870895385742,,,,,,,,,,,,,,,,,,,,,,,,,,,,,,,,,,,,,,,,,,,,,,,,,,
,0.0001,6199,,,,,,,,,,,,,,,,,,,,,,,,,,,,,,,,,,,,,,,,,,,,,,,,,,,,,,,,,,,,,,,,,,,,,,,,,,,,,,,,,,,,,,,,,,,,,,,,,,,,
129,,6199,,,,,,,,,,,,,,,,,,,,,,,,,,,,,,,,,,,,,,,,,,,,,,,,,,,3.311222791671753,,,,,,,,,,,,,,,,,,,,,,,,,,,,,,,,,,,,,,,,,,,,,,,,,
129,,6239,,,,,,,,,,,,,,,,,,,,,,,,,,,,,,,,,,,,,,,,,,,,,,,,,,,,0.8613891005516052,0.6740979552268982,0.03669724613428116,0.18715596199035645,0.2623853087425232,0.12110091745853424,0.023559438064694405,0.01988971419632435,0.020026545971632004,0.048316776752471924,0.0588144026696682,0.037779662758111954,0.0,0.0,0.0,0.0,0.0,0.0,0.0,0.0,0.15496689081192017,0.4538079500198364,0.5619205236434937,0.3460265100002289,0.07462288439273834,0.072443388402462,0.08321946859359741,0.1423226147890091,0.15742984414100647,0.124866783618927,0.8799647092819214,0.16669699549674988,0.48025476932525635,0.5916287302970886,0.3683348298072815,0.07968740910291672,0.07765571773052216,0.0894870012998581,0.1516461968421936,0.1672106236219406,0.13350418210029602,0.036563072353601456,0.18647167086601257,0.2614259719848633,0.12065813690423965,0.019953323528170586,0.048140112310647964,0.058599360287189484,0.037641532719135284
129,,6239,,,,,,,,,,,,,,,,,,,,,,,,,,,,,,,,,,,,,,,,,,,,,,,,,,3.176715850830078,,,,,,,,,,,,,,,,,,,,,,,,,,,,,,,,,,,,,,,,,,,,,,,,,,
,0.0001,6249,,,,,,,,,,,,,,,,,,,,,,,,,,,,,,,,,,,,,,,,,,,,,,,,,,,,,,,,,,,,,,,,,,,,,,,,,,,,,,,,,,,,,,,,,,,,,,,,,,,,
130,,6249,,,,,,,,,,,,,,,,,,,,,,,,,,,,,,,,,,,,,,,,,,,,,,,,,,,3.1698272228240967,,,,,,,,,,,,,,,,,,,,,,,,,,,,,,,,,,,,,,,,,,,,,,,,,
130,,6287,,,,,,,,,,,,,,,,,,,,,,,,,,,,,,,,,,,,,,,,,,,,,,,,,,,,0.8612303733825684,0.6747987270355225,0.03669724613428116,0.18715596199035645,0.26605504751205444,0.11743119359016418,0.025075111538171768,0.021423645317554474,0.02115708403289318,0.04933825507760048,0.06041402742266655,0.03827870264649391,0.0,0.0,0.0,0.0,0.0,0.0,0.0,0.0,0.15562914311885834,0.45397353172302246,0.5619205236434937,0.34437087178230286,0.074204221367836,0.07202472537755966,0.08311394602060318,0.14204785227775574,0.15714909136295319,0.12428544461727142,0.8797208666801453,0.16742493212223053,0.4804367423057556,0.5912647843360901,0.3668789863586426,0.07907689362764359,0.07704339176416397,0.08925889432430267,0.15124289691448212,0.16674336791038513,0.13281568884849548,0.036563072353601456,0.18647167086601257,0.2650822699069977,0.11700183153152466,0.02107972651720047,0.04915786162018776,0.06019313633441925,0.0381387434899807
130,,6287,,,,,,,,,,,,,,,,,,,,,,,,,,,,,,,,,,,,,,,,,,,,,,,,,,3.176388740539551,,,,,,,,,,,,,,,,,,,,,,,,,,,,,,,,,,,,,,,,,,,,,,,,,,
,0.0001,6299,,,,,,,,,,,,,,,,,,,,,,,,,,,,,,,,,,,,,,,,,,,,,,,,,,,,,,,,,,,,,,,,,,,,,,,,,,,,,,,,,,,,,,,,,,,,,,,,,,,,
131,,6299,,,,,,,,,,,,,,,,,,,,,,,,,,,,,,,,,,,,,,,,,,,,,,,,,,,3.118410110473633,,,,,,,,,,,,,,,,,,,,,,,,,,,,,,,,,,,,,,,,,,,,,,,,,
131,,6335,,,,,,,,,,,,,,,,,,,,,,,,,,,,,,,,,,,,,,,,,,,,,,,,,,,,0.8613008260726929,0.6749574542045593,0.03486238420009613,0.18899083137512207,0.2642201781272888,0.12110091745853424,0.023164788261055946,0.01950419321656227,0.019250348210334778,0.04823165014386177,0.05875412002205849,0.037467535585165024,0.0,0.0,0.0,0.0,0.0,0.0,0.0,0.0,0.15413907170295715,0.45198675990104675,0.560761570930481,0.3438741862773895,0.0741095319390297,0.07192426919937134,0.08270718902349472,0.14160943031311035,0.15681695938110352,0.12405770272016525,0.879782497882843,0.16596905887126923,0.4780709743499756,0.5901728868484497,0.36596906185150146,0.07916228473186493,0.07712335139513016,0.0890008956193924,0.15087072551250458,0.1665429323911667,0.13264581561088562,0.03473491966724396,0.18829981982707977,0.2632541060447693,0.12065813690423965,0.019179964438080788,0.04805530235171318,0.05853930115699768,0.037330545485019684
131,,6335,,,,,,,,,,,,,,,,,,,,,,,,,,,,,,,,,,,,,,,,,,,,,,,,,,3.177489995956421,,,,,,,,,,,,,,,,,,,,,,,,,,,,,,,,,,,,,,,,,,,,,,,,,,
,0.0001,6349,,,,,,,,,,,,,,,,,,,,,,,,,,,,,,,,,,,,,,,,,,,,,,,,,,,,,,,,,,,,,,,,,,,,,,,,,,,,,,,,,,,,,,,,,,,,,,,,,,,,
132,,6349,,,,,,,,,,,,,,,,,,,,,,,,,,,,,,,,,,,,,,,,,,,,,,,,,,,3.120840311050415,,,,,,,,,,,,,,,,,,,,,,,,,,,,,,,,,,,,,,,,,,,,,,,,,
132,,6383,,,,,,,,,,,,,,,,,,,,,,,,,,,,,,,,,,,,,,,,,,,,,,,,,,,,0.8613201975822449,0.6748416423797607,0.03669724613428116,0.18715596199035645,0.2642201781272888,0.11743119359016418,0.021873509511351585,0.01821291260421276,0.01870962791144848,0.047058138996362686,0.05781077221035957,0.03591848909854889,0.0,0.0,0.0,0.0,0.0,0.0,0.0,0.0,0.15562914311885834,0.45463576912879944,0.5612583160400391,0.3460265100002289,0.07400685548782349,0.07182405889034271,0.08294349163770676,0.14202019572257996,0.1569216549396515,0.1244325339794159,0.8798153400421143,0.16742493212223053,0.48116469383239746,0.5907188057899475,0.3686988055706024,0.07917749136686325,0.07714126259088516,0.08931427448987961,0.1514386385679245,0.16675157845020294,0.13321144878864288,0.036563072353601456,0.18647167086601257,0.2632541060447693,0.11700183153152466,0.018641220405697823,0.04688608646392822,0.05759940296411514,0.03578716143965721
132,,6383,,,,,,,,,,,,,,,,,,,,,,,,,,,,,,,,,,,,,,,,,,,,,,,,,,3.1751132011413574,,,,,,,,,,,,,,,,,,,,,,,,,,,,,,,,,,,,,,,,,,,,,,,,,,
,0.0001,6399,,,,,,,,,,,,,,,,,,,,,,,,,,,,,,,,,,,,,,,,,,,,,,,,,,,,,,,,,,,,,,,,,,,,,,,,,,,,,,,,,,,,,,,,,,,,,,,,,,,,
133,,6399,,,,,,,,,,,,,,,,,,,,,,,,,,,,,,,,,,,,,,,,,,,,,,,,,,,3.137423038482666,,,,,,,,,,,,,,,,,,,,,,,,,,,,,,,,,,,,,,,,,,,,,,,,,
133,,6431,,,,,,,,,,,,,,,,,,,,,,,,,,,,,,,,,,,,,,,,,,,,,,,,,,,,0.8613237738609314,0.6743865013122559,0.03486238420009613,0.1834862381219864,0.2642201781272888,0.12293577939271927,0.022263644263148308,0.018603049218654633,0.018490221351385117,0.04666582867503166,0.05795010179281235,0.037056002765893936,0.0,0.0,0.0,0.0,0.0,0.0,0.0,0.0,0.15380795300006866,0.4541390836238861,0.5617550015449524,0.34735098481178284,0.07443096488714218,0.07225064188241959,0.08276593685150146,0.14221781492233276,0.15727506577968597,0.12495923787355423,0.8798643946647644,0.1656050980091095,0.4809826910495758,0.5912647843360901,0.36960873007774353,0.07960496842861176,0.07757145911455154,0.0891408696770668,0.15169475972652435,0.16712622344493866,0.13367755711078644,0.03473491966724396,0.18281535804271698,0.2632541060447693,0.12248629331588745,0.01842261478304863,0.04649520665407181,0.05773822218179703,0.036920517683029175
133,,6431,,,,,,,,,,,,,,,,,,,,,,,,,,,,,,,,,,,,,,,,,,,,,,,,,,3.1751983165740967,,,,,,,,,,,,,,,,,,,,,,,,,,,,,,,,,,,,,,,,,,,,,,,,,,
,0.0001,6449,,,,,,,,,,,,,,,,,,,,,,,,,,,,,,,,,,,,,,,,,,,,,,,,,,,,,,,,,,,,,,,,,,,,,,,,,,,,,,,,,,,,,,,,,,,,,,,,,,,,
134,,6449,,,,,,,,,,,,,,,,,,,,,,,,,,,,,,,,,,,,,,,,,,,,,,,,,,,3.1792378425598145,,,,,,,,,,,,,,,,,,,,,,,,,,,,,,,,,,,,,,,,,,,,,,,,,
134,,6479,,,,,,,,,,,,,,,,,,,,,,,,,,,,,,,,,,,,,,,,,,,,,,,,,,,,0.8611074686050415,0.6737866401672363,0.03486238420009613,0.18165138363838196,0.25871559977531433,0.11926605552434921,0.02265883795917034,0.018970856443047523,0.018886912614107132,0.04667051136493683,0.0575089268386364,0.03668768331408501,0.0,0.0,0.0,0.0,0.0,0.0,0.0,0.0,0.15347681939601898,0.4518212080001831,0.5602648854255676,0.3460265100002289,0.07483738660812378,0.07264965027570724,0.08302775025367737,0.1421462595462799,0.1573275923728943,0.125003844499588,0.8796859979629517,0.16524112224578857,0.4786169230937958,0.5901728868484497,0.36851683259010315,0.08001250773668289,0.07797356694936752,0.08938930928707123,0.15161563456058502,0.16722771525382996,0.1337631195783615,0.03473491966724396,0.18098720908164978,0.2577696740627289,0.11882998794317245,0.018817858770489693,0.04649987071752548,0.05729866027832031,0.03655353933572769
134,,6479,,,,,,,,,,,,,,,,,,,,,,,,,,,,,,,,,,,,,,,,,,,,,,,,,,3.1784965991973877,,,,,,,,,,,,,,,,,,,,,,,,,,,,,,,,,,,,,,,,,,,,,,,,,,
,0.0001,6499,,,,,,,,,,,,,,,,,,,,,,,,,,,,,,,,,,,,,,,,,,,,,,,,,,,,,,,,,,,,,,,,,,,,,,,,,,,,,,,,,,,,,,,,,,,,,,,,,,,,
135,,6499,,,,,,,,,,,,,,,,,,,,,,,,,,,,,,,,,,,,,,,,,,,,,,,,,,,3.13387393951416,,,,,,,,,,,,,,,,,,,,,,,,,,,,,,,,,,,,,,,,,,,,,,,,,
135,,6527,,,,,,,,,,,,,,,,,,,,,,,,,,,,,,,,,,,,,,,,,,,,,,,,,,,,0.8614022731781006,0.6726303696632385,0.03669724613428116,0.18532110750675201,0.2623853087425232,0.11559633165597916,0.02113630622625351,0.017466582357883453,0.018181368708610535,0.04603378474712372,0.05688071623444557,0.03494105860590935,0.0,0.0,0.0,0.0,0.0,0.0,0.0,0.0,0.1539735198020935,0.45430463552474976,0.5614238381385803,0.3445364236831665,0.07443525642156601,0.0722532868385315,0.0827878937125206,0.14226819574832916,0.15724530816078186,0.12446653097867966,0.8801248669624329,0.1656050980091095,0.4809826910495758,0.5910828113555908,0.3672429323196411,0.07972150295972824,0.0776870921254158,0.0891956314444542,0.1518128365278244,0.16719956696033478,0.13334576785564423,0.036563072353601456,0.18464352190494537,0.2614259719848633,0.11517367511987686,0.01811489276587963,0.04586547613143921,0.05667274817824364,0.034813303500413895
135,,6527,,,,,,,,,,,,,,,,,,,,,,,,,,,,,,,,,,,,,,,,,,,,,,,,,,3.176879644393921,,,,,,,,,,,,,,,,,,,,,,,,,,,,,,,,,,,,,,,,,,,,,,,,,,
,0.0001,6549,,,,,,,,,,,,,,,,,,,,,,,,,,,,,,,,,,,,,,,,,,,,,,,,,,,,,,,,,,,,,,,,,,,,,,,,,,,,,,,,,,,,,,,,,,,,,,,,,,,,
136,,6549,,,,,,,,,,,,,,,,,,,,,,,,,,,,,,,,,,,,,,,,,,,,,,,,,,,3.19075870513916,,,,,,,,,,,,,,,,,,,,,,,,,,,,,,,,,,,,,,,,,,,,,,,,,
136,,6575,,,,,,,,,,,,,,,,,,,,,,,,,,,,,,,,,,,,,,,,,,,,,,,,,,,,0.8614574074745178,0.6756540536880493,0.03669724613428116,0.18532110750675201,0.2623853087425232,0.11926605552434921,0.022833039984107018,0.019163314253091812,0.019594429060816765,0.047357603907585144,0.05811922252178192,0.03686428442597389,0.0,0.0,0.0,0.0,0.0,0.0,0.0,0.0,0.155132457613945,0.4536423981189728,0.5597681999206543,0.3440397381782532,0.07417753338813782,0.0719873234629631,0.08299717307090759,0.1419631987810135,0.15680767595767975,0.12419632077217102,0.8798854351043701,0.16687898337841034,0.48025476932525635,0.5892629623413086,0.3663330376148224,0.07926993072032928,0.07722646743059158,0.08928552269935608,0.15134628117084503,0.1665956974029541,0.132858008146286,0.036563072353601456,0.18464352190494537,0.2614259719848633,0.11882998794317245,0.019522786140441895,0.047184452414512634,0.05790672078728676,0.03672950342297554
136,,6575,,,,,,,,,,,,,,,,,,,,,,,,,,,,,,,,,,,,,,,,,,,,,,,,,,3.1768722534179688,,,,,,,,,,,,,,,,,,,,,,,,,,,,,,,,,,,,,,,,,,,,,,,,,,
,0.0001,6599,,,,,,,,,,,,,,,,,,,,,,,,,,,,,,,,,,,,,,,,,,,,,,,,,,,,,,,,,,,,,,,,,,,,,,,,,,,,,,,,,,,,,,,,,,,,,,,,,,,,
137,,6599,,,,,,,,,,,,,,,,,,,,,,,,,,,,,,,,,,,,,,,,,,,,,,,,,,,3.162062406539917,,,,,,,,,,,,,,,,,,,,,,,,,,,,,,,,,,,,,,,,,,,,,,,,,
137,,6623,,,,,,,,,,,,,,,,,,,,,,,,,,,,,,,,,,,,,,,,,,,,,,,,,,,,0.8612135052680969,0.6748683452606201,0.038532111793756485,0.18899083137512207,0.2623853087425232,0.11926605552434921,0.023352421820163727,0.01968269981443882,0.020333249121904373,0.048492103815078735,0.0587078221142292,0.03746442124247551,0.0,0.0,0.0,0.0,0.0,0.0,0.0,0.0,0.15380795300006866,0.4544702172279358,0.560927152633667,0.34503310918807983,0.07418420910835266,0.07199976593255997,0.08257894217967987,0.14209580421447754,0.15697598457336426,0.12436741590499878,0.8796952962875366,0.16524112224578857,0.48080071806907654,0.5905368328094482,0.36742493510246277,0.07922575622797012,0.07718862593173981,0.08875253796577454,0.15137949585914612,0.16672231256961823,0.13298654556274414,0.038391225039958954,0.18829981982707977,0.2614259719848633,0.11882998794317245,0.020258905366063118,0.04831480234861374,0.05849317088723183,0.037327442318201065
137,,6623,,,,,,,,,,,,,,,,,,,,,,,,,,,,,,,,,,,,,,,,,,,,,,,,,,3.1758408546447754,,,,,,,,,,,,,,,,,,,,,,,,,,,,,,,,,,,,,,,,,,,,,,,,,,
,1e-05,6649,,,,,,,,,,,,,,,,,,,,,,,,,,,,,,,,,,,,,,,,,,,,,,,,,,,,,,,,,,,,,,,,,,,,,,,,,,,,,,,,,,,,,,,,,,,,,,,,,,,,
138,,6649,,,,,,,,,,,,,,,,,,,,,,,,,,,,,,,,,,,,,,,,,,,,,,,,,,,3.1404669284820557,,,,,,,,,,,,,,,,,,,,,,,,,,,,,,,,,,,,,,,,,,,,,,,,,
138,,6671,,,,,,,,,,,,,,,,,,,,,,,,,,,,,,,,,,,,,,,,,,,,,,,,,,,,0.8614130020141602,0.6745347380638123,0.03669724613428116,0.18715596199035645,0.25871559977531433,0.11926605552434921,0.023543281480669975,0.019855298101902008,0.019990231841802597,0.04822717234492302,0.0582449734210968,0.037469133734703064,0.0,0.0,0.0,0.0,0.0,0.0,0.0,0.0,0.155132457613945,0.45513245463371277,0.5589404106140137,0.3456953763961792,0.07426720857620239,0.07207287847995758,0.08300023525953293,0.14226676523685455,0.1567864716053009,0.12454234063625336,0.8799477219581604,0.16687898337841034,0.48171064257621765,0.588716983795166,0.3681528568267822,0.07929804921150208,0.0772518664598465,0.0892496332526207,0.15159371495246887,0.16655990481376648,0.13317833840847015,0.036563072353601456,0.18647167086601257,0.2577696740627289,0.11882998794317245,0.019917141646146774,0.04805084317922592,0.05803200975060463,0.03733213618397713
138,,6671,,,,,,,,,,,,,,,,,,,,,,,,,,,,,,,,,,,,,,,,,,,,,,,,,,3.1743643283843994,,,,,,,,,,,,,,,,,,,,,,,,,,,,,,,,,,,,,,,,,,,,,,,,,,
,1e-05,6699,,,,,,,,,,,,,,,,,,,,,,,,,,,,,,,,,,,,,,,,,,,,,,,,,,,,,,,,,,,,,,,,,,,,,,,,,,,,,,,,,,,,,,,,,,,,,,,,,,,,
139,,6699,,,,,,,,,,,,,,,,,,,,,,,,,,,,,,,,,,,,,,,,,,,,,,,,,,,3.141341209411621,,,,,,,,,,,,,,,,,,,,,,,,,,,,,,,,,,,,,,,,,,,,,,,,,
139,,6719,,,,,,,,,,,,,,,,,,,,,,,,,,,,,,,,,,,,,,,,,,,,,,,,,,,,0.8614442348480225,0.6743472218513489,0.03669724613428116,0.18532110750675201,0.25871559977531433,0.11926605552434921,0.023523785173892975,0.019835805520415306,0.01997292973101139,0.04794445261359215,0.058236557990312576,0.03746099770069122,0.0,0.0,0.0,0.0,0.0,0.0,0.0,0.0,0.15612582862377167,0.45513245463371277,0.5597681999206543,0.3453642427921295,0.07456061244010925,0.07237040251493454,0.0835203304886818,0.14251595735549927,0.15714772045612335,0.1247253343462944,0.880000650882721,0.16797088086605072,0.4818926155567169,0.5896269083023071,0.3677888810634613,0.07962249219417572,0.07758083939552307,0.08982302993535995,0.1518956571817398,0.166957825422287,0.13338029384613037,0.036563072353601456,0.18464352190494537,0.2577696740627289,0.11882998794317245,0.019899902865290642,0.047769155353307724,0.05802362412214279,0.037324029952287674
139,,6719,,,,,,,,,,,,,,,,,,,,,,,,,,,,,,,,,,,,,,,,,,,,,,,,,,3.1745498180389404,,,,,,,,,,,,,,,,,,,,,,,,,,,,,,,,,,,,,,,,,,,,,,,,,,
,1e-05,6749,,,,,,,,,,,,,,,,,,,,,,,,,,,,,,,,,,,,,,,,,,,,,,,,,,,,,,,,,,,,,,,,,,,,,,,,,,,,,,,,,,,,,,,,,,,,,,,,,,,,
140,,6749,,,,,,,,,,,,,,,,,,,,,,,,,,,,,,,,,,,,,,,,,,,,,,,,,,,3.0774457454681396,,,,,,,,,,,,,,,,,,,,,,,,,,,,,,,,,,,,,,,,,,,,,,,,,
140,,6767,,,,,,,,,,,,,,,,,,,,,,,,,,,,,,,,,,,,,,,,,,,,,,,,,,,,0.8614189028739929,0.6741795539855957,0.038532111793756485,0.1834862381219864,0.26055046916007996,0.11926605552434921,0.02358930930495262,0.019910454750061035,0.02052980847656727,0.04775826632976532,0.05856319144368172,0.03753208741545677,0.0,0.0,0.0,0.0,0.0,0.0,0.0,0.0,0.15596026182174683,0.45430463552474976,0.560761570930481,0.3453642427921295,0.07444015890359879,0.07225489616394043,0.08337491005659103,0.1423206627368927,0.15720714628696442,0.12465596199035645,0.8799894452095032,0.1676069051027298,0.48116469383239746,0.5905368328094482,0.3677888810634613,0.07948359102010727,0.07744646817445755,0.08960795402526855,0.15169945359230042,0.1669907569885254,0.13329699635505676,0.038391225039958954,0.18281535804271698,0.2595978081226349,0.11882998794317245,0.02045474573969841,0.04758365452289581,0.058349061757326126,0.03739485889673233
140,,6767,,,,,,,,,,,,,,,,,,,,,,,,,,,,,,,,,,,,,,,,,,,,,,,,,,3.1752896308898926,,,,,,,,,,,,,,,,,,,,,,,,,,,,,,,,,,,,,,,,,,,,,,,,,,
,1e-05,6799,,,,,,,,,,,,,,,,,,,,,,,,,,,,,,,,,,,,,,,,,,,,,,,,,,,,,,,,,,,,,,,,,,,,,,,,,,,,,,,,,,,,,,,,,,,,,,,,,,,,
141,,6799,,,,,,,,,,,,,,,,,,,,,,,,,,,,,,,,,,,,,,,,,,,,,,,,,,,3.2038347721099854,,,,,,,,,,,,,,,,,,,,,,,,,,,,,,,,,,,,,,,,,,,,,,,,,
141,,6815,,,,,,,,,,,,,,,,,,,,,,,,,,,,,,,,,,,,,,,,,,,,,,,,,,,,0.8613880276679993,0.6741510033607483,0.038532111793756485,0.18715596199035645,0.25871559977531433,0.11926605552434921,0.023561103269457817,0.01987311989068985,0.020538413897156715,0.048278313130140305,0.05829048529267311,0.03750723600387573,0.0,0.0,0.0,0.0,0.0,0.0,0.0,0.0,0.155132457613945,0.4541390836238861,0.5600993633270264,0.3456953763961792,0.07467412948608398,0.07248556613922119,0.08330651372671127,0.14246360957622528,0.15728874504566193,0.12488015741109848,0.8799583911895752,0.16669699549674988,0.48061874508857727,0.5899909138679504,0.3681528568267822,0.07974357157945633,0.07770372182130814,0.08953191339969635,0.15180501341819763,0.1671075075864792,0.1335458904504776,0.038391225039958954,0.18647167086601257,0.2577696740627289,0.11882998794317245,0.02046331949532032,0.048101793974637985,0.058077357709407806,0.03737010061740875
141,,6815,,,,,,,,,,,,,,,,,,,,,,,,,,,,,,,,,,,,,,,,,,,,,,,,,,3.1752023696899414,,,,,,,,,,,,,,,,,,,,,,,,,,,,,,,,,,,,,,,,,,,,,,,,,,
,1e-05,6849,,,,,,,,,,,,,,,,,,,,,,,,,,,,,,,,,,,,,,,,,,,,,,,,,,,,,,,,,,,,,,,,,,,,,,,,,,,,,,,,,,,,,,,,,,,,,,,,,,,,
142,,6849,,,,,,,,,,,,,,,,,,,,,,,,,,,,,,,,,,,,,,,,,,,,,,,,,,,3.1039178371429443,,,,,,,,,,,,,,,,,,,,,,,,,,,,,,,,,,,,,,,,,,,,,,,,,
142,,6863,,,,,,,,,,,,,,,,,,,,,,,,,,,,,,,,,,,,,,,,,,,,,,,,,,,,0.8614668846130371,0.6744848489761353,0.038532111793756485,0.18715596199035645,0.26055046916007996,0.11926605552434921,0.022601408883929253,0.018922556191682816,0.01982612907886505,0.0475466251373291,0.05780278891324997,0.036765653640031815,0.0,0.0,0.0,0.0,0.0,0.0,0.0,0.0,0.15596026182174683,0.4544702172279358,0.5605960488319397,0.34519869089126587,0.07414320111274719,0.07195710390806198,0.08314754068851471,0.14210601150989532,0.15694288909435272,0.1243935227394104,0.8800119757652283,0.1676069051027298,0.4809826910495758,0.590354859828949,0.36760690808296204,0.07925516366958618,0.07721713185310364,0.08942782878875732,0.15148451924324036,0.16677570343017578,0.13308453559875488,0.038391225039958954,0.18647167086601257,0.2595978081226349,0.11882998794317245,0.01975364051759243,0.04737278074026108,0.057591453194618225,0.036631226539611816
142,,6863,,,,,,,,,,,,,,,,,,,,,,,,,,,,,,,,,,,,,,,,,,,,,,,,,,3.1750967502593994,,,,,,,,,,,,,,,,,,,,,,,,,,,,,,,,,,,,,,,,,,,,,,,,,,
,1e-05,6899,,,,,,,,,,,,,,,,,,,,,,,,,,,,,,,,,,,,,,,,,,,,,,,,,,,,,,,,,,,,,,,,,,,,,,,,,,,,,,,,,,,,,,,,,,,,,,,,,,,,
143,,6899,,,,,,,,,,,,,,,,,,,,,,,,,,,,,,,,,,,,,,,,,,,,,,,,,,,3.090000867843628,,,,,,,,,,,,,,,,,,,,,,,,,,,,,,,,,,,,,,,,,,,,,,,,,
143,,6911,,,,,,,,,,,,,,,,,,,,,,,,,,,,,,,,,,,,,,,,,,,,,,,,,,,,0.8614152669906616,0.6741495728492737,0.03669724613428116,0.18715596199035645,0.26055046916007996,0.11926605552434921,0.022684235125780106,0.01900538243353367,0.01937614567577839,0.04761708155274391,0.057873427867889404,0.036839623004198074,0.0,0.0,0.0,0.0,0.0,0.0,0.0,0.0,0.15480132400989532,0.4548013210296631,0.560761570930481,0.3460265100002289,0.07434208691120148,0.07215682417154312,0.08295916020870209,0.14230550825595856,0.15711760520935059,0.12468244880437851,0.8799885511398315,0.16651500761508942,0.48134666681289673,0.5905368328094482,0.36851683259010315,0.07946556061506271,0.077428437769413,0.0892653837800026,0.1516968011856079,0.16696074604988098,0.13339479267597198,0.036563072353601456,0.18647167086601257,0.2595978081226349,0.11882998794317245,0.01930530183017254,0.047442980110645294,0.05766182392835617,0.03670492768287659
143,,6911,,,,,,,,,,,,,,,,,,,,,,,,,,,,,,,,,,,,,,,,,,,,,,,,,,3.174839496612549,,,,,,,,,,,,,,,,,,,,,,,,,,,,,,,,,,,,,,,,,,,,,,,,,,
,1e-05,6949,,,,,,,,,,,,,,,,,,,,,,,,,,,,,,,,,,,,,,,,,,,,,,,,,,,,,,,,,,,,,,,,,,,,,,,,,,,,,,,,,,,,,,,,,,,,,,,,,,,,
144,,6949,,,,,,,,,,,,,,,,,,,,,,,,,,,,,,,,,,,,,,,,,,,,,,,,,,,3.203376293182373,,,,,,,,,,,,,,,,,,,,,,,,,,,,,,,,,,,,,,,,,,,,,,,,,
144,,6959,,,,,,,,,,,,,,,,,,,,,,,,,,,,,,,,,,,,,,,,,,,,,,,,,,,,0.861404299736023,0.6741177439689636,0.038532111793756485,0.18532110750675201,0.25871559977531433,0.11926605552434921,0.023073457181453705,0.019385473802685738,0.020203007385134697,0.04766170680522919,0.05795261636376381,0.037158720195293427,0.0,0.0,0.0,0.0,0.0,0.0,0.0,0.0,0.1554635763168335,0.45430463552474976,0.5602648854255676,0.34519869089126587,0.07437000423669815,0.07218226790428162,0.083163321018219,0.14223141968250275,0.15705496072769165,0.1245369240641594,0.87997967004776,0.1670609563589096,0.4809826910495758,0.5901728868484497,0.36760690808296204,0.07945764809846878,0.07741871476173401,0.0894077941775322,0.15161094069480896,0.16688401997089386,0.1332031786441803,0.038391225039958954,0.18464352190494537,0.2577696740627289,0.11882998794317245,0.020129140466451645,0.047487445175647736,0.057740721851587296,0.03702285885810852
144,,6959,,,,,,,,,,,,,,,,,,,,,,,,,,,,,,,,,,,,,,,,,,,,,,,,,,3.1743156909942627,,,,,,,,,,,,,,,,,,,,,,,,,,,,,,,,,,,,,,,,,,,,,,,,,,
,1e-05,6999,,,,,,,,,,,,,,,,,,,,,,,,,,,,,,,,,,,,,,,,,,,,,,,,,,,,,,,,,,,,,,,,,,,,,,,,,,,,,,,,,,,,,,,,,,,,,,,,,,,,
145,,6999,,,,,,,,,,,,,,,,,,,,,,,,,,,,,,,,,,,,,,,,,,,,,,,,,,,3.1336476802825928,,,,,,,,,,,,,,,,,,,,,,,,,,,,,,,,,,,,,,,,,,,,,,,,,
145,,7007,,,,,,,,,,,,,,,,,,,,,,,,,,,,,,,,,,,,,,,,,,,,,,,,,,,,0.8614636063575745,0.6743213534355164,0.03486238420009613,0.18532110750675201,0.25871559977531433,0.11926605552434921,0.02302602119743824,0.019338037818670273,0.019120266661047935,0.04760485887527466,0.057902369648218155,0.03710737079381943,0.0,0.0,0.0,0.0,0.0,0.0,0.0,0.0,0.15562914311885834,0.4548013210296631,0.5597681999206543,0.34503310918807983,0.07454046607017517,0.07235026359558105,0.08334366232156754,0.14243125915527344,0.15711326897144318,0.12463868409395218,0.8800245523452759,0.1676069051027298,0.481528639793396,0.5896269083023071,0.36742493510246277,0.07964972406625748,0.07760807126760483,0.08971340209245682,0.15183623135089874,0.16695310175418854,0.13332012295722961,0.03473491966724396,0.18464352190494537,0.2577696740627289,0.11882998794317245,0.019050357863307,0.04743080958724022,0.057690661400556564,0.036971691995859146
145,,7007,,,,,,,,,,,,,,,,,,,,,,,,,,,,,,,,,,,,,,,,,,,,,,,,,,3.175630807876587,,,,,,,,,,,,,,,,,,,,,,,,,,,,,,,,,,,,,,,,,,,,,,,,,,
,1e-05,7049,,,,,,,,,,,,,,,,,,,,,,,,,,,,,,,,,,,,,,,,,,,,,,,,,,,,,,,,,,,,,,,,,,,,,,,,,,,,,,,,,,,,,,,,,,,,,,,,,,,,
146,,7049,,,,,,,,,,,,,,,,,,,,,,,,,,,,,,,,,,,,,,,,,,,,,,,,,,,3.308018684387207,,,,,,,,,,,,,,,,,,,,,,,,,,,,,,,,,,,,,,,,,,,,,,,,,
146,,7055,,,,,,,,,,,,,,,,,,,,,,,,,,,,,,,,,,,,,,,,,,,,,,,,,,,,0.8614206314086914,0.6740546822547913,0.03486238420009613,0.18532110750675201,0.25871559977531433,0.11926605552434921,0.022970477119088173,0.019282495602965355,0.01906181126832962,0.04757670313119888,0.057876694947481155,0.037062302231788635,0.0,0.0,0.0,0.0,0.0,0.0,0.0,0.0,0.1554635763168335,0.45463576912879944,0.5600993633270264,0.34470200538635254,0.07436519861221313,0.07217664271593094,0.08313951641321182,0.14229148626327515,0.15704119205474854,0.12446335703134537,0.880003809928894,0.16742493212223053,0.48134666681289673,0.5899909138679504,0.36706095933914185,0.07946258038282394,0.07742273062467575,0.08949481695890427,0.15168538689613342,0.1668764054775238,0.13313187658786774,0.03473491966724396,0.18464352190494537,0.2577696740627289,0.11882998794317245,0.018992116674780846,0.047402746975421906,0.057665079832077026,0.03692679479718208
146,,7055,,,,,,,,,,,,,,,,,,,,,,,,,,,,,,,,,,,,,,,,,,,,,,,,,,3.1748406887054443,,,,,,,,,,,,,,,,,,,,,,,,,,,,,,,,,,,,,,,,,,,,,,,,,,
,1e-05,7099,,,,,,,,,,,,,,,,,,,,,,,,,,,,,,,,,,,,,,,,,,,,,,,,,,,,,,,,,,,,,,,,,,,,,,,,,,,,,,,,,,,,,,,,,,,,,,,,,,,,
147,,7099,,,,,,,,,,,,,,,,,,,,,,,,,,,,,,,,,,,,,,,,,,,,,,,,,,,3.163252353668213,,,,,,,,,,,,,,,,,,,,,,,,,,,,,,,,,,,,,,,,,,,,,,,,,
147,,7103,,,,,,,,,,,,,,,,,,,,,,,,,,,,,,,,,,,,,,,,,,,,,,,,,,,,0.8614000678062439,0.6742860674858093,0.038532111793756485,0.18532110750675201,0.26055046916007996,0.11926605552434921,0.022990848869085312,0.019311996176838875,0.020122598856687546,0.047597967088222504,0.05813415348529816,0.03708870708942413,0.0,0.0,0.0,0.0,0.0,0.0,0.0,0.0,0.15612582862377167,0.4544702172279358,0.5602648854255676,0.34619206190109253,0.074122853577137,0.07193511724472046,0.0831756666302681,0.14208607375621796,0.15687906742095947,0.12454531341791153,0.8799581527709961,0.16778889298439026,0.48116469383239746,0.5899909138679504,0.3686988055706024,0.07919417321681976,0.07715433090925217,0.0894293338060379,0.15145748853683472,0.1666726917028427,0.13321934640407562,0.038391225039958954,0.18464352190494537,0.2595978081226349,0.11882998794317245,0.020049024373292923,0.04742393270134926,0.057921599596738815,0.03695309907197952
147,,7103,,,,,,,,,,,,,,,,,,,,,,,,,,,,,,,,,,,,,,,,,,,,,,,,,,3.1757328510284424,,,,,,,,,,,,,,,,,,,,,,,,,,,,,,,,,,,,,,,,,,,,,,,,,,
,1e-05,7149,,,,,,,,,,,,,,,,,,,,,,,,,,,,,,,,,,,,,,,,,,,,,,,,,,,,,,,,,,,,,,,,,,,,,,,,,,,,,,,,,,,,,,,,,,,,,,,,,,,,
148,,7149,,,,,,,,,,,,,,,,,,,,,,,,,,,,,,,,,,,,,,,,,,,,,,,,,,,3.261368751525879,,,,,,,,,,,,,,,,,,,,,,,,,,,,,,,,,,,,,,,,,,,,,,,,,
148,,7151,,,,,,,,,,,,,,,,,,,,,,,,,,,,,,,,,,,,,,,,,,,,,,,,,,,,0.861382782459259,0.6738196611404419,0.03669724613428116,0.18532110750675201,0.25871559977531433,0.11926605552434921,0.022828245535492897,0.01914026401937008,0.019458862021565437,0.04750613495707512,0.05781108886003494,0.03698425367474556,0.0,0.0,0.0,0.0,0.0,0.0,0.0,0.0,0.15596026182174683,0.45463576912879944,0.5612583160400391,0.3460265100002289,0.07428672909736633,0.07210393249988556,0.08322446793317795,0.14221911132335663,0.15711772441864014,0.12462158501148224,0.8799854516983032,0.16778889298439026,0.48134666681289673,0.5912647843360901,0.36851683259010315,0.07939042896032333,0.07735691964626312,0.08954880386590958,0.15161283314228058,0.16696706414222717,0.13331353664398193,0.036563072353601456,0.18464352190494537,0.2577696740627289,0.11882998794317245,0.019387714564800262,0.04733243212103844,0.057599715888500214,0.03684902563691139
148,,7151,,,,,,,,,,,,,,,,,,,,,,,,,,,,,,,,,,,,,,,,,,,,,,,,,,3.175189733505249,,,,,,,,,,,,,,,,,,,,,,,,,,,,,,,,,,,,,,,,,,,,,,,,,,
,1e-05,7199,,,,,,,,,,,,,,,,,,,,,,,,,,,,,,,,,,,,,,,,,,,,,,,,,,,,,,,,,,,,,,,,,,,,,,,,,,,,,,,,,,,,,,,,,,,,,,,,,,,,
149,,7199,,,,,,,,,,,,,,,,,,,,,,,,,,,,,,,,,,,,,,,,,,,,,,,,,,,3.1204795837402344,,,,,,,,,,,,,,,,,,,,,,,,,,,,,,,,,,,,,,,,,,,,,,,,,
149,,7199,,,,,,,,,,,,,,,,,,,,,,,,,,,,,,,,,,,,,,,,,,,,,,,,,,,,0.861353874206543,0.6739387512207031,0.03486238420009613,0.18532110750675201,0.26055046916007996,0.11926605552434921,0.023052481934428215,0.019373629242181778,0.019120266661047935,0.047654010355472565,0.058193352073431015,0.03713721036911011,0.0,0.0,0.0,0.0,0.0,0.0,0.0,0.0,0.1554635763168335,0.4541390836238861,0.561092734336853,0.3463576138019562,0.07451529055833817,0.07233166694641113,0.08327176421880722,0.14231687784194946,0.1572721302509308,0.1248498409986496,0.8799418210983276,0.16742493212223053,0.48080071806907654,0.5909007787704468,0.3688808083534241,0.07961942255496979,0.07758410274982452,0.08963437378406525,0.15170563757419586,0.16709886491298676,0.1335492581129074,0.03473491966724396,0.18464352190494537,0.2595978081226349,0.11882998794317245,0.019050357863307,0.0474797748029232,0.057980574667453766,0.03700142353773117
149,,7199,,,,,,,,,,,,,,,,,,,,,,,,,,,,,,,,,,,,,,,,,,,,,,,,,,3.1756575107574463,,,,,,,,,,,,,,,,,,,,,,,,,,,,,,,,,,,,,,,,,,,,,,,,,,
150,,7247,,,,,,,,,,,,,,,,,,,,,,,,,,,,,,,,,,,,,,,,,,,,,,,,,,,,0.8613609671592712,0.6738193035125732,0.03669724613428116,0.18715596199035645,0.26055046916007996,0.11926605552434921,0.022798139601945877,0.01911928690969944,0.019432375207543373,0.04773711413145065,0.058006931096315384,0.03695756196975708,0.0,0.0,0.0,0.0,0.0,0.0,0.0,0.0,0.1562913954257965,0.4548013210296631,0.560927152633667,0.3463576138019562,0.07433342933654785,0.07214898616075516,0.0833791196346283,0.1422901153564453,0.15711981058120728,0.12472783029079437,0.8799615502357483,0.16815286874771118,0.48134666681289673,0.5907188057899475,0.3688808083534241,0.07944474369287491,0.07740852981805801,0.08972141891717911,0.15166796743869781,0.16694991290569305,0.13343296945095062,0.036563072353601456,0.18647167086601257,0.2595978081226349,0.11882998794317245,0.019361326470971107,0.04756257310509682,0.05779484286904335,0.03682243824005127
150,,7247,,,,,,,,,,,,,,,,,,,,,,,,,,,,,,,,,,,,,,,,,,,,,,,,,,3.1746280193328857,,,,,,,,,,,,,,,,,,,,,,,,,,,,,,,,,,,,,,,,,,,,,,,,,,
,1.0000000000000002e-06,7249,,,,,,,,,,,,,,,,,,,,,,,,,,,,,,,,,,,,,,,,,,,,,,,,,,,,,,,,,,,,,,,,,,,,,,,,,,,,,,,,,,,,,,,,,,,,,,,,,,,,
151,,7249,,,,,,,,,,,,,,,,,,,,,,,,,,,,,,,,,,,,,,,,,,,,,,,,,,,3.1136770248413086,,,,,,,,,,,,,,,,,,,,,,,,,,,,,,,,,,,,,,,,,,,,,,,,,
151,,7295,,,,,,,,,,,,,,,,,,,,,,,,,,,,,,,,,,,,,,,,,,,,,,,,,,,,0.8613534569740295,0.6738776564598083,0.03669724613428116,0.18715596199035645,0.26055046916007996,0.11926605552434921,0.022790541872382164,0.019111689180135727,0.019432375207543373,0.047723978757858276,0.05799330398440361,0.03694837540388107,0.0,0.0,0.0,0.0,0.0,0.0,0.0,0.0,0.15596026182174683,0.45463576912879944,0.561092734336853,0.3463576138019562,0.074289970099926,0.07210636138916016,0.0832507535815239,0.1422240287065506,0.15710075199604034,0.1246863454580307,0.8799474835395813,0.16778889298439026,0.48116469383239746,0.5909007787704468,0.3688808083534241,0.07939773797988892,0.07736241817474365,0.08958031982183456,0.15159662067890167,0.16693033277988434,0.13338828086853027,0.036563072353601456,0.18647167086601257,0.2595978081226349,0.11882998794317245,0.019361326470971107,0.04754948616027832,0.05778126046061516,0.03681328147649765
151,,7295,,,,,,,,,,,,,,,,,,,,,,,,,,,,,,,,,,,,,,,,,,,,,,,,,,3.1726222038269043,,,,,,,,,,,,,,,,,,,,,,,,,,,,,,,,,,,,,,,,,,,,,,,,,,
,1.0000000000000002e-06,7299,,,,,,,,,,,,,,,,,,,,,,,,,,,,,,,,,,,,,,,,,,,,,,,,,,,,,,,,,,,,,,,,,,,,,,,,,,,,,,,,,,,,,,,,,,,,,,,,,,,,
152,,7299,,,,,,,,,,,,,,,,,,,,,,,,,,,,,,,,,,,,,,,,,,,,,,,,,,,3.197779417037964,,,,,,,,,,,,,,,,,,,,,,,,,,,,,,,,,,,,,,,,,,,,,,,,,
152,,7343,,,,,,,,,,,,,,,,,,,,,,,,,,,,,,,,,,,,,,,,,,,,,,,,,,,,0.8613619208335876,0.6738866567611694,0.03669724613428116,0.18715596199035645,0.26055046916007996,0.11926605552434921,0.02279265783727169,0.019113805145025253,0.019432375207543373,0.047728605568408966,0.05799776688218117,0.03695066645741463,0.0,0.0,0.0,0.0,0.0,0.0,0.0,0.0,0.15612582862377167,0.4548013210296631,0.561092734336853,0.3463576138019562,0.07423541694879532,0.07205179333686829,0.08325296640396118,0.1422145813703537,0.15706728398799896,0.12465127557516098,0.8799559473991394,0.16797088086605072,0.48134666681289673,0.5909007787704468,0.3688808083534241,0.07933755964040756,0.0773022398352623,0.08958275616168976,0.15158580243587494,0.1668931096792221,0.1333494931459427,0.036563072353601456,0.18647167086601257,0.2595978081226349,0.11882998794317245,0.019361326470971107,0.04755409434437752,0.05778571218252182,0.036815568804740906
152,,7343,,,,,,,,,,,,,,,,,,,,,,,,,,,,,,,,,,,,,,,,,,,,,,,,,,3.174328327178955,,,,,,,,,,,,,,,,,,,,,,,,,,,,,,,,,,,,,,,,,,,,,,,,,,
,1.0000000000000002e-06,7349,,,,,,,,,,,,,,,,,,,,,,,,,,,,,,,,,,,,,,,,,,,,,,,,,,,,,,,,,,,,,,,,,,,,,,,,,,,,,,,,,,,,,,,,,,,,,,,,,,,,
153,,7349,,,,,,,,,,,,,,,,,,,,,,,,,,,,,,,,,,,,,,,,,,,,,,,,,,,3.140953540802002,,,,,,,,,,,,,,,,,,,,,,,,,,,,,,,,,,,,,,,,,,,,,,,,,
153,,7391,,,,,,,,,,,,,,,,,,,,,,,,,,,,,,,,,,,,,,,,,,,,,,,,,,,,0.8613617420196533,0.6738541126251221,0.03669724613428116,0.18715596199035645,0.26055046916007996,0.11926605552434921,0.022791188210248947,0.01911233738064766,0.019432375207543373,0.047725364565849304,0.05799468979239464,0.03694837540388107,0.0,0.0,0.0,0.0,0.0,0.0,0.0,0.0,0.15596026182174683,0.45463576912879944,0.560761570930481,0.3460265100002289,0.07414127886295319,0.07195601612329483,0.0831359326839447,0.14211858808994293,0.15695255994796753,0.12452153116464615,0.8799589276313782,0.16778889298439026,0.48116469383239746,0.5905368328094482,0.36851683259010315,0.07923424243927002,0.0771971046924591,0.08945411443710327,0.15148058533668518,0.16676729917526245,0.13320714235305786,0.036563072353601456,0.18647167086601257,0.2595978081226349,0.11882998794317245,0.019361326470971107,0.04755086824297905,0.05778264254331589,0.03681328147649765
153,,7391,,,,,,,,,,,,,,,,,,,,,,,,,,,,,,,,,,,,,,,,,,,,,,,,,,3.17410945892334,,,,,,,,,,,,,,,,,,,,,,,,,,,,,,,,,,,,,,,,,,,,,,,,,,
,1.0000000000000002e-06,7399,,,,,,,,,,,,,,,,,,,,,,,,,,,,,,,,,,,,,,,,,,,,,,,,,,,,,,,,,,,,,,,,,,,,,,,,,,,,,,,,,,,,,,,,,,,,,,,,,,,,
154,,7399,,,,,,,,,,,,,,,,,,,,,,,,,,,,,,,,,,,,,,,,,,,,,,,,,,,3.1974799633026123,,,,,,,,,,,,,,,,,,,,,,,,,,,,,,,,,,,,,,,,,,,,,,,,,
154,,7439,,,,,,,,,,,,,,,,,,,,,,,,,,,,,,,,,,,,,,,,,,,,,,,,,,,,0.8613766431808472,0.6738741397857666,0.03669724613428116,0.18715596199035645,0.26055046916007996,0.11926605552434921,0.022789280861616135,0.019110430032014847,0.019432375207543373,0.04772544652223587,0.05799313634634018,0.03694615885615349,0.0,0.0,0.0,0.0,0.0,0.0,0.0,0.0,0.15596026182174683,0.45463576912879944,0.560927152633667,0.3465231955051422,0.0741361603140831,0.0719517171382904,0.08313409239053726,0.1421167254447937,0.15697261691093445,0.12460709363222122,0.8799732327461243,0.16778889298439026,0.48116469383239746,0.5907188057899475,0.36906278133392334,0.07922879606485367,0.07719257473945618,0.0894520953297615,0.15147854387760162,0.16678951680660248,0.13330139219760895,0.036563072353601456,0.18647167086601257,0.2595978081226349,0.11882998794317245,0.019361326470971107,0.047550950199365616,0.057781096547842026,0.03681107610464096
154,,7439,,,,,,,,,,,,,,,,,,,,,,,,,,,,,,,,,,,,,,,,,,,,,,,,,,3.1751441955566406,,,,,,,,,,,,,,,,,,,,,,,,,,,,,,,,,,,,,,,,,,,,,,,,,,
,1.0000000000000002e-06,7449,,,,,,,,,,,,,,,,,,,,,,,,,,,,,,,,,,,,,,,,,,,,,,,,,,,,,,,,,,,,,,,,,,,,,,,,,,,,,,,,,,,,,,,,,,,,,,,,,,,,
155,,7449,,,,,,,,,,,,,,,,,,,,,,,,,,,,,,,,,,,,,,,,,,,,,,,,,,,3.21161150932312,,,,,,,,,,,,,,,,,,,,,,,,,,,,,,,,,,,,,,,,,,,,,,,,,
155,,7487,,,,,,,,,,,,,,,,,,,,,,,,,,,,,,,,,,,,,,,,,,,,,,,,,,,,0.8613694310188293,0.6738762855529785,0.03669724613428116,0.18715596199035645,0.26055046916007996,0.11926605552434921,0.022794881835579872,0.019116027280688286,0.019432375207543373,0.04773573577404022,0.058001670986413956,0.03695244714617729,0.0,0.0,0.0,0.0,0.0,0.0,0.0,0.0,0.15579470992088318,0.45430463552474976,0.5600993633270264,0.3463576138019562,0.07404348999261856,0.07185493409633636,0.08301787823438644,0.14199578762054443,0.15679356455802917,0.12450699508190155,0.8799652457237244,0.1676069051027298,0.48080071806907654,0.5898088812828064,0.3688808083534241,0.07912637293338776,0.07708562165498734,0.08932434767484665,0.15134461224079132,0.1665918529033661,0.13319075107574463,0.036563072353601456,0.18647167086601257,0.2595978081226349,0.11882998794317245,0.019361326470971107,0.04756120219826698,0.057789601385593414,0.036817338317632675
155,,7487,,,,,,,,,,,,,,,,,,,,,,,,,,,,,,,,,,,,,,,,,,,,,,,,,,3.175374746322632,,,,,,,,,,,,,,,,,,,,,,,,,,,,,,,,,,,,,,,,,,,,,,,,,,
,1.0000000000000002e-06,7499,,,,,,,,,,,,,,,,,,,,,,,,,,,,,,,,,,,,,,,,,,,,,,,,,,,,,,,,,,,,,,,,,,,,,,,,,,,,,,,,,,,,,,,,,,,,,,,,,,,,
156,,7499,,,,,,,,,,,,,,,,,,,,,,,,,,,,,,,,,,,,,,,,,,,,,,,,,,,3.1339688301086426,,,,,,,,,,,,,,,,,,,,,,,,,,,,,,,,,,,,,,,,,,,,,,,,,
156,,7535,,,,,,,,,,,,,,,,,,,,,,,,,,,,,,,,,,,,,,,,,,,,,,,,,,,,0.861375093460083,0.6739227771759033,0.03486238420009613,0.18532110750675201,0.26055046916007996,0.11926605552434921,0.022758550941944122,0.019079698249697685,0.018880028277635574,0.047422416508197784,0.05796322226524353,0.03691183030605316,0.0,0.0,0.0,0.0,0.0,0.0,0.0,0.0,0.15579470992088318,0.4541390836238861,0.5604304671287537,0.34619206190109253,0.07403113692998886,0.07184422761201859,0.08300148695707321,0.14196011424064636,0.15682631731033325,0.12446659058332443,0.8799667954444885,0.16778889298439026,0.48080071806907654,0.5901728868484497,0.3686988055706024,0.07911640405654907,0.0770774707198143,0.08936112374067307,0.1513364613056183,0.16663165390491486,0.1331503689289093,0.03473491966724396,0.18464352190494537,0.2595978081226349,0.11882998794317245,0.018810998648405075,0.04724903032183647,0.05775129795074463,0.03677687048912048
156,,7535,,,,,,,,,,,,,,,,,,,,,,,,,,,,,,,,,,,,,,,,,,,,,,,,,,3.172429323196411,,,,,,,,,,,,,,,,,,,,,,,,,,,,,,,,,,,,,,,,,,,,,,,,,,
,1.0000000000000002e-06,7549,,,,,,,,,,,,,,,,,,,,,,,,,,,,,,,,,,,,,,,,,,,,,,,,,,,,,,,,,,,,,,,,,,,,,,,,,,,,,,,,,,,,,,,,,,,,,,,,,,,,
157,,7549,,,,,,,,,,,,,,,,,,,,,,,,,,,,,,,,,,,,,,,,,,,,,,,,,,,3.243156909942627,,,,,,,,,,,,,,,,,,,,,,,,,,,,,,,,,,,,,,,,,,,,,,,,,
157,,7583,,,,,,,,,,,,,,,,,,,,,,,,,,,,,,,,,,,,,,,,,,,,,,,,,,,,0.8613832592964172,0.6738895773887634,0.03486238420009613,0.18532110750675201,0.26055046916007996,0.11926605552434921,0.022777505218982697,0.01909865252673626,0.01890198327600956,0.04744122922420502,0.05798206105828285,0.036931492388248444,0.0,0.0,0.0,0.0,0.0,0.0,0.0,0.0,0.15579470992088318,0.45397353172302246,0.560927152633667,0.3463576138019562,0.07415661215782166,0.07197216898202896,0.08310063183307648,0.1420331597328186,0.1569889783859253,0.12459355592727661,0.8799789547920227,0.16778889298439026,0.48061874508857727,0.5907188057899475,0.3688808083534241,0.0792524442076683,0.07721621543169022,0.08946791291236877,0.1514148861169815,0.1668085753917694,0.1332879662513733,0.03473491966724396,0.18464352190494537,0.2595978081226349,0.11882998794317245,0.018832871690392494,0.047267768532037735,0.05777005851268768,0.036796458065509796
157,,7583,,,,,,,,,,,,,,,,,,,,,,,,,,,,,,,,,,,,,,,,,,,,,,,,,,3.1747539043426514,,,,,,,,,,,,,,,,,,,,,,,,,,,,,,,,,,,,,,,,,,,,,,,,,,
,1.0000000000000002e-06,7599,,,,,,,,,,,,,,,,,,,,,,,,,,,,,,,,,,,,,,,,,,,,,,,,,,,,,,,,,,,,,,,,,,,,,,,,,,,,,,,,,,,,,,,,,,,,,,,,,,,,
158,,7599,,,,,,,,,,,,,,,,,,,,,,,,,,,,,,,,,,,,,,,,,,,,,,,,,,,3.1867353916168213,,,,,,,,,,,,,,,,,,,,,,,,,,,,,,,,,,,,,,,,,,,,,,,,,
158,,7631,,,,,,,,,,,,,,,,,,,,,,,,,,,,,,,,,,,,,,,,,,,,,,,,,,,,0.8613786101341248,0.6738800406455994,0.03486238420009613,0.18532110750675201,0.26055046916007996,0.11926605552434921,0.022778186947107315,0.019099334254860878,0.01890651509165764,0.047440577298402786,0.05797871574759483,0.036932118237018585,0.0,0.0,0.0,0.0,0.0,0.0,0.0,0.0,0.15596026182174683,0.45430463552474976,0.560761570930481,0.3463576138019562,0.07418352365493774,0.07199825346469879,0.0831676796078682,0.14210781455039978,0.15699292719364166,0.12461946159601212,0.8799749612808228,0.16797088086605072,0.4809826910495758,0.5905368328094482,0.3688808083534241,0.07928195595741272,0.0772448256611824,0.08954117447137833,0.1514970064163208,0.16681325435638428,0.13331639766693115,0.03473491966724396,0.18464352190494537,0.2595978081226349,0.11882998794317245,0.01883738674223423,0.047267116606235504,0.05776672810316086,0.036797087639570236
158,,7631,,,,,,,,,,,,,,,,,,,,,,,,,,,,,,,,,,,,,,,,,,,,,,,,,,3.1739022731781006,,,,,,,,,,,,,,,,,,,,,,,,,,,,,,,,,,,,,,,,,,,,,,,,,,
,1.0000000000000002e-06,7649,,,,,,,,,,,,,,,,,,,,,,,,,,,,,,,,,,,,,,,,,,,,,,,,,,,,,,,,,,,,,,,,,,,,,,,,,,,,,,,,,,,,,,,,,,,,,,,,,,,,
159,,7649,,,,,,,,,,,,,,,,,,,,,,,,,,,,,,,,,,,,,,,,,,,,,,,,,,,3.2304320335388184,,,,,,,,,,,,,,,,,,,,,,,,,,,,,,,,,,,,,,,,,,,,,,,,,
159,,7679,,,,,,,,,,,,,,,,,,,,,,,,,,,,,,,,,,,,,,,,,,,,,,,,,,,,0.8613777756690979,0.6738888025283813,0.03486238420009613,0.18532110750675201,0.26055046916007996,0.11926605552434921,0.02275305986404419,0.019074207171797752,0.018880028277635574,0.047414734959602356,0.05795295163989067,0.03690563142299652,0.0,0.0,0.0,0.0,0.0,0.0,0.0,0.0,0.15579470992088318,0.4541390836238861,0.5605960488319397,0.34619206190109253,0.07405855506658554,0.07187246531248093,0.08302120119333267,0.14198632538318634,0.15687532722949982,0.12449239939451218,0.8799730539321899,0.16778889298439026,0.48080071806907654,0.590354859828949,0.3686988055706024,0.07914707809686661,0.07710904628038406,0.08938279002904892,0.15136604011058807,0.166686549782753,0.13317935168743134,0.03473491966724396,0.18464352190494537,0.2595978081226349,0.11882998794317245,0.018810998648405075,0.047241371124982834,0.057741060853004456,0.03677069768309593
159,,7679,,,,,,,,,,,,,,,,,,,,,,,,,,,,,,,,,,,,,,,,,,,,,,,,,,3.17695951461792,,,,,,,,,,,,,,,,,,,,,,,,,,,,,,,,,,,,,,,,,,,,,,,,,,
160,,7680,0.8614442348480225,0.6743472218513489,0.03669724613428116,0.18532110750675201,0.25871559977531433,0.11926605552434921,0.023523785173892975,0.019835805520415306,0.01997292973101139,0.04794445261359215,0.058236557990312576,0.03746099770069122,0.0,0.0,0.0,0.0,0.0,0.0,0.0,0.0,0.15612582862377167,0.45513245463371277,0.5597681999206543,0.3453642427921295,0.07456061244010925,0.07237040251493454,0.0835203304886818,0.14251595735549927,0.15714772045612335,0.1247253343462944,0.880000650882721,0.16797088086605072,0.4818926155567169,0.5896269083023071,0.3677888810634613,0.07962249219417572,0.07758083939552307,0.08982302993535995,0.1518956571817398,0.166957825422287,0.13338029384613037,0.036563072353601456,0.18464352190494537,0.2577696740627289,0.11882998794317245,0.019899902865290642,0.047769155353307724,0.05802362412214279,0.037324029952287674,,,,,,,,,,,,,,,,,,,,,,,,,,,,,,,,,,,,,,,,,,,,,,,,,,,
